file,word,context,suggestions,confidence,rule_id
2015-07-03-samyy-svezhiy-obhor-d3view.md:title,обхор,Самый свежий обхор d3VIEW 😊,обход | обжор | обзор | об хор | об-хор,LOW,SPELLING
2015-07-03-samyy-svezhiy-obhor-d3view.md:body,обхор,"Самый свежий обхор d3VIEW 😊
Август 2010",обход | обжор | обзор | об хор | об-хор,LOW,SPELLING
2015-07-10-na-temu-modnogo-trendabazvorda-importo.md:title,тренда,"На тему модного тренда/базворда ""импортозамещение"": существуют отечественные великие и ужасные пакет",аренда | терна | торена | тренаж | стенда,LOW,SPELLING
2015-07-10-na-temu-modnogo-trendabazvorda-importo.md:title,базворда,"На тему модного тренда/базворда ""импортозамещение"": существуют отечественные великие и ужасные пакет",развода | развод | разводах | разводам | разводе,LOW,SPELLING
2015-07-11-nakonets-u-menya-poyavilsya-shans-zarabotat.md:title,Хабре,Наконец у меня появился шанс заработать инвайт на великом и ужасном Хабре!,Хабаре | Харе | Жабре,LOW,SPELLING
2015-07-13-askon-razrabotchik-ochen-neplohogo-cad-a.md:title,КОМПАС-3D,"АСКОН, разработчик очень неплохого CAD-a КОМПАС-3D, совместно с 3Dconnexion, дочерней компанией Logi",КОМПАС | КОМПАСА | КОМПАСЕ | КОМПАСУ | КОМПАСЫ,LOW,SPELLING
2015-07-13-askon-razrabotchik-ochen-neplohogo-cad-a.md:body,Супермышь,"Конкурс уже начался, и работы принимаются до 1 августа. Одним из призов и будет манипулятор. С участ",Супер мышь | Супер-мышь,LOW,SPELLING
2015-07-15-postaralsya-otkinut-snobizm-vyzvannyy-m.md:body,софта,"Даже смог посмотреть битый вебинар. Получилось примерно следующее:

- Сетку построили прямо скажем н",софита | софа | кофта | сорта | соф та,LOW,SPELLING
2015-07-16-altair-na-etoy-nedele-v-udare-oni-ne-to.md:body,софт,"Они не только запустили проект с AWS, но и реализовали свой софт для работы с облаком Microsoft Azur",софит | соф | сот | кофт | софа,LOW,SPELLING
2015-07-16-nebolshoy-no-ochen-interesnyy-obzor-dev.md:title,Дэвида,"Небольшой, но очень интересный обзор Дэвида Бенсона (David J.",Давида | Вида | Твида | Эгида | Давид,LOW,SPELLING
2015-07-16-nebolshoy-no-ochen-interesnyy-obzor-dev.md:title,Бенсона,"Небольшой, но очень интересный обзор Дэвида Бенсона (David J.",Безансона | Бензоина | Пенсиона | Басона | Бекона,LOW,SPELLING
2015-07-16-nebolshoy-no-ochen-interesnyy-obzor-dev.md:body,решателям,Benson) посвященный истории становления моей любимой LS-DYNA. Было бы интересно собрать коллекцию по,вешателям | решат елям | решат-елям | вешателями | вешателя,LOW,SPELLING
2015-07-17-eto-byl-by-standartnyy-marketing-on-ansy.md:body,селфи,В первых минутах видео пара делает странное селфи ... на втором этаже Невской линии Большого Гостино,сели | сел фи | сел-фи | если | секли,LOW,SPELLING
2015-07-17-eto-byl-by-standartnyy-marketing-on-ansy.md:body,Во-первых,В первых минутах видео пара делает странное селфи ... на втором этаже Невской линии Большого Гостино,Первых | Оперных | Опертых | Волевых | Впертых,LOW,SPELLING
2015-07-17-eto-byl-by-standartnyy-marketing-on-ansy.md:body,селфи,В первых минутах видео пара делает странное селфи ... на втором этаже Невской линии Большого Гостино,сели | сел фи | сел-фи | если | секли,LOW,SPELLING
2015-07-17-eto-byl-by-standartnyy-marketing-on-ansy.md:body,Во-вторых,В первых минутах видео пара делает странное селфи ... на втором этаже Невской линии Большого Гостино,Повторных | Которых | Повторный | Который,LOW,SPELLING
2015-07-17-eto-byl-by-standartnyy-marketing-on-ansy.md:body,тольк,В первых минутах видео пара делает странное селфи ... на втором этаже Невской линии Большого Гостино,только | толк | толь | тальк | толок,LOW,SPELLING
2015-07-17-vse-taki-tosca-samyy-krutoy-optimizato.md:title,морфер,Все таки TOSCA - самый крутой оптимизатор топологии и морфер для поверхности тела.,морфе | морфем | морф ер | морф-ер | море,LOW,SPELLING
2015-07-18-vse-chto-vy-hoteli-sdelat-s-elektrondvi.md:title,электрондвигателем,"Все, что вы хотели сделать с электрондвигателем, но боялись в этом признаться.",электродвигателем | электрон двигателем | электрон-двигателем | электродвигателе | электродвигатель,LOW,SPELLING
2015-07-20-nu-i-samaya-interesnaya-seychas-na-moy-vzg.md:body,демо,"Да, конечно решатели и сеткопостроители COMSOL больше подходят для академической и научной среды, че",демон | дело | депо | немо | семо,LOW,SPELLING
2015-07-21-i-esche-odin-vendor-proizvodyaschiy-soft-dlya.md:title,вендор,"И еще один вендор, производящий софт для топологической оптимизации - компания  solidThinking. Они о",ведро | военкор | Виндзор | тенор | ведер,LOW,SPELLING
2015-07-21-i-esche-odin-vendor-proizvodyaschiy-soft-dlya.md:title,софт,"И еще один вендор, производящий софт для топологической оптимизации - компания  solidThinking. Они о",софит | соф | сот | кофт | софа,LOW,SPELLING
2015-07-21-i-esche-odin-vendor-proizvodyaschiy-soft-dlya.md:body,первии,"Завтра у них стартует серия вебинаров по обновленной первии ПО. Надо постараться посмотреть.
 

 sol",вервии | Персии | церии,LOW,SPELLING
2015-07-22-neplohaya-publikatsiya-na-temu-ansys-aim-t.md:body,бесшовностью,"Продукт весьма любопытен своей бесшовностью при решении междисциплинарных задач. Хотя тот факт, что ",бескровностью | бесхозностью | бесшумностью | бескровность | бесхозность,LOW,SPELLING
2015-07-22-sovershenno-sluchayno-natknulsya-na-arhiv-m.md:title,краш,Совершенно случайно наткнулся на архив моделей автомобилей подготовленных для расчетов краш текстов ,краше | крашу | каш | краю | краб,LOW,SPELLING
2015-07-23-kompaniya-beta-cae-vykatila-mazhornuyu-vers.md:title,построцессора,Компания BETA CAE выкатила мажорную версию своего построцессора µETA.,постпроцессора | постпроцессорах | постпроцессорам | постпроцессор | постпроцессоре,LOW,SPELLING
2015-07-23-kompaniya-beta-cae-vykatila-mazhornuyu-vers.md:body,Софт,"Софт очень суровый, но и очень мощный. Я даже видел пару раз в живую, какие чудеса он умеет творить ",Софит | Соф | Сот | Кофт | Софа,LOW,SPELLING
2015-07-23-nekotorym-lyudyam-mala-270+-shablonov-mater.md:title,заложеных,Некоторым людям мала 270+ шаблонов материалов заложеных а LS-DYNA.,заложенных | заложены | наложенных,LOW,SPELLING
2015-07-23-nekotorym-lyudyam-mala-270+-shablonov-mater.md:body,мануала,Для них существует Fortran и пользовательские материалы. Всем начинающим этот нелегкий путь рекоменд,мангала | махнула | макнула | мазнула | мангалах,LOW,SPELLING
2015-07-24-uvlekatelnoe-chtivo-na-vyhodnye-kompani.md:body,софтом,"Компания ESI, знаменитая своим софтом моделирования процессов метало обработки, сварки и литья выпус",софитом | сотом | сортом | соф том | соф-том,LOW,SPELLING
2015-07-27-pohozhe-grekam-malo-imet-v-svoem-rasporya.md:title,пре,Похоже грекам мало иметь в своем распоряжении одни из лучших средств для пре/постпроцессинга.,пер | пюре | паре | пере | пире,LOW,SPELLING
2015-07-27-s-udivleniem-dlya-sebya-ya-vse-chasche-zamechayu.md:body,обзорчик,"Пока вот небольшой обзорчик консалтинга на эту тему. Позднее посмотрим, какие задачи можно решать да",обзор чик | обзор-чик | озорник | узорчик | обходчик,LOW,SPELLING
2015-07-29-msc-software-segodnya-zapustila-svoyu-sist.md:body,чем-то,"Система чем-то напоминает Adobe Creative Cloud, но для CAE. Вы подписываетесь на пул виртуальных жет",четно | четою | четой | четок | чебот,LOW,SPELLING
2015-07-29-msc-software-segodnya-zapustila-svoyu-sist.md:body,cвою,"Система чем-то напоминает Adobe Creative Cloud, но для CAE. Вы подписываетесь на пул виртуальных жет",вою | хвою | ивою | свою | твою,LOW,SPELLING
2015-07-31-statya-o-trudnostyah-proektirovaniya-avtom.md:title,софта,Статья о трудностях проектирования автомобильных кресел при помощи софта от ESI.,софита | софа | кофта | сорта | соф та,LOW,SPELLING
2015-07-31-statya-o-trudnostyah-proektirovaniya-avtom.md:body,вендор,"Особо рекомендую сходить на сайт вендор и ознакомится с материалами.

 Driving by the Seat of Your P",ведро | военкор | Виндзор | тенор | ведер,LOW,SPELLING
2015-07-31-vy-lyubite-pisat-otchety-net-nu-chestno.md:body,что-то,"Нет, ну честно, кто любит писать отчеты? Специально для нас всех у Altair есть Automated Reporting D",ото | тот | что | фото | лото,LOW,SPELLING
2015-08-03-polygonica-poobeschala-chto-v-novom-relize.md:title,софта,"Polygonica пообещала, что в новом релизе своего софта они смогут на основе анализа STL моделей поним",софита | софа | кофта | сорта | соф та,LOW,SPELLING
2015-08-04-dlya-vseh-zhelayuschih-s-litsenziey-stala-dost.md:title,скачивания,Для всех желающих с лицензией стала доступна для скачивания бета-версия релиза 2016 моего любимого S,скашивания | смачивания | стачивания | укачивания | вкачивания,LOW,SPELLING
2015-08-05-ms-v-bloge-rasskazyvaet-o-tom-kak-v-ih.md:title,блоге,"MS в блоге рассказывает о том, как в их Azure хорошо работает научный HPC софт благодаря RDMA.",боге | логе | благе | блохе | блоке,LOW,SPELLING
2015-08-05-ms-v-bloge-rasskazyvaet-o-tom-kak-v-ih.md:title,софт,"MS в блоге рассказывает о том, как в их Azure хорошо работает научный HPC софт благодаря RDMA.",софит | соф | сот | кофт | софа,LOW,SPELLING
2015-08-07-nakonets-vyshlo-workbench-ls-dyna-act-161.md:title,багфиксов,Наконец вышло Workbench LS-DYNA ACT 16.1. Надеюсь в будущем они научатся не отставать от релизов сам,аффиксов | аффикс | аффиксом,LOW,SPELLING
2015-08-08-poka-vydumaete-chem-zanyat-klaster-vasheg.md:title,фотореалистичную,"Пока выдумаете, чем занять кластер вашего предприятия (если таковой имеется), как туда поставить оче",фото реалистичную | фото-реалистичную,LOW,SPELLING
2015-08-08-poka-vydumaete-chem-zanyat-klaster-vasheg.md:title,физичную,"Пока выдумаете, чем занять кластер вашего предприятия (если таковой имеется), как туда поставить оче",физичку | циничную | финитную | финишную | физичкою,LOW,SPELLING
2015-08-08-poka-vydumaete-chem-zanyat-klaster-vasheg.md:body,суперкомпьютера,"!!) ему потребовалось 20 000 ядер суперкомпьютера Blue Waters, принадлежащего NCSA.

Подробнее можно",супер компьютера | супер-компьютера,LOW,SPELLING
2015-08-08-robastnoe-proektirovanie-v-comsol-mozhno.md:title,Робастное,Робастное проектирование в COMSOL?,Областное | Лобастое | Зобастое | Лопастное | Областной,LOW,SPELLING
2015-08-08-robastnoe-proektirovanie-v-comsol-mozhno.md:body,наукоемко,"Можно, но сложно. По крайней мере, мне кажется, что для решения промышленных задач слишком наукоемко",наукоемкою | наукоемкое | наукоемкой | наукоемком,LOW,SPELLING
2015-08-09-ansys-cfx-i-strukturirovannaya-setka-iz-t.md:title,завораживающе,ANSYS CFX и структурированная сетка из TwinMesh - завораживающе!,завораживающею | завораживающее | завораживающей | завораживающем | завораживающие,LOW,SPELLING
2015-08-11-lms-virtuallab-ot-siemens-chto-to-u-sie.md:body,Что-то,"Что-то у Siemens совсем скучный маркетинг на мой взгляд, хотя продукты хорошие.

LMS Virtual.Lab - A",Ото | Тот | Что | Фото | Лото,LOW,SPELLING
2015-08-12-spustya-5-mesyatsev-posle-vyhoda-ios-versii.md:title,смартфоне,Спустя 5 месяцев после выхода iOS версии облачного CAD пакета Onshape стало доступно приложение и дл,марафоне | марафон | марафона | марафону | марафоны,LOW,SPELLING
2015-08-20-ptc-prodolzhaet-rasskazyvat-vsem-pro-svo.md:body,кто-то,"Идея конечно очень хорошая, но во мне живет параноик. Ведь если кто-то обидит сервера PTC, то с них ",Киото | котом | котов | кот | кто,LOW,SPELLING
2015-08-21-est-povod-podnyat-bokaly-za-ocherednogo.md:body,пре,"На этой неделе празднует свое тридцатилетие замечательный пре/постпроцессор Femap. Жаль, что мне пок",пер | пюре | паре | пере | пире,LOW,SPELLING
2015-08-22-kompaniya-cogan-priglashaet-vseh-prinyat-u.md:title,Ларс,"Компания COGAN приглашает всех принять участие в их бесплатном вебинаре, который проведет доктор Лар",Ларис | Барс | Фарс | Ларю | Ларе,LOW,SPELLING
2015-08-22-kompaniya-cogan-priglashaet-vseh-prinyat-u.md:body,Геотехнического,"Lars Andresen), управляющий директор Геотехнического института Норвегии (Norwegian Geotechnical Inst",Гелиотехнического | Лесотехнического | Агротехнического | Биотехнического | Геотермического,LOW,SPELLING
2015-08-22-nebia-super-ekonomichnyy-dush-s-kickstar.md:body,стартаперы,"Примечательно, что проектируют его в , а гидродинамику считают в  . Оба продукта засветились в ролик",стар таперы | стар-таперы | стартеры | стартер | стартера,LOW,SPELLING
2015-08-23-esli-ochen-hochetsya-to-mozhno-poschitat-v.md:title,софте,"Если очень хочется, то можно посчитать все на бесплатном софте.",софите | софе | соте | кофте | сорте,LOW,SPELLING
2015-08-23-esli-ochen-hochetsya-to-mozhno-poschitat-v.md:body,софт,"Правда, вам надо быть очень хорошим специалистом.
Пример того, как можно минимизировать затраты на с",софит | соф | сот | кофт | софа,LOW,SPELLING
2015-08-23-esli-ochen-hochetsya-to-mozhno-poschitat-v.md:body,валидацию,"Правда, вам надо быть очень хорошим специалистом.
Пример того, как можно минимизировать затраты на с",вариацию | вальвацию | вариация | вальвация,LOW,SPELLING
2015-08-27-ochen-skuchno-pro-ochen-interesnoe-lyukso.md:title,люксовый,"Очень скучно про очень интересное: люксовый производитель яхт Glider Yachts рассказал, как они живут",люковый | ласковый | плюсовый | люковой | люковые,LOW,SPELLING
2015-08-27-ochen-skuchno-pro-ochen-interesnoe-lyukso.md:title,что-то,"Очень скучно про очень интересное: люксовый производитель яхт Glider Yachts рассказал, как они живут",ото | тот | что | фото | лото,LOW,SPELLING
2015-08-28-v-krizis-prinyato-delat-interesnye-predl.md:body,софт,"Заключите контакт на 3 года, и получите скидку 15%.

Хотите обновлять ПО Autodesk раз в три года? Да",софит | соф | сот | кофт | софа,LOW,SPELLING
2015-08-30-ya-tochno-znayu-chetyreh-chelovek-kotorye-up.md:body,Удлинненный,"Есть решение!

""Удлинненный формат"" для LS-DYNA Keyword",Удлиненный | Удлиненны | Удлиненной | Удлиненные | Удлиненных,LOW,SPELLING
2015-08-31-nemnogo-zaputano-o-samyh-pervyh-shagah-si.md:body,ещё,"Не совсем то, что я ожидал прочитать, но тоже интересно. Тема таких монстров, как CATIA, Pro/E, UX н",еще | щей | щек | щеп | лещ,LOW,SPELLING
2015-09-01-sdaem-nebolshoy-pereryv-v-cad-i-cae-lu.md:title,агенства,"Сдаем небольшой перерыв в CAD и CAE - лучше посмотрим на то, как ученые из Европейского космического",агентства | агентствах | агентствам | агентств | агента,LOW,SPELLING
2015-09-07-ansys-nikak-ne-mozhet-ostanovitsya-s-poku.md:body,базворда,"Оказывается 2 сентября ANSYS приобрел компанию Delcross Technologies, разработчика одноименного прод",развода | развод | разводах | разводам | разводе,LOW,SPELLING
2015-09-08-rocky-otlichno-demostriruet-svoyu-vozmozhn.md:title,демострирует, отлично демострирует свою возможность моделировать  с учетом формы и разрушаемость частиц на пример,демонстрирует | демонстрировать | демонстрируют,LOW,SPELLING
2015-09-08-rocky-otlichno-demostriruet-svoyu-vozmozhn.md:title,разрушаемость, отлично демострирует свою возможность моделировать  с учетом формы и разрушаемость частиц на пример,разрушаем ость | разрушаем-ость,LOW,SPELLING
2015-09-08-rocky-otlichno-demostriruet-svoyu-vozmozhn.md:title,как-то, отлично демострирует свою возможность моделировать  с учетом формы и разрушаемость частиц на пример,факто | какао | акт,LOW,SPELLING
2015-09-08-v-bolge-comsol-rasskazyvayut-chto-swep-s.md:title,болге,"В болге  рассказывают, что swep сетка - это очень хорошо.",боге | боле | более | болте | долге,LOW,SPELLING
2015-09-09-u-simscale-est-apdeyt-uluchsheniya-kosnu.md:title,апдейт,У  есть апдейт.,адепт | Авдей | адепта | адепте | адепту,LOW,SPELLING
2015-09-09-u-simscale-est-apdeyt-uluchsheniya-kosnu.md:body,верификационный,Улучшения коснулись моделирования свободной поверхности и массо-переноса (да простят меня гидродинам,сертификационный | тарификационный | сертификационной | сертификационные | сертификационных,LOW,SPELLING
2015-09-09-u-simscale-est-apdeyt-uluchsheniya-kosnu.md:body,верификационный,Улучшения коснулись моделирования свободной поверхности и массо-переноса (да простят меня гидродинам,сертификационный | тарификационный | сертификационной | сертификационные | сертификационных,LOW,SPELLING
2015-09-10-lyubimyy-mnoyu-obchasnyy-cad-onshape-doba.md:title,обчасный,Любимый мною обчасный   добавил к арсеналу своих возможностей необходимы всем чертежи!,бочарный | бочажный | опасный | очажный | облачный,LOW,SPELLING
2015-09-10-vyshla-sedtmaya-versiya-cfd-koda-ot-cobalt.md:title,седтмая,"Вышла седтмая версия  кода от Cobalt Solutions, LLC.",седьмая | седая | седлая | сетная | судимая,LOW,SPELLING
2015-09-10-vyshla-sedtmaya-versiya-cfd-koda-ot-cobalt.md:body,какую-то,"Насколько мне удалось понять из их сайта,  bvttn какую-то особую любовь к изменяемой геометрии расче",каюта | каютою | каютой | капуста | кают,LOW,SPELLING
2015-09-12-autodesk-piara-ryadi-poschitali-vneshnyuyu-a.md:title,пиара, пиара ряди посчитали внешнюю аэродинамику бетмобиля (это на котором Бетмен ездит) при помощи их Aut,пара | пира | пиала | тиара | пи ара,LOW,SPELLING
2015-09-12-autodesk-piara-ryadi-poschitali-vneshnyuyu-a.md:title,Бетмен, пиара ряди посчитали внешнюю аэродинамику бетмобиля (это на котором Бетмен ездит) при помощи их Aut,Безмен | Темен | Бремен | Бетоне | Безмена,LOW,SPELLING
2015-09-12-nebolshaya-istoriya-o-tom-kak-tom-allen-t.md:body,Сохранённая,"

~~  → Сохранённая версия

*Оригинальная ссылка больше не доступна*",Сохраненная | Сохранная | Сохраненный | Сохранный,LOW,SPELLING
2015-09-13-kompaniya-esrd-inc-so-svoim-flagmanskim.md:body,Каким-то,"Каким-то магическим образом, StressCheck умеет получать сетконезависимое решение. Очень интересно по",Ракита | Ракитою | Ракитой | Ракит | Раките,LOW,SPELLING
2015-09-13-pered-snom-chasovoy-obzor-raschetnyh-vozm.md:title,компнаии,"Перед сном: часовой обзор расчетных возможностей новых приобретений ANSYS - продуктов EMIT, Savant и",компании | копании | кампании | компанию | компаний,LOW,SPELLING
2015-09-15-nikogda-ne-pozno-povtorno-poslushat-kurs.md:title,позно,Никогда не позно повторно послушать курс сопромата!,поздно | поено | полно | поз но | поз-но,LOW,SPELLING
2015-09-16-ge-ispolzuya-ansys-sozdali-prototip-pred.md:body,Сохранённая,Данный предохранитель имеет рекордные характеристики: он рассчитан на ток 100 000 ампер при напряжен,Сохраненная | Сохранная | Сохраненный | Сохранный,LOW,SPELLING
2015-09-16-ge-ispolzuya-ansys-sozdali-prototip-pred.md:body,Сохранённая,Данный предохранитель имеет рекордные характеристики: он рассчитан на ток 100 000 ампер при напряжен,Сохраненная | Сохранная | Сохраненный | Сохранный,LOW,SPELLING
2015-09-16-istoricheski-tak-slozhilos-chto-u-vseh-v.md:body,Лэрда,"А между тем, пора бы уже всем взглянуть на постоянно расширяющиеся возможности решателя. Берите прим",Лорда | Лярда | Бард,LOW,SPELLING
2015-09-16-istoricheski-tak-slozhilos-chto-u-vseh-v.md:body,блоге,"А между тем, пора бы уже всем взглянуть на постоянно расширяющиеся возможности решателя. Берите прим",боге | логе | благе | блохе | блоке,LOW,SPELLING
2015-09-18-comsol-provodit-v-svoem-bloge-likbez-po.md:title,блоге,"COMSOL проводит в своем блоге ликбез по теме геометрической нелинейности, учету больших перемещений ",боге | логе | благе | блохе | блоке,LOW,SPELLING
2015-09-20-znakomimsya-s-kompaniey-karagozian-case.md:body,решаетелем,Их модель Karagozian & Case (K&C) Сementitious (KCC) больше известна как *MAT_072R3 (*MAT_CONCRETE_D,вешателем | вешателе | вешатель | вешателей | вешателям,LOW,SPELLING
2015-09-20-znakomimsya-s-kompaniey-karagozian-case.md:body,решателем,Их модель Karagozian & Case (K&C) Сementitious (KCC) больше известна как *MAT_072R3 (*MAT_CONCRETE_D,вешателем | вешателе | предателем | вешатель | делателем,LOW,SPELLING
2015-09-21-semina-posvyaschennyy-rabote-simsolid-resha.md:title,Семина,Семина посвященный работе SimSolid (решателя отрицающего сетки) совместно с Onshape.,Семинар | Седина | Семена | Семита | Серина,LOW,SPELLING
2015-09-23-a-vam-slabo-dokazat-teoremu-pifagora-pr.md:title,Пифагора,А вам слабо доказать теорему Пифагора при помощи  ?,Пифагорова | Пифагоров | Пикадора | Пикадор,LOW,SPELLING
2015-09-23-na-proshedshey-nedele-produkty-ansys-redha.md:title,техпроцессу,На прошедшей неделе продукты ANSYS RedHawk и Totem были сертифицированы компанией TSMC (Taiwan Semic,тех процессу | тех-процессу,LOW,SPELLING
2015-09-24-ne-uspeli-my-izuchit-abbreviaturu-dem-m.md:title,восхвалили,"Не успели мы изучить аббревиатуру DEM (метод дискретного элемента,Discrete Element Method), и даже в",восхваляли | похвалили | восхвалял | воспалили | выхвалили,LOW,SPELLING
2015-09-25-dovolno-chasto-polzovateli-ansys-zhaluyut.md:body,петабайтами,"Steve Legensky из Intelligent Light расскажет, как жить, когда результаты ваших расчетов измеряются ",мегабайтами | мегабайтам | мегабайт,LOW,SPELLING
2015-09-29-tema-etogo-posta-ochen-prosta-a-polyhe.md:body,Сандийских,"Докладывает некто Joe Bishop из Сандийских национальных лабораторий (Sandia National Laboratories, S",Индийских | Руандийских | Угандийских | Бандитских | Мансийских,LOW,SPELLING
2015-09-29-viskonsinskiy-universitet-v-madisone-un.md:title,плагин,Висконсинский университет в Мадисоне (University of Wisconsin–Madison) забавы ради сделал бесплатный,план | плавни | паладин | плагиат | пластин,LOW,SPELLING
2015-10-01-komu-manualy-k-novoy-dayne-a-to-oni-u-m.md:title,мануалы,Кому мануалы к новой дайне?,мангалы | каналы | мангал | маралы | Манилы,LOW,SPELLING
2015-10-01-komu-manualy-k-novoy-dayne-a-to-oni-u-m.md:title,дайне,Кому мануалы к новой дайне?,дайте | тайне | дай не | дай-не | даней,LOW,SPELLING
2015-10-01-vchera-sostoyalsya-novyy-reliz-ls-dyna-pod.md:body,наконец-то,"Из принципиально нового:
- *SET_POROUS_ALE для пористости тел в ALE постановке
- *ALE_SWITCH_MMG для",наконец | наконечный | наконечною | наконечное | наконечной,LOW,SPELLING
2015-10-01-vchera-sostoyalsya-novyy-reliz-ls-dyna-pod.md:body,позволяющия,"Из принципиально нового:
- *SET_POROUS_ALE для пористости тел в ALE постановке
- *ALE_SWITCH_MMG для",позволяющая | позволяющие | позволяющих | позволяющий | позволяющим,LOW,SPELLING
2015-10-01-vchera-sostoyalsya-novyy-reliz-ls-dyna-pod.md:body,лагренжевых,"Из принципиально нового:
- *SET_POROUS_ALE для пористости тел в ALE постановке
- *ALE_SWITCH_MMG для",шагреневых | шагреневый | Лагранжем,LOW,SPELLING
2015-10-01-vchera-sostoyalsya-novyy-reliz-ls-dyna-pod.md:body,перенумерация,"Из принципиально нового:
- *SET_POROUS_ALE для пористости тел в ALE постановке
- *ALE_SWITCH_MMG для",пере нумерация | пере-нумерация,LOW,SPELLING
2015-10-07-sravnitelno-novaya-no-mnogoobeschayuschaya-me.md:body,безопастности,"Данный подход является расширением метода корпускулярный частиц (corpuscular particle method, CPM) и",безопасности | безопасность | безучастности | безучастность,LOW,SPELLING
2015-10-07-sravnitelno-novaya-no-mnogoobeschayuschaya-me.md:body,лагранжевой,"Данный подход является расширением метода корпускулярный частиц (corpuscular particle method, CPM) и",Лагранжем | Лагранж | Лагранже,LOW,SPELLING
2015-10-07-sravnitelno-novaya-no-mnogoobeschayuschaya-me.md:body,эйлеровом,"Данный подход является расширением метода корпускулярный частиц (corpuscular particle method, CPM) и",Эйлером | флеровом | элероном | Эйлер | элерон,LOW,SPELLING
2015-10-07-zapuschennyy-na-cary-xc40tm-kod-ansys-flue.md:body,суперкомпьютера,"Дальше остаться только завидовать показателям: сетка на 62 миллионов ячеек, 8192 ядра суперкомпьютер",супер компьютера | супер-компьютера,LOW,SPELLING
2015-10-09-ya-tut-zametil-chto-na-sayte-s-primerami.md:title,дайны,"Я тут заметил, что на сайте с примерами задач для дайны добавлена задача с примером работы с DEM пос",даны | тайны | ай,LOW,SPELLING
2015-10-10-a-kak-naschet-bessetochnyh-metodov-vot-na.md:title,бессеточных,А как насчет бессеточных методов?,бессточных | бес сеточных | бес-сеточных | беседочных | бессрочных,LOW,SPELLING
2015-10-10-a-kak-naschet-bessetochnyh-metodov-vot-na.md:body,бессеточный,"Вот например бессеточный метод Галеркина для моделирования технологических процессов.

gear forging ",бессточный | бес сеточный | бес-сеточный | беседочный | бессрочный,LOW,SPELLING
2015-10-10-a-kak-naschet-bessetochnyh-metodov-vot-na.md:body,Галеркина,"Вот например бессеточный метод Галеркина для моделирования технологических процессов.

gear forging ",Галерки на | Галерки-на | Галерка | Галерки | Балерина,LOW,SPELLING
2015-10-10-podborka-video-vyhodnogo-dnya-kotoraya-lu.md:body,эйлеровом,Процессы моделируют в эйлеровом домене или методом сглаженных частиц. Решатели очень разные. Тут ест,Эйлером | флеровом | элероном | Эйлер | элерон,LOW,SPELLING
2015-10-10-podborka-video-vyhodnogo-dnya-kotoraya-lu.md:body,что-то,Процессы моделируют в эйлеровом домене или методом сглаженных частиц. Решатели очень разные. Тут ест,ото | тот | что | фото | лото,LOW,SPELLING
2015-10-11-eto-ne-sovsem-pro-raschety-no-eto-to-che.md:body,наконец-то,"Спецы рассказывают, о работе NVIDIA Tesla K80 и Quadro M60 в облако Azure. Более того, у Microsoft н",наконец | наконечный | наконечною | наконечное | наконечной,LOW,SPELLING
2015-10-11-eto-ne-sovsem-pro-raschety-no-eto-to-che.md:body,проброски,"Спецы рассказывают, о работе NVIDIA Tesla K80 и Quadro M60 в облако Azure. Более того, у Microsoft н",про броски | про-броски | проростки | пророки | переброски,LOW,SPELLING
2015-10-11-eto-ne-sovsem-pro-raschety-no-eto-to-che.md:body,инстансы,"Спецы рассказывают, о работе NVIDIA Tesla K80 и Quadro M60 в облако Azure. Более того, у Microsoft н",стансы | станс | станса | стансе | стансу,LOW,SPELLING
2015-10-12-nakonets-to-ya-nashel-dostoynuyu-statyu-dlya.md:title,Наконец-то,"Наконец-то я нашел достойную статью для калибровки железобетона. Не могу не поделиться. Надеюсь, что",Наконец | Наконечный | Наконечною | Наконечное | Наконечной,LOW,SPELLING
2015-10-12-otlichnyy-likbez-po-teme-dostavki-prilozhe.md:body,ками,"Досконально разобраны все подводные ками, обозрении практически все ханологии (забыли только две: ст",камеи | камин | камки | камни | яками,LOW,SPELLING
2015-10-12-otlichnyy-likbez-po-teme-dostavki-prilozhe.md:body,ханологии,"Досконально разобраны все подводные ками, обозрении практически все ханологии (забыли только две: ст",антологии | хронологии | аналогии | апологии | фенологии,LOW,SPELLING
2015-10-13-my-tozhe-osobonno-teh-kto-hochet-uznat.md:title,особонно,"Мы тоже, особонно тех, кто хочет узнать по LS-DYNA.   ",особенно | особенною | особенное | особенной | особенном,LOW,SPELLING
2015-10-13-nishtyaki-ot-cadfem-dlya-acum.md:title,Ништяки,Ништяки от  для ,Нитки | Нитка | Нитке | Нитку | Ниток,LOW,SPELLING
2015-10-13-nishtyaki-ot-cadfem-dlya-acum.md:body,Ништяки,Ништяки от  для ,Нитки | Нитка | Нитке | Нитку | Ниток,LOW,SPELLING
2015-10-13-stena-dlya-selfi-na-acum.md:title,селфи,Стена для селфи на ,сели | сел фи | сел-фи | если | секли,LOW,SPELLING
2015-10-13-stena-dlya-selfi-na-acum.md:body,селфи,Стена для селфи на ,сели | сел фи | сел-фи | если | секли,LOW,SPELLING
2015-10-13-uzhe-segodnya-utrom-komanda-cadfem-cis-pre.md:body,из-за,"Так как я сам буду активно принимать участие в работе конференции, то не исключаю вероятность сбоев ",изба | извоза | изюма | из | низа,LOW,SPELLING
2015-10-17-nx-nastran-tozhe-udarilsya-v-oblaka-skoro.md:title,вендоров,"NX Nastran тоже ударился в облака. Скоро будет проще сказать, кого из CAE вендоров там нет. Siemens ",военкоров | теноров | венгров | Федоров | цензоров,LOW,SPELLING
2015-10-17-pomozhete-ferrari-kak-eto-slelal-ansys.md:title,слелал,"Поможете Ferrari, как это слелал  - и вас увековечат в LEGO!",сделал | слетал | слезал | сделать | слетать,LOW,SPELLING
2015-10-19-dlya-nachala-rabochey-nedeli-nebolshoy-likb.md:title,решёточных,Для начала рабочей недели небольшой ликбез по методу решёточных уравнений Больцмана (Lattice Boltzma,решеточных | нешуточных | решеточные | решеточный | решеточным,LOW,SPELLING
2015-10-19-statya-na-temu-togo-kak-fiat-chrysler-a.md:body,решёточных,"Интересно, что PowerFLOW базируется на методе решёточных уравнений Больцмана (Lattice Boltzmann Meth",решеточных | нешуточных | решеточные | решеточный | решеточным,LOW,SPELLING
2015-10-22-davolno-uzhe-staryy-no-vse-esche-interesn.md:title,Давольно,"Давольно уже старый, но все еще интересный вебинар  посвященный работе их бессеточного  решателя.",Довольно | Да вольно | Да-вольно | Давильный | Довольный,LOW,SPELLING
2015-10-22-davolno-uzhe-staryy-no-vse-esche-interesn.md:title,бессеточного,"Давольно уже старый, но все еще интересный вебинар  посвященный работе их бессеточного  решателя.",бессточного | бес сеточного | бес-сеточного | беседочного | бессрочного,LOW,SPELLING
2015-10-22-davolno-uzhe-staryy-no-vse-esche-interesn.md:body,решёточных,"Сей чудесный решатель использует методе решёточных уравнений Больцмана (Lattice Boltzmann Method, ).",решеточных | нешуточных | решеточные | решеточный | решеточным,LOW,SPELLING
2015-10-23-kak-zamenit-3ds-max-na-fluent.md:title,3Ds,Как заменить 3Ds MAX на ,А | И | К | О | Я,LOW,SPELLING
2015-10-23-kak-zamenit-3ds-max-na-fluent.md:body,3Ds,Как заменить 3Ds MAX на ,А | И | К | О | Я,LOW,SPELLING
2015-10-23-kolichestvo-podpischikov-etogo-pablika-per.md:title,паблика,"Количество подписчиков этого паблика перевалило за сотню, и это первый важный психологический рубеж.",публика | Павлика | па блика | па-блика | паб лика,LOW,SPELLING
2015-10-23-kolichestvo-podpischikov-etogo-pablika-per.md:body,паблика,"За прошедшее время врем удалось выработать сетку вещания: обязательная новость для тех, кто пришел н",публика | Павлика | па блика | па-блика | паб лика,LOW,SPELLING
2015-10-26-na-dnyah-provodil-obucheniya-dlya-rebyat-kot.md:title,мет,"На днях проводил обучения для ребят, который очень любят варить... нет, не мет (привет канатам Break",мент | мест | мета | мети | метя,LOW,SPELLING
2015-10-29-kipling-reshatelya-aerodinamiki-neszhimaemy.md:title,Киплинг,Киплинг решателя аэродинамики несжимаемых жидкостей и метода дискретных частиц в LS-DYNA R9 (тизер :,Рислинг | Шиллинг | Кислинка,LOW,SPELLING
2015-10-29-kipling-reshatelya-aerodinamiki-neszhimaemy.md:title,тизер,Киплинг решателя аэродинамики несжимаемых жидкостей и метода дискретных частиц в LS-DYNA R9 (тизер :,мизер | тире | триер | тер | тиаре,LOW,SPELLING
2015-10-30-modelirovanie-gibravlicheskih-sistem-na-p.md:title,гибравлических,Моделирование гибравлических систем на примере механизма шасси. Связка   и  - прикольная штука!,гидравлических | гидравлические | гидравлический | гидравлическим,LOW,SPELLING
2015-11-01-10-primerov-iz-za-kotory-nado-perehodit.md:title,из-за,"10 примеров, из-за которы надо переходить на ",изба | извоза | изюма | из | низа,LOW,SPELLING
2015-11-01-10-primerov-iz-za-kotory-nado-perehodit.md:title,которы,"10 примеров, из-за которы надо переходить на ",конторы | которые | которых | который | которым,LOW,SPELLING
2015-11-01-10-primerov-iz-za-kotory-nado-perehodit.md:body,из-за,"10 примеров, из-за которы надо переходить на 

Top Ten Reasons to Use SpaceClaim",изба | извоза | изюма | из | низа,LOW,SPELLING
2015-11-01-10-primerov-iz-za-kotory-nado-perehodit.md:body,которы,"10 примеров, из-за которы надо переходить на 

Top Ten Reasons to Use SpaceClaim",конторы | которые | которых | который | которым,LOW,SPELLING
2015-11-01-raschet-svyazannoy-reologii-chto-by-eto-ne.md:title,что-бы,Расчет связанной реологии (что-бы это не значило :-)) и расширенные возможности  в новом релизе STAR,чтобы | чтоб | боб,LOW,SPELLING
2015-11-04-ansys-dlya-modelirovaniya-sistem-tselikom.md:body,гидродинмики,"Начинаем с механики и гидродинмики и заканчиваем ПО для урпавления. Выглядит красиво.

Cummins Gense",гидродинамики | гидродинамика | гидродинамике | гидродинамику,LOW,SPELLING
2015-11-04-ansys-dlya-modelirovaniya-sistem-tselikom.md:body,урпавления,"Начинаем с механики и гидродинмики и заканчиваем ПО для урпавления. Выглядит красиво.

Cummins Gense",управления | управлениях | управлениям | правления | оправления,LOW,SPELLING
2015-11-05-zapis-doklada-kompanii-nice-po-ih-prod.md:body,SC2015,Особая фишка DCV - полностью аппаратное кодирование всех передаваемых данных на GPU. Этого больше не,А | И | К | О | Я,LOW,SPELLING
2015-11-06-nice-software-pokazali-kak-mozhno-zatoch.md:title,виртуалок," Software показали, как можно заточить их  для работы с  . Их система по запросу арендует кластер из",виртуален | виртуозок | виртуозка | виртуальный,LOW,SPELLING
2015-11-06-nice-software-pokazali-kak-mozhno-zatoch.md:title,софт," Software показали, как можно заточить их  для работы с  . Их система по запросу арендует кластер из",софит | соф | сот | кофт | софа,LOW,SPELLING
2015-11-07-magiya-ansys-spaceclaim-dlya-3d-pechati-i.md:title,3D-печати,Магия   для 3D-печати и формата stl,Печати | Печатки | Опечатки | Печали | Печать,LOW,SPELLING
2015-11-07-magiya-ansys-spaceclaim-dlya-3d-pechati-i.md:body,3D-печати,"Магия   для 3D-печати и формата stl

ANSYS SpaceClaim 2016 Sneak Peek - Shrinkwrap",Печати | Печатки | Опечатки | Печали | Печать,LOW,SPELLING
2015-11-08-prosto-udranaya-volna-v-ls-dyna-vyshla-pog.md:title,удраная,Просто удраная волна в LS-DYNA вышла погулять,ударная | драная | ударный | драный,LOW,SPELLING
2015-11-08-prosto-udranaya-volna-v-ls-dyna-vyshla-pog.md:body,удраная,"Просто удраная волна в LS-DYNA вышла погулять

bast wave LS-DYNA",ударная | драная | ударный | драный,LOW,SPELLING
2015-11-09-na-konferentsii-aws-reinvent-ansys-rassk.md:title,расскзал,На конференции AWS re:Invent ANSYS расскзал об архитектуре своего облачного решения ANSYS Enterprise,рассказал | рассказ | рассказала | рассказали | рассказало,LOW,SPELLING
2015-11-09-na-konferentsii-aws-reinvent-ansys-rassk.md:body,из-за,Всю магию по созданию виртуального кластера для них делает Cycle Computing. Графикой естественно зав,изба | извоза | изюма | из | низа,LOW,SPELLING
2015-11-12-zamechatelnaya-softinkaservis-dlya-otsifro.md:title,софтинка,Замечательная софтинка/сервис для оцифровки графиков и диаграмм.,сотника | скотинка | осетинка | ботинка | соринка,LOW,SPELLING
2015-11-12-zamechatelnaya-softinkaservis-dlya-otsifro.md:body,браузера,"Работает либо как online сервис, либо как приложение для браузера Google Chrome.

WebPlotDigitizer -",фразера | маузера | траулера | фразер | маузер,LOW,SPELLING
2015-11-13-mellanox-izrailskiy-proizvoditel-sam.md:title,Гигабит,", израильский производитель самого правильно  для , вчера анонсировал новое поколение коммутаторов д",Гигабайт | Гиалит | Гигант | Грабит | Грабить,LOW,SPELLING
2015-11-13-mellanox-izrailskiy-proizvoditel-sam.md:body,вбинаре,"Но это еще не все! Подробности в прилагаемом вбинаре.

Mellanox Technologies",свинаре | динаре | чинаре | вина | свинарь,LOW,SPELLING
2015-11-14-vsem-stroitelyam-oblakov-i-tem-kto-v-ni.md:body,виртуализации,"Большой ликбез по виртуализации для  и .

DEVELOP3D - A beginner’s guide to workstation virtualisati",визуализации | визуализация | визуализацию,LOW,SPELLING
2015-11-16-rezka-metalla-mozhet-byt-promodelirovana.md:title,решателем,Резка металла может быть промоделирована неявным решателем LS-DYNA для адаптивной постановки бессето,вешателем | вешателе | предателем | вешатель | делателем,LOW,SPELLING
2015-11-16-rezka-metalla-mozhet-byt-promodelirovana.md:title,бессеточного,Резка металла может быть промоделирована неявным решателем LS-DYNA для адаптивной постановки бессето,бессточного | бес сеточного | бес-сеточного | беседочного | бессрочного,LOW,SPELLING
2015-11-16-rezka-metalla-mozhet-byt-promodelirovana.md:title,Галеркина,Резка металла может быть промоделирована неявным решателем LS-DYNA для адаптивной постановки бессето,Галерки на | Галерки-на | Галерка | Галерки | Балерина,LOW,SPELLING
2015-11-16-rezka-metalla-mozhet-byt-promodelirovana.md:body,бессеточному,"Сетка, которую вы видите - это не совсем сетка. Подробнее в прилагаемой презентации по данному бессе",бессточному | бес сеточному | бес-сеточному | бессточном | беседочному,LOW,SPELLING
2015-11-18-ansys-i-skorvorodka.md:title,скорвородка, и скорвородка,сковородка | сковородках | сковородкам | сковорода | сковородке,LOW,SPELLING
2015-11-18-ansys-i-skorvorodka.md:body,скорвородка," и скорвородка

Design and Analysis of Cooking Pan Using Ansys Workbench",сковородка | сковородках | сковородкам | сковорода | сковородке,LOW,SPELLING
2015-11-19-ob-ispolzovanii-produktov-bentley-komp.md:title,Атомпроект,Об использовании продуктов  компанией Атомпроект.,Атом проект | Атом-проект,LOW,SPELLING
2015-11-19-ob-ispolzovanii-produktov-bentley-komp.md:body,софтом,"Хвалят . Это  - это не , насколько я понимаю :-)   Но вот про выключения света - коллега явно не пра",софитом | сотом | сортом | соф том | соф-том,LOW,SPELLING
2015-11-20-lyubopytnaya-prezentatsiya-2012-goda-o-model.md:title,тяжелено,Любопытная презентация 2012 года о моделировании удара тяжелено коммерческого самолета в здание нашл,отяжелено | утяжелено | тяжелело | тяжеленный,LOW,SPELLING
2015-11-20-lyubopytnaya-prezentatsiya-2012-goda-o-model.md:body,бессеточным,"К сожалению, в презентации тоже прослеживается мысль, которая меня преследует уже некоторое время. М",бессточным | бес сеточным | бес-сеточным | бессточными | беседочным,LOW,SPELLING
2015-11-21-poka-vese-zhdut-ansys-170-kompaniya-msc.md:title,высоконелинейных,Пока весе ждут  17.0 компания  рассказывает про новую версию их супер-решателя высоконелинейных зада,высоко нелинейных | высоко-нелинейных,LOW,SPELLING
2015-11-22-prodolzhaya-temu-modelirovaniya-povrezhdeniya.md:title,Дельф,Продолжая тему моделирования повреждения материала предлагаю рассмотреть магистерскую работу Ravi Sh,Дельфы | Дельт | Шельф | Дельный,LOW,SPELLING
2015-11-22-prodolzhaya-temu-modelirovaniya-povrezhdeniya.md:body,сеточно,"Тема работы - Nonlocal Damage Models for Concrete.

Молодому ученому в итоге удалось настроить числе",сеточною | сеточное | сеточной | сеточном | неточно,LOW,SPELLING
2015-11-22-vstrechaem-pobeditelya-v-konkurse-illyustra.md:body,расчитал,"Господин van der Merwe расчитал и красиво представил велосипедный шлем при помощи STAR-CCM+

CD-adap",рассчитал | насчитал | расчищал | засчитал | рас читал,LOW,SPELLING
2015-11-23-impetus-afea-solver-okazalsya-nikakim-ne.md:title,решателем, Afea Solver оказался никаким не решателем.,вешателем | вешателе | предателем | вешатель | делателем,LOW,SPELLING
2015-11-23-nor-tech-odin-iz-krupneyshih-v-ssha-siste.md:body,другеи,"Уже сейчас на классе доступны следующие программные продукты:

CAE:
- ANSYS: ANSYS Fluent – CFD,
- A",другие | друге | драга,LOW,SPELLING
2015-11-24-guru-znaet-kak-sdelat-parametricheskuyu-g.md:body,Видеоурок,~~Видеоурок CADFEM VL1509 - Параметрическое моделирование с применением решения ANSYS SpaceClaim~~ →,Видео урок | Видео-урок | Видеотека | Видеотек | Видеотеке,LOW,SPELLING
2015-11-24-guru-znaet-kak-sdelat-parametricheskuyu-g.md:body,VL1509,~~Видеоурок CADFEM VL1509 - Параметрическое моделирование с применением решения ANSYS SpaceClaim~~ →,А | И | К | О | Я,LOW,SPELLING
2015-11-24-guru-znaet-kak-sdelat-parametricheskuyu-g.md:body,Сохранённая,~~Видеоурок CADFEM VL1509 - Параметрическое моделирование с применением решения ANSYS SpaceClaim~~ →,Сохраненная | Сохранная | Сохраненный | Сохранный,LOW,SPELLING
2015-11-25-ansys-spaceclaim-2016-budet-dostupen-d.md:title,скачивания,  2016 будет доступен для скачивания уже 1 декабря (вторник).,скашивания | смачивания | стачивания | укачивания | вкачивания,LOW,SPELLING
2015-11-25-ansys-spaceclaim-2016-budet-dostupen-d.md:body,онлайн,Так что поспешите записать на онлайн семинар с обзором новых возможностей этого чудесного геометриче,орлан | облаян | сплайн | облаянный,LOW,SPELLING
2015-11-28-pochital-nemnogo-pro-nx-laminate-composi.md:body,Сохранённая,"Не впечатлило - либо статья унылая, либо сам продукт унылый. Никаких тебе технических инноваций, ник",Сохраненная | Сохранная | Сохраненный | Сохранный,LOW,SPELLING
2015-11-29-v-dogonku-k-vebinaru-po-mac-marc-2015.md:title,догонку,"В догонку к вебинару по   2015, который я просмотрел по диагонали (теперь то я его пересмотрю внимат",вдогонку | до гонку | до-гонку | обгонку | огоньку,LOW,SPELLING
2015-11-29-v-dogonku-k-vebinaru-po-mac-marc-2015.md:body,Сохранённая,"Даже интересно, насколько хорошо это работает.

~~ Marc 2015 Focuses on Material and Advanced Materi",Сохраненная | Сохранная | Сохраненный | Сохранный,LOW,SPELLING
2015-11-29-zapis-seminar-po-optimizatsii-modeley-a.md:body,скучноват-то,"Работают как напрямую, так и через . На мой взгляд вышло немного скучноват-то, хотя разобрали все по",скучновато | скучноватого | скучноватою | скучноватое | скучноватой,LOW,SPELLING
2015-11-30-na-dnyah-na-dynalook-stali-dostupny-mater.md:title,Вюрцбуре,"На днях на DYNALook стали доступны материалы недавней 10-ой европейской конференции LS-DYNA, которая",Вюрцбурге | Вюрцбург | Вюрцбурга,LOW,SPELLING
2015-11-30-na-dnyah-na-dynalook-stali-dostupny-mater.md:body,10th,10th European LS-DYNA Conference  — Free Download of Papers from LS-DYNA Conferences - Service of LS,а | и | к | о | я,LOW,SPELLING
2015-12-01-ottsy-i-deti-ls-dyna-vs-dyna3d-benchma.md:body,резултатов,"DYNA3D Benchmark and Validation Testing"" - сравнение резултатов расчтов двух разработок доктора Джон",результатов | результат | результатом,LOW,SPELLING
2015-12-01-ottsy-i-deti-ls-dyna-vs-dyna3d-benchma.md:body,расчтов,"DYNA3D Benchmark and Validation Testing"" - сравнение резултатов расчтов двух разработок доктора Джон",расчетов | расчет | раст,LOW,SPELLING
2015-12-01-ottsy-i-deti-ls-dyna-vs-dyna3d-benchma.md:body,Холквиста,"DYNA3D Benchmark and Validation Testing"" - сравнение резултатов расчтов двух разработок доктора Джон",Холмиста | Хоккеиста | Хоккеист | Холмистый,LOW,SPELLING
2015-12-03-eto-vam-ne-v-workbench-labat.md:title,лабать,Это вам не в  лабать!,лакать | лапать | латать | лазать | лаб ать,LOW,SPELLING
2015-12-03-eto-vam-ne-v-workbench-labat.md:body,лабать,Это вам не в  лабать!,лакать | лапать | латать | лазать | лаб ать,LOW,SPELLING
2015-12-04-kogda-to-v-studencheskie-gody-ya-byl-yary.md:title,Когда-то,"Когда-то, в студенческие годы, я был ярым фанатом математического пакета для символьных вычисления .",Когда | Богато | Рогато | Космато | Поддато,LOW,SPELLING
2015-12-05-ls-dyna-nikogda-ne-peresnyat-menya-udivlyat.md:body,где-то,Вы не найдете настолько полного списка дополнительных результатов для некоторых умных материалов (пр,одето | вдето | одетый | вдетый,LOW,SPELLING
2015-12-07-smotrim-vbinar-po-ansys-fensap.md:title,вбинар,Смотрим вбинар по  ,вина | динар | винах | винам | чинар,LOW,SPELLING
2015-12-07-smotrim-vbinar-po-ansys-fensap.md:body,вбинар,"Смотрим вбинар по  

ANSYS FENSAP-ICE",вина | динар | винах | винам | чинар,LOW,SPELLING
2015-12-08-kak-pravilno-zametili-simscale-v-etom.md:body,Хренникова,Основополагающими работами для данного метода стали публикации Александра Хренникова “Solution of pr,Орешниковая | Орешниковый | Орешниковою | Орешниковое | Орешниковой,LOW,SPELLING
2015-12-08-my-takie.md:body,КАДФЕМ,"Мы такие!

ANSYS и КАДФЕМ провели семинар, посвященный моделированию на уровне системы и разработке ",КАФЕ | КАДЕТ | ХАДЖЕМ | КАМФЕН | КАШЛЕМ,LOW,SPELLING
2015-12-09-ansys-obnovil-wb-ls-dyna-act-do-versii-1.md:title,пересобрали,ANSYS обновил WB LS-DYNA ACT до версии 16.2. Ничего принципиально нового нет - просто пересобрали и ,пере собрали | пере-собрали | перебрали | перегорали | переизбрали,LOW,SPELLING
2015-12-09-ansys-obnovil-wb-ls-dyna-act-do-versii-1.md:title,баги,ANSYS обновил WB LS-DYNA ACT до версии 16.2. Ничего принципиально нового нет - просто пересобрали и ,браги | баи | баки | бани | баси,LOW,SPELLING
2015-12-10-esli-vy-vdrug-reshite-pisat-svoy-chitay.md:title,решаетль,"Если вы вдруг решите писать свой (читай - еще одни) пер/пост процессор, сеткопостроитель или решаетл",решает ль | решает-ль | решает | решать | вешатель,LOW,SPELLING
2015-12-10-nemnogo-pro-horoshie-setka-vrode-esche-ne.md:body,Эриксон,Джем Эриксон (Jeff Erickson) дает подробный обзор большинства методик генерации расчетных сеток и ра,Диксон | Диксона | Диксоне | Диксону,LOW,SPELLING
2015-12-10-nemnogo-pro-horoshie-setka-vrode-esche-ne.md:body,пропета,Джем Эриксон (Jeff Erickson) дает подробный обзор большинства методик генерации расчетных сеток и ра,пропетая | продета | пролета | пропела | пропеть,LOW,SPELLING
2015-12-11-chto-by-vy-skazali-esli-by-ya-predlozhil-v.md:title,софт,"Что бы вы сказали, если бы я предложил вам хороший  или  софт бесплатно?",софит | соф | сот | кофт | софа,LOW,SPELLING
2015-12-12-novoe-slovo-v-moem-slovare-peridinamika.md:title,перидинамика,Новое слово в моем словаре: перидинамика или peridynamics.,пери динамика | пери-динамика,LOW,SPELLING
2015-12-12-vsem-vayfaya-statya-o-vliyanii-novogodney.md:title,вайфая,Всем вайфая!,вафля | Хайфа | свайная | тайная | ванная,LOW,SPELLING
2015-12-13-esche-nemnogo-vzohov-pro-algortm-polycube.md:title,взохов,Еще немного взохов про алгортм PolyCube Based Automatic Hex-Mesh Generation (UBC). Какая же хорошая ,вздохов | вдохов | взоров | вздох | вдох,LOW,SPELLING
2015-12-13-esche-nemnogo-vzohov-pro-algortm-polycube.md:title,алгортм,Еще немного взохов про алгортм PolyCube Based Automatic Hex-Mesh Generation (UBC). Какая же хорошая ,алгоритм | алгоритма | алгоритме | алгоритму | алгоритмы,LOW,SPELLING
2015-12-13-vernemsya-k-peridinamike-uzhe-seychas-zain.md:title,перидинамике,Вернемся к перидинамике.,пери динамике | пери-динамике,LOW,SPELLING
2015-12-14-trampo-obeschaet-v-svoem-reklamnom-video.md:body,решателями,"А все это потому, что  дает вам возможность пользоваться решателями CD-adapco в облаке.
+1 в облаке ",вешателями | решат елями | решат-елями | вешателям | предателями,LOW,SPELLING
2015-12-16-nakonets-simsolid-vyshel-iz-stadii-beta.md:body,какой-то,"И вышел он сразу в магазин при облачном CAD'е .

Напомню, что SIMSOLID позиционирует себя как неявны",какой | какого | каково | каковой | какова,LOW,SPELLING
2015-12-17-napryazhennyy-dart-veyder-v-simulia-v-gl.md:title,Дарт,Напряженный Дарт Вейдер в .,Дарит | Дарят | Арт | Дар | Дат,LOW,SPELLING
2015-12-17-napryazhennyy-dart-veyder-v-simulia-v-gl.md:title,Вейдер,Напряженный Дарт Вейдер в .,Ведер | Рейдер | Бедер,LOW,SPELLING
2015-12-17-otlichnyy-seminar-po-ansys-hfss-v-chastn.md:title,суперкомпьютерном,Отличный семинар по   в частности и  направлению в целом проведенный в Стэнфордском суперкомпьютерно,супер компьютерном | супер-компьютерном,LOW,SPELLING
2015-12-17-otlichnyy-seminar-po-ansys-hfss-v-chastn.md:body,ооочень,"Стало понятно, зачем нужны продукты . Рассказали про  и его проблемы. И в конце ооочень много пример",очень | омочен | сочень | омочена | омочено,LOW,SPELLING
2015-12-18-the-simulation-based-engineering-lab-s.md:body,Мэдисон,"Очень крутой сайт у этой команды из Университета Висконсин, штат Мэдисон.

Welcome to the Simulation",Мадисон | Мадисона | Мадисоне | Мадисону,LOW,SPELLING
2015-12-20-video-urok-razbirayuschiy-rabotu-icfd-inc.md:body,решателем,"Тут и  и односторонней или двусторонней связкой, и адаптивное сеткоперестроение, и связка как с , та",вешателем | вешателе | предателем | вешатель | делателем,LOW,SPELLING
2015-12-20-video-urok-razbirayuschiy-rabotu-icfd-inc.md:body,дайны,"Тут и  и односторонней или двусторонней связкой, и адаптивное сеткоперестроение, и связка как с , та",даны | тайны | ай,LOW,SPELLING
2015-12-23-simsolid-opublikovali-paru-testov-iz-do.md:title,верификационные," опубликовали пару тестов из документа описывающего все верификационные тесты, пройденные данным про",сертификационные | тарификационные | сертификационный | тарификационный,LOW,SPELLING
2015-12-23-simsolid-opublikovali-paru-testov-iz-do.md:body,бессеточным,"В частности, у документе рассказывается каким таким таинственным ""бессеточным"" методом конечных элем",бессточным | бес сеточным | бес-сеточным | бессточными | беседочным,LOW,SPELLING
2015-12-23-simsolid-opublikovali-paru-testov-iz-do.md:body,дневный,"В частности, у документе рассказывается каким таким таинственным ""бессеточным"" методом конечных элем",дневной | дневные | дневных | дневным | гневный,LOW,SPELLING
2015-12-29-simsolid-provel-prosteyshee-sravnenie-s.md:title,решателями, провел простейшее сравнение с механическими решателями основанными на МКЭ.,вешателями | решат елями | решат-елями | вешателям | предателями,LOW,SPELLING
2016-01-08-vse-esche-na-konikulah-a-poka-ansys.md:title,коникулах,"Все еще на коникулах, а пока ",каникулах | консулах | каникулам | каникул | каникулы,LOW,SPELLING
2016-01-08-vse-esche-na-konikulah-a-poka-ansys.md:body,коникулах,"Все еще на коникулах, а пока ",каникулах | консулах | каникулам | каникул | каникулы,LOW,SPELLING
2016-01-11-nachalsya-novyy-god-a-ya-podvozhu-itogi-pro.md:body,паблик,Мой план состоял в получении 150 подписчиков к концу 2015 года - тут я немного не дотянул до заявлен,Павлик | па блик | па-блик | паб лик | паб-лик,LOW,SPELLING
2016-01-11-nachalsya-novyy-god-a-ya-podvozhu-itogi-pro.md:body,цитируемость,Мой план состоял в получении 150 подписчиков к концу 2015 года - тут я немного не дотянул до заявлен,цитируем ость | цитируем-ость,LOW,SPELLING
2016-01-11-nachalsya-novyy-god-a-ya-podvozhu-itogi-pro.md:body,контента,Мой план состоял в получении 150 подписчиков к концу 2015 года - тут я немного не дотянул до заявлен,конвента | кон тента | кон-тента | континента | константа,LOW,SPELLING
2016-01-11-nachalsya-novyy-god-a-ya-podvozhu-itogi-pro.md:body,из-за,Мой план состоял в получении 150 подписчиков к концу 2015 года - тут я немного не дотянул до заявлен,изба | извоза | изюма | из | низа,LOW,SPELLING
2016-01-12-v-pitere-i-moskve-segodnya-snegopad-no-n.md:body,блоге,"!! По этому мы позовем на помощь  с его Application Builder.

В своем блоге коллеги рассматривают пр",боге | логе | благе | блохе | блоке,LOW,SPELLING
2016-01-13-eto-vam-ne-v-ansys-workbench-labat.md:title,лабать,Это вам не в   лабать - это ,лакать | лапать | латать | лазать | лаб ать,LOW,SPELLING
2016-01-14-i-esche-odna-novost-proshedshih-kanikul-ko.md:title,решателями,"И еще одна новость прошедших каникул: компания , знаменитая своими нелинейными решателями и специали",вешателями | решат елями | решат-елями | вешателям | предателями,LOW,SPELLING
2016-01-14-i-esche-odna-novost-proshedshih-kanikul-ko.md:title,ужен,"И еще одна новость прошедших каникул: компания , знаменитая своими нелинейными решателями и специали",уже | жен | лужен | нужен | сужен,LOW,SPELLING
2016-01-15-chislennoe-modelirovanie-povedeniya-zaschitn.md:body,Во-первых,"Численное моделирование поведения защитных железобетонных
конструкций АЭС при падении самолета
к.т.н",Первых | Оперных | Опертых | Волевых | Впертых,LOW,SPELLING
2016-01-15-chislennoe-modelirovanie-povedeniya-zaschitn.md:body,Во-вторых,"Численное моделирование поведения защитных железобетонных
конструкций АЭС при падении самолета
к.т.н",Повторных | Которых | Повторный | Который,LOW,SPELLING
2016-01-15-chislennoe-modelirovanie-povedeniya-zaschitn.md:body,прокачаться,"Численное моделирование поведения защитных железобетонных
конструкций АЭС при падении самолета
к.т.н",покачаться | про качаться | про-качаться | прокачать | прокачиваться,LOW,SPELLING
2016-01-18-bolgarskaya-komptoniya-risk-engineering-lt.md:title,комптония,Болгарская комптония Risk Engineering Ltd. на своей станице в Linkedin хвастается наличием собственн,Комптон | компания | Комптона | Комптоне | Комптону,LOW,SPELLING
2016-01-18-etogo-to-mne-i-ne-hvatalo-obuchayuschee-vid.md:title,Этого-то,Этого-то мне и не хватало: обучающее видео на тему решения задачи гидродинамики в допущении несжимае,Этого | Тягота | Богота | Итоговый,LOW,SPELLING
2016-01-18-etogo-to-mne-i-ne-hvatalo-obuchayuschee-vid.md:body,пользовать,"На этот раз нас научат пользовать LS-PerPost 4.3 для постпроцессинга.

ICFD Post treatment with LSPP",пользователь | пользоваться | использовать | полировать | полосовать,LOW,SPELLING
2016-01-19-vnimanie-vsem-ya-ne-prizyvayut-k-ispolzo.md:body,нелицензионного,Я не призывают к использованию нелицензионного ПО. Я сам не использую никакого не лицензионного ПО у,не лицензионного | не-лицензионного | лицензионного | лицензионный | лицензионною,LOW,SPELLING
2016-01-19-vnimanie-vsem-ya-ne-prizyvayut-k-ispolzo.md:body,срезным,Я не призывают к использованию нелицензионного ПО. Я сам не использую никакого не лицензионного ПО у,резным | слезным | врезным | срез | резной,LOW,SPELLING
2016-01-19-vnimanie-vsem-ya-ne-prizyvayut-k-ispolzo.md:body,Яндекса,Я не призывают к использованию нелицензионного ПО. Я сам не использую никакого не лицензионного ПО у,Индекса | Индексах | Индексам | Индекс | Индексе,LOW,SPELLING
2016-01-21-eto-vam-ne-s-torrentov-kachat-uzhe-4-cha.md:title,торрентов,Это вам не с торрентов качать - уже 4 часа льется!,мордентов | сорбентов | мордент | сорбент,LOW,SPELLING
2016-01-21-eto-vam-ne-s-torrentov-kachat-uzhe-4-cha.md:body,торрентов,"Это вам не с торрентов качать - уже 4 часа льется!

 17.0",мордентов | сорбентов | мордент | сорбент,LOW,SPELLING
2016-01-21-ooo-gazprom-vniigaz-tozhe-vybiraet-ansy.md:title,Газпром,ООО «Газпром ВНИИГАЗ» тоже выбирает ANSYS и LS-DYNA.,Газ пром | Газ-пром | Газом | Гаером | Гавром,LOW,SPELLING
2016-01-26-pokupka-cd-adapco-oboshlas-siemens-mensh.md:title,чёртовы,Покупка CD-adapco обошлась Siemens меньше чем в 1 Instagram (aka 1 миллиард долларов США). Вот так с,чертовы | чертовых | чертовым | чертов | чертова,LOW,SPELLING
2016-01-26-pokupka-cd-adapco-oboshlas-siemens-mensh.md:title,хипстеры,Покупка CD-adapco обошлась Siemens меньше чем в 1 Instagram (aka 1 миллиард долларов США). Вот так с,мистеры | хитер | истер | мистер,LOW,SPELLING
2016-01-27-takomu-menya-v-politehe-ne-uchili-a-zrya.md:title,Политехе,"Такому меня в Политехе не учили, а зря.",Политесе | Потехе | Политес | Политое | Политые,LOW,SPELLING
2016-01-27-u-chitateley-pablika-nazrel-bolnoy-vopro.md:title,паблика,У читателей паблика назрел больной вопрос: как заставить работать Using User Defined Functions () в ,публика | Павлика | па блика | па-блика | паб лика,LOW,SPELLING
2016-01-30-kak-glasit-vikipediya-pezoelektri-cheski.md:title,пьезоэлектри,"Как гласит Википедия, пьезоэлектри́ческий эффе́кт (от греч. piézō (πιεσο) — давлю, сжимаю) — эффект ",пьезоэлектрик | пьезоэлектрика | пьезоэлектрике | пьезоэлектрики | пьезоэлектрику,LOW,SPELLING
2016-01-30-kak-glasit-vikipediya-pezoelektri-cheski.md:title,ческий,"Как гласит Википедия, пьезоэлектри́ческий эффе́кт (от греч. piézō (πιεσο) — давлю, сжимаю) — эффект ",чешский | чески | веский | ческой | четкий,LOW,SPELLING
2016-01-30-kak-glasit-vikipediya-pezoelektri-cheski.md:title,эффе,"Как гласит Википедия, пьезоэлектри́ческий эффе́кт (от греч. piézō (πιεσο) — давлю, сжимаю) — эффект ",эфе | фифе | эфес | эф | эффект,LOW,SPELLING
2016-01-30-kak-glasit-vikipediya-pezoelektri-cheski.md:title,πιεσο,"Как гласит Википедия, пьезоэлектри́ческий эффе́кт (от греч. piézō (πιεσο) — давлю, сжимаю) — эффект ",а | и | к | о | я,LOW,SPELLING
2016-01-30-kak-glasit-vikipediya-pezoelektri-cheski.md:body,пьезоэффектов,Существует и обратный пьезоэлектрический эффект — возникновение механических деформаций под действие,пьезоэффектом | пьезоэффект | пьезоэффекта | пьезоэффекте | пьезоэффекту,LOW,SPELLING
2016-01-30-marketingovyy-otdel-ansys-sovershenno-ne.md:title,фотошопом,Маркетинговый отдел  совершенно не умеет пользоваться фотошопом.,фототоком | фотокопия | фототок,LOW,SPELLING
2016-01-31-2d-ili-ne-2d-nebolshaya-statya-rasskazyv.md:title,плосконапряженной,2D или не 2D: небольшая статья рассказывающая о возможностях решения задач механики деформируемого т,плоско напряженной | плоско-напряженной,LOW,SPELLING
2016-02-01-esli-vam-udobnee-poluchat-novosti-iz-twi.md:body,паблика,На прошедших выходных запущена автоматичная ретрансляция паблика от имени пользователя @magicdpd. По,публика | Павлика | па блика | па-блика | паб лика,LOW,SPELLING
2016-02-01-esli-vam-udobnee-poluchat-novosti-iz-twi.md:body,Твиттер,На прошедших выходных запущена автоматичная ретрансляция паблика от имени пользователя @magicdpd. По,Свитер | Винтер | Эмиттер,LOW,SPELLING
2016-02-03-istoriya-o-tom-kak-dlya-tsentra-inzhenernyh.md:body,боеприпасом,Army Engineer Research and Development Center) пробивание брони кинетическим боеприпасом моделировал,боеприпасам | боеприпасов | бое припасом | бое-припасом | боеприпасами,LOW,SPELLING
2016-02-03-svershilo-ya-zhdal-etogo-naverno-dazhe-bol.md:body,дополниетльного,"Я ждал этого наверно даже больше, чем очередного релиза . Итак, у компании  CIS обновился сайт! Тепе",дополнительного | дополнительный | дополнительно | дополнительною | дополнительное,LOW,SPELLING
2016-02-03-v-noch-s-4-na-5-fevralya-ansys-provedet.md:body,уделывает,"Я уже видел внутренние демонстрации продукта, и он уделывает всех конкурентов, а распространяется пр",вделывает | делывать | вделывать,LOW,SPELLING
2016-02-04-chto-budet-esli-vystrelit-pod-vodoy-iz-o.md:body,схлопывание,"Это называется сильно связанная  постановка и для  решателя LS-DYNA это совсем не проблема.

Очень к",всхлипывание | захлопывание | склепывание,LOW,SPELLING
2016-02-04-ot-vlekoy-sandiyskoy-natsionalnoy-labora.md:title,влекой,"От влекой Сандийской Национальной Лаборатории ( National Laboratories), средство моделирования механ",влек ой | влек-ой | вделкой | елкой | вклейкой,LOW,SPELLING
2016-02-04-ot-vlekoy-sandiyskoy-natsionalnoy-labora.md:title,Сандийской,"От влекой Сандийской Национальной Лаборатории ( National Laboratories), средство моделирования механ",Индийской | Руандийской | Угандийской | Бандитской | Мансийской,LOW,SPELLING
2016-02-04-ot-vlekoy-sandiyskoy-natsionalnoy-labora.md:body,эйлеровой,"Умеет считать все, что может быть промоделировано в эйлеровой постановке метода конечных элементов. ",флеровой | флеровый | Эйлер | элерон,LOW,SPELLING
2016-02-05-studenty-stambulskogo-tehnicheskogo-univ.md:title,дроздофилы,Студенты Стамбульского технического университета (Istanbul Technical University) построили модель по,дрозофилы | дрозофил | дрозофила | дрозофиле | дрозофилу,LOW,SPELLING
2016-02-07-samyy-molodoy-iz-velikih-17-let-nazad.md:title,софта,"Самый молодой из великих: 17 лет назад, в феврале 1999 была представлена версия /CAE V1.0 - первая в",софита | софа | кофта | сорта | соф та,LOW,SPELLING
2016-02-09-na-start-vnimanie-marsh.md:body,самописном,"На старт, внимание, марш!

Пример расчета давления, теплового потока и поверхностного трения вызывае",сам описном | сам-описном | самописок | самоличном | самописцам,LOW,SPELLING
2016-02-09-na-start-vnimanie-marsh.md:body,mp4,"На старт, внимание, марш!

Пример расчета давления, теплового потока и поверхностного трения вызывае",а | и | к | о | я,LOW,SPELLING
2016-02-11-zhazhda-vse-rabota-msc-dytran-v-eylerov.md:body,эйлеровой,"Работа   в эйлеровой постановке.

Dytran - Water Pouring",флеровой | флеровый | Эйлер | элерон,LOW,SPELLING
2016-02-12-kompaniya-cfd-support-ltd-predlagaet-vse.md:title,давольно,"Компания CFD support, Ltd предлагает всем желающим сборки открытого  кода  под Windows, что давольно",довольно | да вольно | да-вольно | давильный | довольный,LOW,SPELLING
2016-02-12-novost-dnya-dlya-nashih-staryh-druzey-ko.md:body,кем-то,"Сегодня их компания была куплена, и не кем-то, а самими  Web Services ().

Это очень хорошая поддерж",кетою | кетой | кетон | кетоз | кем,LOW,SPELLING
2016-02-14-nanofluidx-eto-ochen-interesnyy-reshate.md:body,Во-первых,"Он разработан компанией  GmbH, входящей в состав  Partner Alliance ().  предназначен для моделирован",Первых | Оперных | Опертых | Волевых | Впертых,LOW,SPELLING
2016-02-14-nanofluidx-eto-ochen-interesnyy-reshate.md:body,Во-вторых,"Он разработан компанией  GmbH, входящей в состав  Partner Alliance ().  предназначен для моделирован",Повторных | Которых | Повторный | Который,LOW,SPELLING
2016-02-15-ansys-v-17-versii-vse-delaet-s-10-ti-kr.md:title,наконец-то," в 17 версии все делает с 10-ти кратным размахом. Судя по данной публикации, специалисты ANSYS након",наконец | наконечный | наконечною | наконечное | наконечной,LOW,SPELLING
2016-02-15-ansys-v-17-versii-vse-delaet-s-10-ti-kr.md:body,10x, Magic or Patentable? ANSYS 17.0 Adds 10x Faster Electromagnetics Solver > ENGINEERING.com ,а | и | к | о | я,LOW,SPELLING
2016-02-16-cloud-cad-onshape-dlya-ios-prosto-za.md:title,заглядение,   для : просто заглядение!,загляденье | загляденьем | загляденью | загляденья | заглушение,LOW,SPELLING
2016-02-16-cloud-cad-onshape-dlya-ios-prosto-za.md:body,заглядение,"   для : просто заглядение!

What’s New in Onshape Mobile (02/02/16)",загляденье | загляденьем | загляденью | загляденья | заглушение,LOW,SPELLING
2016-02-16-u-kompanii-friendship-systems-est-ochen.md:title,морфинга,"У компании FRIENDSHIP SYSTEMS есть очень интересный продукт CAESES, предназначенный для оптимизации ",морфина | морфин га | морфин-га | морфин | морфине,LOW,SPELLING
2016-02-16-u-kompanii-friendship-systems-est-ochen.md:body,10x,"Примером задачи для CAESES может служить оптимизация аэродинамических элементов для болидов F1.

Люб",а | и | к | о | я,LOW,SPELLING
2016-02-19-dlya-vseh-polzovateley-ansys-predlagayu.md:body,операционке,"Теперь вы узнаете, на какой операционке запуститься ANSYS 18.0 и какую систему удаленной визуализаци",операционное | операционные | операционный,LOW,SPELLING
2016-02-20-kak-pletenaya-tkan-uderzhit-pulyu-eto-och.md:body,учетам,На него есть познавательный ответ в данном видео. Плетеную ткань моделируют при помощи shell элемент,учета | счетам | учетом | чет | счет,LOW,SPELLING
2016-02-22-nemnogo-pro-hpc-v-vyhodnye-komanda-so.md:body,виртуализации,"Команда, создающая уникальное программное обеспечение ScaleMP, рассказал о своих очередных успехах. ",визуализации | визуализация | визуализацию,LOW,SPELLING
2016-02-22-nemnogo-pro-hpc-v-vyhodnye-komanda-so.md:body,двухсокетных,"Команда, создающая уникальное программное обеспечение ScaleMP, рассказал о своих очередных успехах. ",двухскатных | двухсветных | двухскатный | двухсветный,LOW,SPELLING
2016-02-26-tema-ot-chitatelya-alexander-zaytsev-ic.md:title,иcтория,Тема от читателя (Alexander Zaytsev): иcтория успеха +.,история | тория | историях | историям | иттрия,LOW,SPELLING
2016-02-28-u-comsol-poyavilsya-livelink-k-solidwor.md:body,Наконец-то,"Наконец-то у Comsol появляется поддержка нормального .

 COMSOL Brings LiveLink for SOLIDWORKS Integ",Наконец | Наконечный | Наконечною | Наконечное | Наконечной,LOW,SPELLING
2016-03-01-novosti-ot-chitatelya-dmitriy-borovkov.md:title,Боровков,Новости от читателя (Дмитрий Боровков):  продолжает считать для Формула-1,Боровиков | Боровов | Боровик,LOW,SPELLING
2016-03-03-esli-kto-polzuet-ansys-polyflow-sot.md:title,пользует,Если кто пользует   - сотф для моделирования литья пластмасс - то вот вам новость.,пользуется | использует | полезет | полезут | ползает,LOW,SPELLING
2016-03-03-esli-kto-polzuet-ansys-polyflow-sot.md:title,сотф,Если кто пользует   - сотф для моделирования литья пластмасс - то вот вам новость.,соф | сот | соте | сотр | соты,LOW,SPELLING
2016-03-04-kontakt-s-treniem-bolshimi-peremescheniyam.md:title,прощелкиванием,"Контакт с трением, большими перемещениями, прощелкиванием и гиперупругим материалом.",пощелкиванием | прищелкиванием | перещелкивание,LOW,SPELLING
2016-03-06-4-marta-1976-goda-40-let-nazad-los-ala.md:title,суперкомпьютер,4 марта 1976 года (40 лет назад) Лос-Аламосская национальная лаборатория получила свой долгожданный ,супер компьютер | супер-компьютер,LOW,SPELLING
2016-03-07-tychina-konstantin-aleksandrovich-ktn.md:title,расчётного,"Тычина Константин Александрович (к.т.н., доцент) не только Начальник расчётного сектора  ФГУП ММПП """,расчетного | распутного | расчетный | распутный,LOW,SPELLING
2016-03-07-tychina-konstantin-aleksandrovich-ktn.md:body,Баумана,"Н.Э.Баумана, но и совершенно выдающийся популяризатор сопромата. На своем канале и сайте Константин ",Батмана | Басурмана | Батманах | Батманам | Брахмана,LOW,SPELLING
2016-03-08-kak-glasit-vikipediya-neodnorodnyy-ratsio.md:body,причём,"Non-uniform rational B-spline) — математическая форма, применяемая в компьютерной графике для генера",причем | прись | прочь | прячь,LOW,SPELLING
2016-03-08-kak-glasit-vikipediya-neodnorodnyy-ratsio.md:body,распространённым,"Non-uniform rational B-spline) — математическая форма, применяемая в компьютерной графике для генера",распространенным | распространенными | распространенном | распространенные | распространенных,LOW,SPELLING
2016-03-08-kak-glasit-vikipediya-neodnorodnyy-ratsio.md:body,из-за,"Non-uniform rational B-spline) — математическая форма, применяемая в компьютерной графике для генера",изба | извоза | изюма | из | низа,LOW,SPELLING
2016-03-10-nizkourovnevaya-rabota-s-faylvmi-rezulta.md:title,файлвми,"Низкоуровневая работа с файлвми результатов   (.RST) в C/C++ от компании , Inc.",файлами,HIGH,SPELLING
2016-03-12-poslednyuyu-nedelyu-ya-izuchal-shtampovku-glu.md:title,пружинение,"Последнюю неделю я изучал штамповку, глубокую вытяжку и обратное пружинение.",пружинное | пружинные | причинение | пружинящие | пружинный,LOW,SPELLING
2016-03-12-poslednyuyu-nedelyu-ya-izuchal-shtampovku-glu.md:body,пружиненная,"Нашел очень много познавательных материалов, и, по итогам, сделал небольшой пример при помощи моего ",пружинная | прижизненная | причиненная | пружинный | прижизненный,LOW,SPELLING
2016-03-12-poverte-raschet-daet-bolee-krasivyy-rez.md:title,3Ds,"Поверьте, расчет дает более красивый результат чем 3Ds MAX",А | И | К | О | Я,LOW,SPELLING
2016-03-12-poverte-raschet-daet-bolee-krasivyy-rez.md:body,3Ds,"Поверьте, расчет дает более красивый результат чем 3Ds MAX",А | И | К | О | Я,LOW,SPELLING
2016-03-12-uvidel-svet-maple-2016.md:body,Сохранённая,"Увидел свет  2016!

~~Maple 2016 Release Expands Engineering, Science and Math Applications > ENGINE",Сохраненная | Сохранная | Сохраненный | Сохранный,LOW,SPELLING
2016-03-13-zapis-vebinara-po-novym-vozmozhnostyam-a.md:title,попкорном,Запись вебинара по новым возможностям   17 доступна для просмотра. Все за попкорном!,покорном | подкорном | опорном,LOW,SPELLING
2016-03-14-pro-mehaniku-rasskazat-mozhno-i-cfd-v.md:body,Сохранённая,"Про механику рассказать - можно и  вспомнить

~~Запись вебинара «Обновления и новые возможности ANSY",Сохраненная | Сохранная | Сохраненный | Сохранный,LOW,SPELLING
2016-03-15-kak-by-ne-byl-strashen-ls-prepost-a-malo.md:body,изогеометрических,Совсем недавно я писал про использование так называемых изогеометрических (Iso-Geometric)  элементов,изо геометрических | изо-геометрических,LOW,SPELLING
2016-03-15-krome-shtampovki-ya-reshil-tryahnut-starin.md:body,Когда-то,"Когда-то, на четвертом и пятом курсе, я плотно ей занимался: трогал   и FE-DESIGN  Structure (ныне ч",Когда | Богато | Рогато | Космато | Поддато,LOW,SPELLING
2016-03-15-krome-shtampovki-ya-reshil-tryahnut-starin.md:body,изготовляемости,"Когда-то, на четвертом и пятом курсе, я плотно ей занимался: трогал   и FE-DESIGN  Structure (ныне ч",изготовляем ости | изготовляем-ости,LOW,SPELLING
2016-03-16-kak-to-menya-sprashivali-pro-lineynuyu-i-ne.md:title,Как-то,Как-то меня спрашивали про линейную и нелинейную потерю устойчивости.,Факто | Какао | Акт,LOW,SPELLING
2016-03-16-kak-to-menya-sprashivali-pro-lineynuyu-i-ne.md:body,как-то,"Тогда я запомнил, что как-то нет у меня хорошего материала для ликбеза. Теперь такой материал есть.
",факто | какао | акт,LOW,SPELLING
2016-03-17-ya-vchera-u-tsnii-elektropribor-na-konfer.md:body,браузерам,P.S. Хозяйке на заметку: SlideGo оказался единственным средством опубликовать презентацию с интегрир,фразерам | маузерам | траулерам | фразер | маузер,LOW,SPELLING
2016-03-17-ya-vchera-u-tsnii-elektropribor-na-konfer.md:body,mp4,P.S. Хозяйке на заметку: SlideGo оказался единственным средством опубликовать презентацию с интегрир,а | и | к | о | я,LOW,SPELLING
2016-03-19-blok-cheloveka-po-fonu-proschitavshego-vnesh.md:body,форк,"Есть ссылка на форк проекта в 

Shelby GT350R Mustang CFD simulations - The Answer is 27",фок | фора | форд | форе | форм,LOW,SPELLING
2016-03-20-vstrechaem-akselos-programmnoe-obespeche.md:body,эксклюзивно,"RB-FEM - это основная фишка решателя, эксклюзивно разработанная в . Она позволяет, по заявлениям раз",эксклюзивною | эксклюзивное | эксклюзивной | эксклюзивном | эксклюзив но,LOW,SPELLING
2016-03-21-mezhdunarodnaya-platforma-online-obucheniya.md:body,сокращённо,Курс лекций будет проводится этим летом совместно с Корнелльскии университетом (англ. Cornell Univer,сокращенно | сокращенною | сокращенное | сокращенной | сокращенном,LOW,SPELLING
2016-03-24-video-urok-po-gibkeformovke-metalla-v.md:title,гибке,Видео урок по гибке/формовке металла в  с учетом пружинения.,гибкие | гибкое | грибке | гике | гибка,LOW,SPELLING
2016-03-24-video-urok-po-gibkeformovke-metalla-v.md:title,пружинения,Видео урок по гибке/формовке металла в  с учетом пружинения.,пружинная | причинения | пружинный | причинение | пружинящий,LOW,SPELLING
2016-03-26-hpc-advisory-council-best-practices-e.md:title,масштабируемости, Advisory Council Best Practices - это архив данных по масштабируемости более 140 вычислительных код,масштабируем ости | масштабируем-ости,LOW,SPELLING
2016-03-30-dekadens-v-kvadrate-ot-ansys-no-budusch.md:title,Декаденс,Декаденс в квадрате от  - но будущее ведь за ?,Декаданс | Декадент | Декаде нс | Декаде-нс | Декаданса,LOW,SPELLING
2016-03-31-ansys-uspel-do-1-aprelya-anonsirovat-svo.md:body,регестрируйтесь,Эластичные лицензии работают так: вы приобретаете мешок жетончиков и далее можете тратить его по ваш,регистрируйтесь | регистрироваться | регистрируетесь,LOW,SPELLING
2016-03-31-ansys-uspel-do-1-aprelya-anonsirovat-svo.md:body,блога,Эластичные лицензии работают так: вы приобретаете мешок жетончиков и далее можете тратить его по ваш,бога | лога | блага | блоха | блока,LOW,SPELLING
2016-03-31-chto-novogo-v-abaqus-2016-smotrim-novu.md:title,коменты,Что нового в  2016 - смотрим новую серию увлекательного сериала (целых 45 минут) и пишем коменты.,кометы | моменты | ко менты | ко-менты | кометные,LOW,SPELLING
2016-03-31-velikiy-i-uzhastnyy-calculix-graphix.md:title,ужастный,Великий и ужастный   - открытый решатель механики.,ужасный | устный | ужасны | ужасней | ужасной,LOW,SPELLING
2016-04-01-dlya-teh-kto-propustil-cadfem-ansys.md:body,КЭ-Сетка,"Для тех, кто пропустил  

Запись вебинара «Обновления и новые возможности ANSYS 17.0 – Геометрия и К",Эстетка | Сетка | Каскетка | Кисета | Клетка,LOW,SPELLING
2016-04-02-lyubuyu-zhiznennuyu-problemu-mozhno-reshit-s.md:body,Бендер,""" - Бендер Родригез.

Моделирование гибки на элемент двойной толщины",Бедер | Тендер | Бандур,LOW,SPELLING
2016-04-04-ya-davno-hotel-osvoit-cfd-no-dalshe-po.md:title,как-то,"Я давно хотел освоить , но дальше получения отличной оценки по данному предмету в институте как-то н",факто | какао | акт,LOW,SPELLING
2016-04-04-ya-davno-hotel-osvoit-cfd-no-dalshe-po.md:body,двухфайзные,ANSYS  все время огорчает нехваткой очевидный функций. Так что на этих выходных я начал самообучение,двухфазные | двухфазное | двухфазных | двухфазный | двухфазным,LOW,SPELLING
2016-04-04-ya-davno-hotel-osvoit-cfd-no-dalshe-po.md:body,неньютоновские,ANSYS  все время огорчает нехваткой очевидный функций. Так что на этих выходных я начал самообучение,не ньютоновские | не-ньютоновские | ньютоновские | ньютоновский | ньютоновских,LOW,SPELLING
2016-04-05-ot-chitateley-podrobnyy-razbor-hpc-vozm.md:body,Тим,"Жаль, что я не люблю LINPAC, так как он ничего о реальной производительности не говорит.

Тестирован",Таим | Им | Этим | Чтим | Хим,LOW,SPELLING
2016-04-05-ot-chitateley-podrobnyy-razbor-hpc-vozm.md:body,Компьютерс,"Жаль, что я не люблю LINPAC, так как он ничего о реальной производительности не говорит.

Тестирован",Компьютер | Компьютера | Компьютере | Компьютеру | Компьютеры,LOW,SPELLING
2016-04-06-s-udovolstviem-nashel-rodnoy-politeh.md:title,суперкомпьютеров,С удовольствием нашел родной  () на третьей строчке  рейтинга суперкомпьютеров России.,супер компьютеров | супер-компьютеров,LOW,SPELLING
2016-04-06-s-udovolstviem-nashel-rodnoy-politeh.md:body,Суперкомпьютеры,TOP 50 | Суперкомпьютеры,Супер компьютеры | Супер-компьютеры,LOW,SPELLING
2016-04-07-moi-znakomye-immers-delayut-pogruzhnye-h.md:title,погружные,"Мои знакомые  делают погружные  кластеры - выглядит очень жестоко, когда систему заливают ""водой"".",погружены | погруженные | погружение | окружные | поручные,LOW,SPELLING
2016-04-08-dlya-zadach-vizualizatsii-zhidkosti-horosho-p.md:body,залипательно,"Однако авторы статьи сделали некое ""улучшение"" этого метода - divergence-free SPH (). Что именно они",занимательно | зажигательно | занимательный | зажигательный,LOW,SPELLING
2016-04-09-simscale-umeet-schitat-dazhe-gibku-eto.md:title,гибку, умеет считать даже гибку!,гибкую | грибку | гику | гибка | гибки,LOW,SPELLING
2016-04-10-control-mpp-decomposition-rcblog-kogd.md:title,блог,*CONTROL_MPP_DECOMPOSITION_RCBLOG - когда даже у метода RCB (recursive coordinate bisection) в  есть,бог | лог | благ | блох | блок,LOW,SPELLING
2016-04-10-v-o-bschestvo-imeni-fraungo-fera-fraunhof.md:title,бщество,В О́бщество имени Фраунго́фера (Fraunhofer-Gesellschaft) - основном объединение институтов прикладны,общество | бегство | обществом | божество | обществ,LOW,SPELLING
2016-04-10-v-o-bschestvo-imeni-fraungo-fera-fraunhof.md:title,Фраунго,В О́бщество имени Фраунго́фера (Fraunhofer-Gesellschaft) - основном объединение институтов прикладны,Фрачного | Франко | Фрамуга | Фауна | Яранга,LOW,SPELLING
2016-04-10-v-o-bschestvo-imeni-fraungo-fera-fraunhof.md:title,фера,В О́бщество имени Фраунго́фера (Fraunhofer-Gesellschaft) - основном объединение институтов прикладны,ферма | ферта | фетра | флера | ера,LOW,SPELLING
2016-04-10-v-o-bschestvo-imeni-fraungo-fera-fraunhof.md:body,что-то,"Чистки зубов, Карл! В !!!

А вы говорите что-то про британских ученых.

Improving dental hygiene pro",ото | тот | что | фото | лото,LOW,SPELLING
2016-04-11-mps-moving-particle-simulation-bess.md:title,бессеточный, (Moving Particle Simulation) - бессеточный метод для решения задач взаимодействия жидкости и твердо,бессточный | бес сеточный | бес-сеточный | беседочный | бессрочный,LOW,SPELLING
2016-04-11-mps-moving-particle-simulation-bess.md:body,чем-то,"Прежде всего, этот метод, чем-то похожий на , имеет как явную, так и неявную схемы интегрирования по",четно | четою | четой | четок | чебот,LOW,SPELLING
2016-04-11-mps-moving-particle-simulation-bess.md:body,независимомо,"Прежде всего, этот метод, чем-то похожий на , имеет как явную, так и неявную схемы интегрирования по",независимом | независимого | независимому,LOW,SPELLING
2016-04-12-nashel-na-prostorah-interneta-horoshuyu-sta.md:body,самообучаться,"Про  я знал давно, а вот про  Systems и  Networks узнал впервые. Будем и дальше самообучаться.

Обра",само обучаться | само-обучаться | самоокупаться | самоокупался | самоокупаясь,LOW,SPELLING
2016-04-12-nashel-na-prostorah-interneta-horoshuyu-sta.md:body,виртуализация,"Про  я знал давно, а вот про  Systems и  Networks узнал впервые. Будем и дальше самообучаться.

Обра",визуализация | визуализацию | визуализации,LOW,SPELLING
2016-04-13-vstrechayte-programmnye-kody-hyperflow3d.md:title,Сучкова,Встречайте программные коды  и  от Сергея Сучкова.,Сучковая | Сучковат | Сучков | Лучковый | Пучковый,LOW,SPELLING
2016-04-13-vstrechayte-programmnye-kody-hyperflow3d.md:body,Твиттер,"Как пишет сам автор про свой проект - трудно переводимая игра слов: ""Parallel (C++/MPI/OpenMP/CUDA) ",Свитер | Винтер | Эмиттер,LOW,SPELLING
2016-04-14-kompaniya-functionbay-inc-sozdatel-re.md:title,основанноый,"Компания FunctionBay, Inc. создатель  (решатель механики, основанноый на так называемом подходе Mult",основанной | основанный | основанною,LOW,SPELLING
2016-04-14-kompaniya-functionbay-inc-sozdatel-re.md:title,решателем,"Компания FunctionBay, Inc. создатель  (решатель механики, основанноый на так называемом подходе Mult",вешателем | вешателе | предателем | вешатель | делателем,LOW,SPELLING
2016-04-15-moi-starye-dobrye-znakomye-sigma-tehnol.md:body,уважили,"Итак, версии 3.3 появились такая долгожданная прямая интеграция с   через . Теперь IOSO есть в схема",увлажили | уварили | уважали | увлажить | уварить,LOW,SPELLING
2016-04-15-moi-starye-dobrye-znakomye-sigma-tehnol.md:body,уделывающая,"Итак, версии 3.3 появились такая долгожданная прямая интеграция с   через . Теперь IOSO есть в схема",вделывающая | уплывающая | доделывающая | обделывающая | отделывающая,LOW,SPELLING
2016-04-18-etot-volshebnyy-dns-dlya-teh-u-kogo-hvat.md:title,суперкомпьютер,"Этот волшебный DNS, для тех, у кого хватило денег на суперкомпьютер.",супер компьютер | супер-компьютер,LOW,SPELLING
2016-04-18-etot-volshebnyy-dns-dlya-teh-u-kogo-hvat.md:body,Аргоннской,"А еще вам потребуется  код  (Parallel Hierarchic Adaptive Stabilized Transient Analysis), подробнее ",Арагонской | Аргунской | Арденнской | Арагонский | Аргунский,LOW,SPELLING
2016-04-19-ya-nakonets-smog-poschitat-cfd-zadachu-so.md:body,пристеночные,"Использовал слегка модифицированную постановку Sunao Tokura из стати ""Validation of Fluid Analysis C",простеночные | пристрелочные | приставочные | простеночное | простеночных,LOW,SPELLING
2016-04-19-ya-nakonets-smog-poschitat-cfd-zadachu-so.md:body,глючат,"Использовал слегка модифицированную постановку Sunao Tokura из стати ""Validation of Fluid Analysis C",галчат | лечат | дрючат | случат | влачат,LOW,SPELLING
2016-04-20-eto-chto-to.md:title,что-то,Это что-то!,ото | тот | что | фото | лото,LOW,SPELLING
2016-04-20-eto-chto-to.md:body,что-то,Это что-то!,ото | тот | что | фото | лото,LOW,SPELLING
2016-04-21-kompaniya-impact-design-europe-vhodyaschaya.md:title,краш,"Компания Impact Design Europe, входящая в  Partner Alliance показала способ, как получить расчет тип",краше | крашу | каш | краю | краб,LOW,SPELLING
2016-04-26-esche-odni-vyhodnye-esche-odin-etap-samoob.md:body,недеформируемой,"На этот раз я решали простейшую задачу  моделирующую работы некого волнопродуктора.

В бассейне со с",не деформируемой | не-деформируемой | деформируемой | деформируемый | деформируемою,LOW,SPELLING
2016-04-26-esche-odni-vyhodnye-esche-odin-etap-samoob.md:body,решателем,"На этот раз я решали простейшую задачу  моделирующую работы некого волнопродуктора.

В бассейне со с",вешателем | вешателе | предателем | вешатель | делателем,LOW,SPELLING
2016-04-28-i-ya-tam-byl-med-pivo.md:title,мед-пиво,"И я там был, мед-пиво...",медико | месиво | медик | Медина | медник,LOW,SPELLING
2016-04-28-i-ya-tam-byl-med-pivo.md:body,мед-пиво,"И я там был, мед-пиво...",медико | месиво | медик | Медина | медник,LOW,SPELLING
2016-04-29-a-u-msc-okazyvaetsya-est-otlichnyy-sofi.md:title,софи,А у  оказывается есть отличный софи для моделирования сварочных сварки.,софит | Софию | Софии | София | Софьи,LOW,SPELLING
2016-04-29-neobychnyy-fen-ot-dyson-i-na-133-opyat.md:title,что-то,"Необычный фен от , и на 1:33 опять мелькает что-то похожее на   - или я не прав?",ото | тот | что | фото | лото,LOW,SPELLING
2016-04-30-u-dassault-konechno-ochen-effektnyy-post.md:title,мен,"У  конечно очень эффектный постпроцессор... но мен одному кажется, что он прямо на рекламном видео т",мне | меню | мена | мене | меня,LOW,SPELLING
2016-05-02-komaniya-multimechanics-obyavila-ob-inte.md:title,Комания,Комания  объявила об интеграции своего продукта  в среду .,Компания | Копания | Ко мания | Ко-мания | Компаниях,LOW,SPELLING
2016-05-02-komaniya-multimechanics-obyavila-ob-inte.md:body,Чем-то,"Из описания можно сделать вывод, что  будет доступен в ближайшем месяце на портале поддержки ANSYS.
",Четно | Четою | Четой | Четок | Чебот,LOW,SPELLING
2016-05-05-interesnye-novosti-proishodyat-mezhdu-praz.md:title,когда-то,Интересные новости происходят между праздниками. Команда   Pro открывает исходные коды своего планир,когда | богато | рогато | космато | поддато,LOW,SPELLING
2016-05-18-vot-tak-v-odnom-proekte-udalos-sovmest.md:title,кэширования,"Вот так, в одном проекте удалось совместить все лучшие практики : тут и , и  для ускорения расчетов,",хеширования | кодирования | копирования | купирования | курирования,LOW,SPELLING
2016-05-18-vot-tak-v-odnom-proekte-udalos-sovmest.md:title,вживую,"Вот так, в одном проекте удалось совместить все лучшие практики : тут и , и  для ускорения расчетов,",живую | лживую | вживлю | вшивую | лживый,LOW,SPELLING
2016-05-18-vot-tak-v-odnom-proekte-udalos-sovmest.md:body,ВОЕНМЕХ,"Мы это сделали!

Проектирование вычислительного кластера БГТУ «ВОЕНМЕХ» им. Д.Ф.Устинова | Инженерны",ВОЕН МЕХ | ВОЕН-МЕХ,LOW,SPELLING
2016-05-18-vot-tak-v-odnom-proekte-udalos-sovmest.md:body,Устинова,"Мы это сделали!

Проектирование вычислительного кластера БГТУ «ВОЕНМЕХ» им. Д.Ф.Устинова | Инженерны",Устина | Установка | Устином | Останова | Устин,LOW,SPELLING
2016-05-19-novost-po-zhelezu-nvidia-nachinaet-mass.md:body,числодробилкой,"Теперь у них есть  M60/M6 которая может быть как визуализатором, так и числодробилкой - это хорошо. ",число дробилкой | число-дробилкой,LOW,SPELLING
2016-05-21-19-maya-ansys-obyavil-o-svoey-novoy-tehn.md:title,ака,19 мая  объявил о своей новой технологии ANSYS  ( ) для работы с большими данными (ака ).,акаю | акад | акай | акал | акая,LOW,SPELLING
2016-05-21-19-maya-ansys-obyavil-o-svoey-novoy-tehn.md:body,софт,Первым продуктом на базе данной технологии становиться ANSYS  ( ) предназначенный для проектирования,софит | соф | сот | кофт | софа,LOW,SPELLING
2016-05-21-grabcad-resurs-sobirayuschiy-3d-i-cad-m.md:body,политеха,В рамках проекта предлагается печать любых моделей из каталога сайта по вашему заказу. Этакий аналог,политеса | полита | потеха | политес | политых,LOW,SPELLING
2016-05-23-sozdateli-modeli-betona-kcc-dlya-lsdyna.md:body,взрывозащитную,"На этот раз они бахнули взрывозащитную стену.

K&C: Test of Blast Resistant Curtain Wall System",взрывозащиту | взрывозащитою | взрывозащита,LOW,SPELLING
2016-05-23-ya-kak-to-umudrilsya-propustit-oblachnyy-s.md:title,как-то,Я как-то умудрился пропустить облачный сервис для  расчетов от команды .,факто | какао | акт,LOW,SPELLING
2016-05-24-i-v-dogonu-ko-vcherashney-novosti-pro-sim.md:title,догону,И в догону ко вчерашней новости про  - вебинар от  (облачный ) посвященной их совместной работе.,догоню | догони | погону | до гону | до-гону,LOW,SPELLING
2016-05-25-hotite-nachat-nemnogo-razbiratsya-v-hpc.md:body,блогов,"Мои друзья из  или Bright Computing разместили у себя обзор лучших HPC блогов.

8 Best HPC Blogs To ",богов | логов | блоков | слогов | бог,LOW,SPELLING
2016-05-27-dlinnyy-url-pablika-sokraschen-teper-eg.md:title,паблика,Длинный URL паблика сокращен - теперь его еще проще запомнить!,публика | Павлика | па блика | па-блика | паб лика,LOW,SPELLING
2016-05-27-dlinnyy-url-pablika-sokraschen-teper-eg.md:body,Вконтакте,"Читайте во Вконтакте:  
Читайте в Twitter:  

Magic DPD (@magicdpd) | Твиттер",Контакте | Контактен | Контракте | Контакт | Контакта,LOW,SPELLING
2016-05-27-dlinnyy-url-pablika-sokraschen-teper-eg.md:body,Твиттер,"Читайте во Вконтакте:  
Читайте в Twitter:  

Magic DPD (@magicdpd) | Твиттер",Свитер | Винтер | Эмиттер,LOW,SPELLING
2016-05-30-predstavte-volshebnyy-mir-k-kotorom-pow.md:body,какая-то,"А  такое уже сделал! Получается с данным пакетом какая-то жизнь в розовом цвете:
- геометрию подгота",какао | какая | какают | какает | какало,LOW,SPELLING
2016-05-30-predstavte-volshebnyy-mir-k-kotorom-pow.md:body,верификационным,"А  такое уже сделал! Получается с данным пакетом какая-то жизнь в розовом цвете:
- геометрию подгота",сертификационным | тарификационным | сертификационный | тарификационный,LOW,SPELLING
2016-05-30-vy-navernyaka-slyshali-pro-elektricheskiy-m.md:body,Мартиалы,"Этот проект - отличный пример работы аддитивных технологий.

Но мне намного больше интересно програм",Маралы | Маршалы | Марал | Марта | Марти,LOW,SPELLING
2016-05-31-britanskaya-leat-manufacturing-assambly.md:title,прогамного,"Британская Leat Manufacturing & Assambly Technology, или просто , специализируется на разработке про",программного | поганого | прогнанного | проемного | проданного,LOW,SPELLING
2016-05-31-britanskaya-leat-manufacturing-assambly.md:title,термореактивных,"Британская Leat Manufacturing & Assambly Technology, или просто , специализируется на разработке про",турбореактивных | турбореактивный | турбореактивные | турбореактивным,LOW,SPELLING
2016-06-01-bolshoy-doklad-po-sistemam-vizualizatsii.md:body,кодек,"Полезно узнать про их новый видео кодек.

Citrix Synergy 2016 - SYN208 - Power HDX 3D applications w",кодекс | коде | коек | конек | кошек,LOW,SPELLING
2016-06-02-onshape-vykatili-instrument-dlya-paramet.md:title,кастомизации, выкатили инструмент для параметризации и кастомизации своего облачного .,атомизации | атомизация | атомизацию,LOW,SPELLING
2016-06-03-prodolzhaya-temu-ntopology-i-autodesk-w.md:body,изоповерхности,В 14-ой версии OptiStruct получил возможность создавать пористые конструкции на основе результатов т,изо поверхности | изо-поверхности,LOW,SPELLING
2016-06-07-video-chto-by-zadumatsya-o-prirode-podem.md:body,Коа,"А как насчет учета эффект Коа́нда? Все специалисты по  приглашаются на !

Airfoil | How it generates",Ока | Кода | Кока | Кола | Кома,LOW,SPELLING
2016-06-07-video-chto-by-zadumatsya-o-prirode-podem.md:body,нда,"А как насчет учета эффект Коа́нда? Все специалисты по  приглашаются на !

Airfoil | How it generates",дна | над | да | на | энда,LOW,SPELLING
2016-06-08-davno-u-menya-ne-bylo-rabot-ot-predictive.md:body,Цая-Ву,После долгого перерыва ребята порадовали большим видно с рассказом о их расчете композитного контейн,Наяву | Яву | Халяву | Заявку | Айву,LOW,SPELLING
2016-06-09-ansys-delaet-shikarnyy-podarok-dlya-stude.md:body,Сохранённая,"Если с раньше с ANSYS Student вам не надо было платить за лицензии, то теперь вам даже не надо покуп",Сохраненная | Сохранная | Сохраненный | Сохранный,LOW,SPELLING
2016-06-09-eto-ne-hentay-eto-prezentatsiya-ansys.md:title,хентай,Это не хентай - это презентация    на японском!,хунта | лента | рента | хунтах | хунтам,LOW,SPELLING
2016-06-10-nashel-horoshego-bro-cadbro-universal.md:title,Бро,"Нашел хорошего Бро:  - универсальный  процессор, способный просматривать, конвертировать, редактиров",Бор | Бюро | Брод | Бром | Буро,LOW,SPELLING
2016-06-10-nashel-horoshego-bro-cadbro-universal.md:body,Сохранённая,"Дело за маленьким - $1500

~~  → Сохранённая версия

*Оригинальная ссылка больше не доступна*",Сохраненная | Сохранная | Сохраненный | Сохранный,LOW,SPELLING
2016-06-11-interesnyy-fakt-pervye-polzovateli-an.md:body,Свонсоном,"Интервью с самим профессором Джоном Свонсоном (Dr. John A. Swanson), основанием компании , Inc. в ра",Спонсором | Спонсор | Спонсорам | Спонсоров,LOW,SPELLING
2016-06-11-interesnyy-fakt-pervye-polzovateli-an.md:body,лльского,"Интервью с самим профессором Джоном Свонсоном (Dr. John A. Swanson), основанием компании , Inc. в ра",ульчского | галльского | аульского | июльского | мальского,LOW,SPELLING
2016-06-11-interesnyy-fakt-pervye-polzovateli-an.md:body,университе,"Интервью с самим профессором Джоном Свонсоном (Dr. John A. Swanson), основанием компании , Inc. в ра",университет | университета | университете | университету | университеты,LOW,SPELLING
2016-06-11-interesnyy-fakt-pervye-polzovateli-an.md:body,Свонсон,"Интервью с самим профессором Джоном Свонсоном (Dr. John A. Swanson), основанием компании , Inc. в ра",Спонсор | Спонсора | Спонсоре | Спонсору | Спонсоры,LOW,SPELLING
2016-06-11-interesnyy-fakt-pervye-polzovateli-an.md:body,лльском,"Интервью с самим профессором Джоном Свонсоном (Dr. John A. Swanson), основанием компании , Inc. в ра",ульчском | галльском | лоском | аульском | июльском,LOW,SPELLING
2016-06-12-s-udivleniem-dlya-sebya-uznal-chto-u-plat.md:title,брендом,"С удивлением для себя узнал, что у   (Load Sharing Facility) принадлежащего компании  теперь есть бе",бредом | бренном | бред,LOW,SPELLING
2016-06-12-u-politeha-est-takaya-interesnaya-stranich.md:title,Политеха,"У Политеха есть такая интересная страничка, на которой можно записаться на различные лекции.",Политеса | Полита | Потеха | Политес | Политых,LOW,SPELLING
2016-06-12-u-politeha-est-takaya-interesnaya-stranich.md:body,Ломова,"Например на лекцию по композитам от профессора Ломова, что будет в сентябре, я постараюсь обязательн",Ломовая | Ломов | Логова | Ломота | Домовый,LOW,SPELLING
2016-06-12-u-politeha-est-takaya-interesnaya-stranich.md:body,СПбПУ,"Например на лекцию по композитам от профессора Ломова, что будет в сентябре, я постараюсь обязательн",Спеху | Спячу | СПИДу | Папуа,LOW,SPELLING
2016-06-13-esli-vy-deystvitelno-sobiraetes-prinyat.md:title,проводимомКорне,Если вы действительно собираетесь принять участие в учебном курсе проводимомКорне́лльским университе,проводимом Корне | проводимом-Корне,LOW,SPELLING
2016-06-13-esli-vy-deystvitelno-sobiraetes-prinyat.md:title,лльским,Если вы действительно собираетесь принять участие в учебном курсе проводимомКорне́лльским университе,ульчским | галльским | льстим | аульским | июльским,LOW,SPELLING
2016-06-13-esli-vy-deystvitelno-sobiraetes-prinyat.md:title,университе,Если вы действительно собираетесь принять участие в учебном курсе проводимомКорне́лльским университе,университет | университета | университете | университету | университеты,LOW,SPELLING
2016-06-14-a-gde-zhe-gryaz-tak-mozhno-perevesti.md:body,блоге,""" - так можно перевести заметку в блоге . В данной заметке MSC рассказывает о возможности связывать ",боге | логе | благе | блохе | блоке,LOW,SPELLING
2016-06-14-uvy-i-ah-ansys-workbench-lsdyna-act.md:title,багфикс,"Увы и ах:     17.0 наконец появился, но не принес никаких изменений в функционал - только минорный б",аффикс | аффикса | аффиксе | аффиксу | аффиксы,LOW,SPELLING
2016-06-17-esche-raz-o-tom-pochemu-tehnologii-virtual.md:title,многопоточности,"Еще раз о том, почему технологии виртуальной многопоточности (Intel Hyper-Treading и AMD Cluster-bas",много поточности | много-поточности,LOW,SPELLING
2016-06-17-esche-raz-o-tom-pochemu-tehnologii-virtual.md:title,виртуализацией,"Еще раз о том, почему технологии виртуальной многопоточности (Intel Hyper-Treading и AMD Cluster-bas",визуализацией | визуализация | визуализациею,LOW,SPELLING
2016-06-17-esche-raz-o-tom-pochemu-tehnologii-virtual.md:title,многопоточностью,"Еще раз о том, почему технологии виртуальной многопоточности (Intel Hyper-Treading и AMD Cluster-bas",много поточностью | много-поточностью,LOW,SPELLING
2016-06-18-ne-ochen-otechestvennyy-cfd-kod-flowvis.md:title,пересобрали,Не очень отечественный  код  пересобрали для процессоров отечественных  разработанных . Отечественно,пере собрали | пере-собрали | перебрали | перегорали | переизбрали,LOW,SPELLING
2016-06-19-bolshoy-vebinar-po-rabote-xflow-v-oblak.md:body,масштабируемости,Рассказывают о масштабируемости  кода и показывают полный рабочий процесс при расчете модели в облак,масштабируем ости | масштабируем-ости,LOW,SPELLING
2016-06-20-u-lsdyna-i-esi-pam-crash-yavno-raznye-v.md:title,физичнее,"У  и  Pam-Crash явно разные взгляды на то, с какой стороны надо ломать трубу. Мне вот кажется, что ф",физичек | физичке | циничнее | физичка | циничный,LOW,SPELLING
2016-06-21-a-nevedoma-zverushka.md:body,суперкомпьютеров,"""А неведома зверушка""
Китайцы опять возглавили  суперкомпьютеров по версии  (High Perfomance ). На э",супер компьютеров | супер-компьютеров,LOW,SPELLING
2016-06-21-a-nevedoma-zverushka.md:body,суперкомпьютеров,"""А неведома зверушка""
Китайцы опять возглавили  суперкомпьютеров по версии  (High Perfomance ). На э",супер компьютеров | супер-компьютеров,LOW,SPELLING
2016-06-21-a-nevedoma-zverushka.md:body,ПФлопс,"""А неведома зверушка""
Китайцы опять возглавили  суперкомпьютеров по версии  (High Perfomance ). На э",Флокс | Полос | Полоса,LOW,SPELLING
2016-06-21-a-nevedoma-zverushka.md:body,суперкомпьютер,"""А неведома зверушка""
Китайцы опять возглавили  суперкомпьютеров по версии  (High Perfomance ). На э",супер компьютер | супер-компьютер,LOW,SPELLING
2016-06-23-geomagic-design-x-spetsializirovannoe.md:body,чем-то,"В чем-то оно может дать фору даже .

Geomagic Design X Product Overview",четно | четою | четой | четок | чебот,LOW,SPELLING
2016-06-24-vsegda-hotel-chto-nibud-vzorvat-tak-cht.md:body,боеприпаса,Так что я сделал простейший проект моделирующий подрыв сферического боеприпаса в вакууме.  Проект   ,боеприпасах | боеприпасам | боеприпасы | бое припаса | бое-припаса,LOW,SPELLING
2016-06-25-osnovy-rabota-metoda-konechnyh-elementov.md:title,блоге,Основы работа метода конечных элементов в блоге .,боге | логе | благе | блохе | блоке,LOW,SPELLING
2016-06-27-padtinc-podgotovili-horoshiy-obzor-progr.md:body,тренды,"Тут и работа с 3D сканерами, и подготовка геометрии, и топологическая оптимизация с генерацией балоч",аренды | торены | стенды | тред | трудны,LOW,SPELLING
2016-06-28-kompaniya-calyos-pokazala-bezzhidkostnye.md:title,безжидкостные,Компания  показала безжидкостные системы охлаждения на проходящей  выставке   2016. Тепловые трубки ,без жидкостные | без-жидкостные,LOW,SPELLING
2016-06-28-kompaniya-calyos-pokazala-bezzhidkostnye.md:title,охлаждениям,Компания  показала безжидкостные системы охлаждения на проходящей  выставке   2016. Тепловые трубки ,охлаждения | охлаждением | ограждение,LOW,SPELLING
2016-06-28-offtopik-kto-nibud-znaet-sposob-kak-s.md:title,паблики,"Оффтопик: кто-нибудь знает способ, как синхронизировать паблики или группы в  и ?",публики | Павлики | па блики | па-блики | паб лики,LOW,SPELLING
2016-06-28-offtopik-kto-nibud-znaet-sposob-kak-s.md:body,как-то,"Хочется воскресить умершее зеркало MDPD в Фейсбуке, но в ручную шокировать новости туда как-то очень",факто | какао | акт,LOW,SPELLING
2016-06-29-fluidity-cfd-kod-obschego-naznacheniya-s.md:title,качесвте,Fluidity -  код общего назначения с открытым исходным кодом. Основной акцент при разработке кода соз,качестве | качеств | ткачестве | качества | качество,LOW,SPELLING
2016-06-30-demonstratsiyamaster-klass-po-gibke-metal.md:title,гибке,Демонстрация/мастер класс по гибке металла в  .,гибкие | гибкое | грибке | гике | гибка,LOW,SPELLING
2016-06-30-demonstratsiyamaster-klass-po-gibke-metal.md:body,гибке,Демонстрация/мастер класс по гибке металла в  . Ничего невозможного не делают. На мой вкус слишком п,гибкие | гибкое | грибке | гике | гибка,LOW,SPELLING
2016-07-01-msc-software-sovmestno-s-xflow-priglash.md:body,изместно,Как изместно для  кода XFlow основной фишкой является работа с подвижной геометрией - вот они и неал,известно | известною | известное | известной | известном,LOW,SPELLING
2016-07-01-msc-software-sovmestno-s-xflow-priglash.md:body,неализовали,Как изместно для  кода XFlow основной фишкой является работа с подвижной геометрией - вот они и неал,реализовали | легализовали | назализовали | реализовал | реализовала,LOW,SPELLING
2016-07-01-na-dnyah-moy-horoshiy-znakomyy-zadal-mne.md:body,той-же,""" - сказал мне он. И действительно, как так? Существует популярное заблуждение, что решатель  на раз",тоже | той | Оже | тройке | тройне,LOW,SPELLING
2016-07-03-kogda-vy-uvidite-dannoe-soobschenie-poydet.md:body,публиковано,"Знала посвящен обзору волшебных технологий движущих ,  и . За год, что прошел, было публиковано 700+",опубликовано | публиковало | дублированный,LOW,SPELLING
2016-07-03-kogda-vy-uvidite-dannoe-soobschenie-poydet.md:body,Вконтакте,"Знала посвящен обзору волшебных технологий движущих ,  и . За год, что прошел, было публиковано 700+",Контакте | Контактен | Контракте | Контакт | Контакта,LOW,SPELLING
2016-07-03-kogda-vy-uvidite-dannoe-soobschenie-poydet.md:body,найм,"Знала посвящен обзору волшебных технологий движущих ,  и . За год, что прошел, было публиковано 700+",найма | найме | найми | найму | нам,LOW,SPELLING
2016-07-03-vyshel-novyy-starccm+-v1104-odin-iz-s.md:title,навороченых,Вышел новый + v11.04 - один из самых навороченых  кодов.,навороченных | наворочены | наволоченных,LOW,SPELLING
2016-07-04-bill-nitsberg-bill-nitzberg-ceo-podraz.md:title,Ницберг,"Билл Ницберг (Bill Nitzberg), CEO подразделения  Works компании , рассказывает про новости с  2016.",Низверг | Ридберг | Ридберга | Ридберге | Ридберги,LOW,SPELLING
2016-07-04-dlya-samyh-otyavlennyh-gikov-v-moey-audit.md:title,паблика,Для самых отъявленных гиков в моей аудитории запущена трансляция данного паблика на канале MagicDPD ,публика | Павлика | па блика | па-блика | паб лика,LOW,SPELLING
2016-07-04-dlya-samyh-otyavlennyh-gikov-v-moey-audit.md:title,мененджере,Для самых отъявленных гиков в моей аудитории запущена трансляция данного паблика на канале MagicDPD ,менеджере | менеджер | менеджера | менеджеру | менеджеры,LOW,SPELLING
2016-07-04-na-proshedshey-v-germanii-hpc-konferentsii.md:title,числодробилку,На прошедшей в Германии  конференции  выкатила свою новую числодробилку.,число дробилку | число-дробилку,LOW,SPELLING
2016-07-04-na-proshedshey-v-germanii-hpc-konferentsii.md:body,двухчиповой,На смену двухчиповой  приходит . А для полной неразберихи еще есть  M60 которая конечно имеет бренд ,двухчасовой | двухчасовою | двухчасовое | двухчасовом,LOW,SPELLING
2016-07-04-na-proshedshey-v-germanii-hpc-konferentsii.md:body,бренд,На смену двухчиповой  приходит . А для полной неразберихи еще есть  M60 которая конечно имеет бренд ,бренди | бред | бленд | бренный,LOW,SPELLING
2016-07-04-na-proshedshey-v-germanii-hpc-konferentsii.md:body,Теслы,На смену двухчиповой  приходит . А для полной неразберихи еще есть  M60 которая конечно имеет бренд ,Теплы | Тесла | Тесны | Тесты | Тепел,LOW,SPELLING
2016-07-04-na-proshedshey-v-germanii-hpc-konferentsii.md:body,24Gb,На смену двухчиповой  приходит . А для полной неразберихи еще есть  M60 которая конечно имеет бренд ,А | И | К | О | Я,LOW,SPELLING
2016-07-04-na-proshedshey-v-germanii-hpc-konferentsii.md:body,16Gb,На смену двухчиповой  приходит . А для полной неразберихи еще есть  M60 которая конечно имеет бренд ,А | И | К | О | Я,LOW,SPELLING
2016-07-04-na-proshedshey-v-germanii-hpc-konferentsii.md:body,16Gb,На смену двухчиповой  приходит . А для полной неразберихи еще есть  M60 которая конечно имеет бренд ,А | И | К | О | Я,LOW,SPELLING
2016-07-06-my-nemnogo-izuchili-rabotu-dem-koda-roc.md:body,тут-то,"Получились интересные данные. Спасибо нашим друзьям из компании  за тестовый стенды.

Так как Rocky ",тут | туфтою | туфтой | туго | тупо,LOW,SPELLING
2016-07-06-my-nemnogo-izuchili-rabotu-dem-koda-roc.md:body,Aппаратное,"Получились интересные данные. Спасибо нашим друзьям из компании  за тестовый стенды.

Так как Rocky ",Аппаратное | Аппаратно | Аппаратною | Аппаратной | Аппаратном,LOW,SPELLING
2016-07-07-britanskaya-kompaniya-wilde-analysis-od.md:body,лагранжевой,"Design Environment for FORMing является специализированным кодом, разработанным Scientific Forming T",Лагранжем | Лагранж | Лагранже,LOW,SPELLING
2016-07-08-shapr3d-naveno-pervyy-neoblachnyy-cad.md:title,навено,Shapr3D - навено первый необлачный  рассчитанный на работы на планшете.  ( ) рассчитан на работу с  ,навеяно | наверно | навечно | навело,LOW,SPELLING
2016-07-08-shapr3d-naveno-pervyy-neoblachnyy-cad.md:title,необлачный,Shapr3D - навено первый необлачный  рассчитанный на работы на планшете.  ( ) рассчитан на работу с  ,не облачный | не-облачный | облачный | безоблачный | надоблачный,LOW,SPELLING
2016-07-09-vyshel-openfoam-4-i-prines-kuchu-interesn.md:body,загрубления,"Например, теперь у него есть динамическая сеточная адаптация гексаэдральных сеток, причем как в стор",заглубления | огрубления | награбления | заглублению | заглубление,LOW,SPELLING
2016-07-11-kompaniya-exa-razrabotchik-cfd-kodov.md:title,снованных,"Компания  - разработчик  кодов, снованных на метод решёточных уравнений Больцмана (Lattice   Method)",основанных | скованных | кованных,LOW,SPELLING
2016-07-11-kompaniya-exa-razrabotchik-cfd-kodov.md:title,решёточных,"Компания  - разработчик  кодов, снованных на метод решёточных уравнений Больцмана (Lattice   Method)",решеточных | нешуточных | решеточные | решеточный | решеточным,LOW,SPELLING
2016-07-11-konets-pervogo-rabochego-dnya-posle-otpuska.md:title,мен,"Конец первого рабочего дня после отпуска... отсыпьте мен каких-нибудь таблеток, ну как  показывает с",мне | меню | мена | мене | меня,LOW,SPELLING
2016-07-13-i-smeh-i-greh-nebolshaya-indiyskaya-kompa.md:title,софта,"И смех и грех: небольшая индийская компания Kaizenat Technologies Pvt Ltd, специализирующаяся на вне",софита | софа | кофта | сорта | соф та,LOW,SPELLING
2016-07-13-vse-v-uchebnom-kurse-ot-edx-po-ansys-m.md:title,почему-то,"Все в учебном курсе от  по   и  было хорошо, кроме одного ""НО"". Последнем факультативном задании с  ",почему | почемучка | почесуха,LOW,SPELLING
2016-07-13-vse-v-uchebnom-kurse-ot-edx-po-ansys-m.md:title,Мизесу,"Все в учебном курсе от  по   и  было хорошо, кроме одного ""НО"". Последнем факультативном задании с  ",Мизеру | Бизнесу | Мизер | Мазеру | Минеру,LOW,SPELLING
2016-07-14-ansys-v-svoem-bloge-rasskazali-kak-skre.md:title,блоге," в своем блоге рассказали как скрепить их ,   или  с .",боге | логе | благе | блохе | блоке,LOW,SPELLING
2016-07-15-svezhaya-prezentatsiya-po-razvitiyu-ls-prepos.md:title,перпоста,Свежая презентация по развитию LS-PrePost 4.3 от  - наверно лучшего (а еще и совершенно бесплатного),пер поста | пер-поста | непроста | перста | форпоста,LOW,SPELLING
2016-07-15-svezhaya-prezentatsiya-po-razvitiyu-ls-prepos.md:body,настроки,"Мне больше всего понравились 3 фишки:
- Специальный модуль для настроки задач акустики решаемых мето",настройки | настрочи | на строки | на-строки | настроить,LOW,SPELLING
2016-07-15-svezhaya-prezentatsiya-po-razvitiyu-ls-prepos.md:body,решателм,"Мне больше всего понравились 3 фишки:
- Специальный модуль для настроки задач акустики решаемых мето",решаем | вешателем | вешателям | вешателю | вешателе,LOW,SPELLING
2016-07-15-svezhaya-prezentatsiya-po-razvitiyu-ls-prepos.md:body,нерегулятной,"Мне больше всего понравились 3 фишки:
- Специальный модуль для настроки задач акустики решаемых мето",нерегулярной | нерегулярно | нерегулярною | нерегулярное | нерегулярном,LOW,SPELLING
2016-07-15-svezhaya-prezentatsiya-po-razvitiyu-ls-prepos.md:body,простаноственной,"Мне больше всего понравились 3 фишки:
- Специальный модуль для настроки задач акустики решаемых мето",пространственной | пространственный | пространственно | пространственною | пространственное,LOW,SPELLING
2016-07-17-predstavlyayu-vam-moloduyu-kompaniyu-precise.md:body,сдалал,"Компания основана в 2012 году, и уже сдалал такой интересных продукт.

FEATool Multiphysics",сдала | сдавал | сделал | сдавать | сделать,LOW,SPELLING
2016-07-17-znalil-li-vy-chto-matlab-tozhe-umeet-vy.md:title,Зналил,"Зналил ли вы, что   тоже умеет выполнять расчеты методом коненых элеметнов?",Налил | Залил | Знали | Значил | Знал ил,LOW,SPELLING
2016-07-17-znalil-li-vy-chto-matlab-tozhe-umeet-vy.md:title,коненых,"Зналил ли вы, что   тоже умеет выполнять расчеты методом коненых элеметнов?",конечных | конченых | конных | коневых | кошеных,LOW,SPELLING
2016-07-17-znalil-li-vy-chto-matlab-tozhe-umeet-vy.md:title,элеметнов,"Зналил ли вы, что   тоже умеет выполнять расчеты методом коненых элеметнов?",элементов | элемент | элементом,LOW,SPELLING
2016-07-17-znalil-li-vy-chto-matlab-tozhe-umeet-vy.md:body,невадно,"Вышедшая невадно версия 2016a имеет обновленный модуль  спосбный рашеть 3D задачи FEM и даже CFD!

Б",неладно | неважно | невидно | нещадно | неладный,LOW,SPELLING
2016-07-17-znalil-li-vy-chto-matlab-tozhe-umeet-vy.md:body,2016a,"Вышедшая невадно версия 2016a имеет обновленный модуль  спосбный рашеть 3D задачи FEM и даже CFD!

Б",а | и | к | о | я,LOW,SPELLING
2016-07-17-znalil-li-vy-chto-matlab-tozhe-umeet-vy.md:body,спосбный,"Вышедшая невадно версия 2016a имеет обновленный модуль  спосбный рашеть 3D задачи FEM и даже CFD!

Б",способный | способны | способней | способной | способные,LOW,SPELLING
2016-07-17-znalil-li-vy-chto-matlab-tozhe-umeet-vy.md:body,рашеть,"Вышедшая невадно версия 2016a имеет обновленный модуль  спосбный рашеть 3D задачи FEM и даже CFD!

Б",радеть | рашель | алеть,LOW,SPELLING
2016-07-17-znalil-li-vy-chto-matlab-tozhe-umeet-vy.md:body,побродно,"Вышедшая невадно версия 2016a имеет обновленный модуль  спосбный рашеть 3D задачи FEM и даже CFD!

Б",породною | породное | породной | породном | породный,LOW,SPELLING
2016-07-18-interesnuyu-temu-podskazali-mne-kollegi.md:body,зарада,Примером такого процесса является Explosion Bulge Test. В ходи данного испытания ударная волна от по,фарада | парада | запада | зараза | заряда,LOW,SPELLING
2016-07-19-uzhe-v-ansys-meshing-16-byla-realizovan.md:title,распарелелить,Уже в   16 была реализована возможность распарелелить сеткопостроение для сборок.,распределить | распределит | распределите | распределишь,LOW,SPELLING
2016-07-19-uzhe-v-ansys-meshing-16-byla-realizovan.md:body,поврехностях,В 17-ой версии она получила новое улучшение. Теперь можно обработать сборку Contact Match Group - за,поверхностях | поверхностям | погрешностях | потребностях | поверхность,LOW,SPELLING
2016-07-19-uzhe-v-ansys-meshing-16-byla-realizovan.md:body,комформную,В 17-ой версии она получила новое улучшение. Теперь можно обработать сборку Contact Match Group - за,комфортную | конформную | комфортный | конформный,LOW,SPELLING
2016-07-19-uzhe-v-ansys-meshing-16-byla-realizovan.md:body,корости,В 17-ой версии она получила новое улучшение. Теперь можно обработать сборку Contact Match Group - за,скорости | короста | коросте | коросту | коросты,LOW,SPELLING
2016-07-19-uzhe-v-ansys-meshing-16-byla-realizovan.md:body,стетках,В 17-ой версии она получила новое улучшение. Теперь можно обработать сборку Contact Match Group - за,сетках | стеках | тетках | эстетках | снетках,LOW,SPELLING
2016-07-19-uzhe-v-ansys-meshing-16-byla-realizovan.md:body,помощу,В 17-ой версии она получила новое улучшение. Теперь можно обработать сборку Contact Match Group - за,поморщу | погощу | полощу | помещу | помогу,LOW,SPELLING
2016-07-22-zametka-na-portale-autodesk-o-tom-kak.md:title,когезивного,"Заметка на портале  о том, как идентифицировать параметры когезивного слоя для композитов на основе ",когезионного | когезионный | когезионною | когезионное | когезионной,LOW,SPELLING
2016-07-22-zametka-na-portale-autodesk-o-tom-kak.md:title,экспериметнов,"Заметка на портале  о том, как идентифицировать параметры когезивного слоя для композитов на основе ",экспериментов | эксперимент | экспериментом,LOW,SPELLING
2016-07-23-cfd-support-rasprostranyayut-v-kachestve-u.md:title,присера, Support распространяют в качестве учебного присера задачу о внешней аэродинамике Ahmed Body в .,примера | присела | присева | призера | при сера,LOW,SPELLING
2016-07-23-cfd-support-rasprostranyayut-v-kachestve-u.md:body,Ахмеда,"Тело Ахмеда в первый раз было представлено в 1984 году в статье S.R. Ahmed, G. Ramm, Some Salient Fe",Ах меда | Ах-меда | Архимеда | Меда | Амеба,LOW,SPELLING
2016-07-23-cfd-support-rasprostranyayut-v-kachestve-u.md:body,рефернсных,"Тело Ахмеда в первый раз было представлено в 1984 году в статье S.R. Ahmed, G. Ramm, Some Salient Fe",референтных | референтный | референтные | референтным,LOW,SPELLING
2016-07-23-cfd-support-rasprostranyayut-v-kachestve-u.md:body,паостновку,"Тело Ахмеда в первый раз было представлено в 1984 году в статье S.R. Ahmed, G. Ramm, Some Salient Fe",постановку | постановка | постановке | постановки,LOW,SPELLING
2016-07-23-gigant-dassault-systèmes-izvestnyy-izn.md:body,радофизических,"Теперь, всего за €220, они приобрели немецкую компанию  (Computer Simulation Technology) - одного из",радиофизических | радиофизические | радиофизический | радиофизическим,LOW,SPELLING
2016-07-24-pochti-u-kazhdogo-seychas-kompyutery-na-baz.md:body,сертифицировали,"Intel объявил о том, что для они сертифицировали для проектироания 10 манометрового техпроцесса прог",стратифицировали | сертифицирован | верифицировали | ректифицировали | сертифицирована,LOW,SPELLING
2016-07-24-pochti-u-kazhdogo-seychas-kompyutery-na-baz.md:body,проектироания,"Intel объявил о том, что для они сертифицировали для проектироания 10 манометрового техпроцесса прог",проектирования | проектированию | проектирование | проектировании,LOW,SPELLING
2016-07-24-pochti-u-kazhdogo-seychas-kompyutery-na-baz.md:body,техпроцесса,"Intel объявил о том, что для они сертифицировали для проектироания 10 манометрового техпроцесса прог",тех процесса | тех-процесса,LOW,SPELLING
2016-07-24-pochti-u-kazhdogo-seychas-kompyutery-na-baz.md:body,програмное,"Intel объявил о том, что для они сертифицировали для проектироания 10 манометрового техпроцесса прог",программное | программно | преогромное | программною | программной,LOW,SPELLING
2016-07-24-pochti-u-kazhdogo-seychas-kompyutery-na-baz.md:body,10nm,"Intel объявил о том, что для они сертифицировали для проектироания 10 манометрового техпроцесса прог",а | и | к | о | я,LOW,SPELLING
2016-07-24-sovsem-nedavno-nimbix-odin-iz-samyh-kr.md:title,ресурсво,Совсем недавно  (один из самых крутых владельцев облачных ресурсво для численного моделирования физи,ресурсов | ресурс во | ресурс-во | ресурсом | ресурс,LOW,SPELLING
2016-07-24-sovsem-nedavno-nimbix-odin-iz-samyh-kr.md:title,повился,Совсем недавно  (один из самых крутых владельцев облачных ресурсво для численного моделирования физи,появился | ловился | побился | полился | повелся,LOW,SPELLING
2016-07-25-obachnyy-cad-onshape-nachal-podderzhku-s.md:title,Обачный,Обачный   начал поддержку  с очень правильных шагов.,Облачный | Обычный | Юбочный,LOW,SPELLING
2016-07-25-obachnyy-cad-onshape-nachal-podderzhku-s.md:body,разарботки,"Они воспользовались технологиями  - той самой супер разарботки, на основе которой сделан  движок  . ",разработки | разработка | разработке | разработку,LOW,SPELLING
2016-07-25-obachnyy-cad-onshape-nachal-podderzhku-s.md:body,навено,"Они воспользовались технологиями  - той самой супер разарботки, на основе которой сделан  движок  . ",навеяно | наверно | навечно | навело,LOW,SPELLING
2016-07-26-dlya-vseh-poklonnikam-perpostov-grecheskoy.md:title,перпостов,Для всех поклонникам перпостов греческой компании BETA CAE есть хорошая новость: скоро выйдет 17-ая ,пер постов | пер-постов | перстов | форпостов | перст,LOW,SPELLING
2016-07-26-dlya-vseh-poklonnikam-perpostov-grecheskoy.md:body,дефакто,Данный набор многие считают стандартом дефакто для расчетов автомобильной промышленности в целом и к,де факто | де-факто | факто | дефектом | дефектов,LOW,SPELLING
2016-07-26-dlya-vseh-poklonnikam-perpostov-grecheskoy.md:body,карштестов,Данный набор многие считают стандартом дефакто для расчетов автомобильной промышленности в целом и к,каратистов | каратист | каратистом,LOW,SPELLING
2016-07-27-sobiraetes-smodelirovat-krashtest-su.md:title,занает,Собираетесь смоделировать краштест... судна и не занает что выбрать:  или ?,знает | задает | залает | заноет | загнать,LOW,SPELLING
2016-07-28-amd-radeon-pro-ssg-graficheskaya-karta-s.md:body,видеокарту,"AMD Radeon Pro SSG - графическая карта с 1TB SSD
 

 анонсировала новую топовую профессиональную вид",видео карту | видео-карту,LOW,SPELLING
2016-07-28-amd-radeon-pro-ssg-graficheskaya-karta-s.md:body,софтом,"AMD Radeon Pro SSG - графическая карта с 1TB SSD
 

 анонсировала новую топовую профессиональную вид",софитом | сотом | сортом | соф том | соф-том,LOW,SPELLING
2016-07-28-gotovaya-instuktsiya-po-zapusku-openfoam-n.md:title,инстукция,Готовая инстукция по запуску  на мощностях  Web Services (aka ).,инструкция | инструкциях | инструкциям | инструкцию | инструкции,LOW,SPELLING
2016-07-29-v-ramkah-rublriki-legendpeople-otlichnaya.md:title,рублрики,"В рамках рублрики  отличная статья на  про великого Сеймура Крея. Он дал свое имя компьютерам  и, по",рублики | рубрики | бублик,LOW,SPELLING
2016-07-29-v-ramkah-rublriki-legendpeople-otlichnaya.md:title,Сеймура,"В рамках рублрики  отличная статья на  про великого Сеймура Крея. Он дал свое имя компьютерам  и, по",Сей мура | Сей-мура | Сейм ура | Сейм-ура | Сейма,LOW,SPELLING
2016-07-29-v-ramkah-rublriki-legendpeople-otlichnaya.md:title,Крея,"В рамках рублрики  отличная статья на  про великого Сеймура Крея. Он дал свое имя компьютерам  и, по",Креня | Крепя | Корея | Кря | Рея,LOW,SPELLING
2016-07-29-v-ramkah-rublriki-legendpeople-otlichnaya.md:title,посути,"В рамках рублрики  отличная статья на  про великого Сеймура Крея. Он дал свое имя компьютерам  и, по",покути | посети | посуди | посули | посуши,LOW,SPELLING
2016-07-29-v-ramkah-rublriki-legendpeople-otlichnaya.md:body,Сеймур," 

Сеймур Крей и его машины",Сейму | Сейм | Сему | Лемур | Сейма,LOW,SPELLING
2016-07-29-v-ramkah-rublriki-legendpeople-otlichnaya.md:body,Крей," 

Сеймур Крей и его машины",Корей | Рей | Брей | Грей | Клей,LOW,SPELLING
2016-08-01-polnotsennoe-hpc-v-oblake.md:body,блогов,"Полноценное  в облаке
 

Инфоповод по сообщению во множестве блогов:   распараллелился почти линейно",богов | логов | блоков | слогов | бог,LOW,SPELLING
2016-08-03-cfd-rascheta-dlya-sporta.md:body,разва," расчета для спорта


Команда Land Rover BAR рассказывает о том как CFD расчеты помогают им в соверш",развал | раза | разв | разка | разве,LOW,SPELLING
2016-08-04-naydutsya-vse-metizy.md:title,метизы,Найдутся все метизы,метилы | метисы | дети,LOW,SPELLING
2016-08-04-naydutsya-vse-metizy.md:body,метизы,"Найдутся все метизы
 

Компания  рассказал о своем новом продукте Design Graph, который они разрабат",метилы | метисы | дети,LOW,SPELLING
2016-08-05-ls-dyna-vr.md:body,базводр,"LS-DYNA VR
 

Очень популярный сейчас базводр это  - Virtual Reality (Виртуальная реальность, ВР).

",развод | развода | разводе | разводу | разводы,LOW,SPELLING
2016-08-05-molniya-otkryta-ochered-na-testirovanie.md:body,инстансов," 

Вчера компания  выдала очередной анонс запуска  инстансов в . Примерно год назад компания уже пис",стансов | станс | стансом,LOW,SPELLING
2016-08-05-molniya-otkryta-ochered-na-testirovanie.md:body,Во-первых," 

Вчера компания  выдала очередной анонс запуска  инстансов в . Примерно год назад компания уже пис",Первых | Оперных | Опертых | Волевых | Впертых,LOW,SPELLING
2016-08-05-molniya-otkryta-ochered-na-testirovanie.md:body,Во-вторых," 

Вчера компания  выдала очередной анонс запуска  инстансов в . Примерно год назад компания уже пис",Повторных | Которых | Повторный | Который,LOW,SPELLING
2016-08-05-molniya-otkryta-ochered-na-testirovanie.md:body,серверные," 

Вчера компания  выдала очередной анонс запуска  инстансов в . Примерно год назад компания уже пис",северные | сер верные | сер-верные | суеверные | сервере,LOW,SPELLING
2016-08-06-explicit-fem-dlya-proektirovaniya-turbin.md:body,что-то,"Explicit FEM для проектирования турбин
 

Компания  опубликовала очень интересный отчет о том, что м",ото | тот | что | фото | лото,LOW,SPELLING
2016-08-06-rascchityvaem-stent-v-abaqus.md:title,Расcчитываем,Расcчитываем стент в ,Рассчитываем | Рассчитываемый | Насчитываем | Засчитываем | Рассчитывает,LOW,SPELLING
2016-08-06-rascchityvaem-stent-v-abaqus.md:title,стент,Расcчитываем стент в ,стен | тент | Сент | стена | стенд,LOW,SPELLING
2016-08-06-rascchityvaem-stent-v-abaqus.md:body,Расcчитываем,"Расcчитываем стент в 
 

Вашему вниманию 20-минутный видеоурок на тему расчета стента.

 

ABAQUS Tu",Рассчитываем | Рассчитываемый | Насчитываем | Засчитываем | Рассчитывает,LOW,SPELLING
2016-08-06-rascchityvaem-stent-v-abaqus.md:body,стент,"Расcчитываем стент в 
 

Вашему вниманию 20-минутный видеоурок на тему расчета стента.

 

ABAQUS Tu",стен | тент | Сент | стена | стенд,LOW,SPELLING
2016-08-06-rascchityvaem-stent-v-abaqus.md:body,видеоурок,"Расcчитываем стент в 
 

Вашему вниманию 20-минутный видеоурок на тему расчета стента.

 

ABAQUS Tu",видео урок | видео-урок | видеотека | видеотек | видеотеке,LOW,SPELLING
2016-08-06-rascchityvaem-stent-v-abaqus.md:body,стента,"Расcчитываем стент в 
 

Вашему вниманию 20-минутный видеоурок на тему расчета стента.

 

ABAQUS Tu",стена | тента | стенда | стенка | стерта,LOW,SPELLING
2016-08-07-sverhzvuk.md:title,Сверхзвук,Сверхзвук!,Сверх звук | Сверх-звук | Сверхзвуковой | Сверхзвуковая | Сверхзвуковою,LOW,SPELLING
2016-08-07-sverhzvuk.md:body,Сверхзвук,"Сверхзвук!


Сухой на сверхзвуке в  

ANSYS CFX -  Sukhoi / Supersonic Flow",Сверх звук | Сверх-звук | Сверхзвуковой | Сверхзвуковая | Сверхзвуковою,LOW,SPELLING
2016-08-07-sverhzvuk.md:body,сверхзвуке,"Сверхзвук!


Сухой на сверхзвуке в  

ANSYS CFX -  Sukhoi / Supersonic Flow",сверх звуке | сверх-звуке | сверхзвуковое | сверхзвуковые | сверхзвуковой,LOW,SPELLING
2016-08-08-kak-pravilno-katatsya-na-velosipede-zna.md:body,Крис,"Как правильно кататься на велосипеде зная 
 

Кристофер (Крис) Фрум (Christopher ""Chris"" Froome) на ",Крист | Кис | Рис | Ирис | Крик,LOW,SPELLING
2016-08-08-kak-pravilno-katatsya-na-velosipede-zna.md:body,Фрум,"Как правильно кататься на велосипеде зная 
 

Кристофер (Крис) Фрум (Christopher ""Chris"" Froome) на ",Форум | Грум | Фр ум | Фр-ум | Ферму,LOW,SPELLING
2016-08-08-kak-pravilno-katatsya-na-velosipede-zna.md:body,Франс,"Как правильно кататься на велосипеде зная 
 

Кристофер (Крис) Фрум (Christopher ""Chris"" Froome) на ",Франц | Франк | Франт | Транс,LOW,SPELLING
2016-08-10-solid-professor-nauchit-cad.md:body,Аменриканский,"Solid Professor научит CAD
 

Аменриканский портал  занимается удаленным обучение пользователей. При",Американский | Американски | Американские | Американских | Американским,LOW,SPELLING
2016-08-11-novyy-bright-cluster-manager-uzhe-dostupe.md:body,вендоров,"Новый Bright Cluster Manager уже доступен для закачки
 

Лидер рынка независимых (от вендоров железа",военкоров | теноров | венгров | Федоров | цензоров,LOW,SPELLING
2016-08-13-hpe-prikupila-sebe-sgi.md:body,коннекта,"HPE прикупила себе SGI
 

Компания  (которая Hewlett Packard Enterprise) на днях анонсировала сделку",конфетка | коннектора | коннектор | конспекта | контекста,LOW,SPELLING
2016-08-14-raschety-kompozitov-v-oblake.md:body,обношенный,"Расчеты композитов в облаке
 

Компания CompoSIDE Ltd. производит вполне себе взрослы обношенный про",об ношенный | об-ношенный | доношенный | ношенный | поношенный,LOW,SPELLING
2016-08-15-uchebnik-ot-altair-university.md:body,вгсе,"Учебник от Altair University
 

 в рамках учебной инициативы Altair University предлагает вгсе желаю",все | весе | Васе,LOW,SPELLING
2016-08-16-cae-dlya-marsa.md:body,марсоход,"CAE для Марса
 

Очень хороший рекламный видеоролик о том, как проектировался марсоход . Это была оч",пароход | парохода | пароходе | пароходу | пароходы,LOW,SPELLING
2016-08-18-zapuschena-testovaya-ekspluatatsiya-gpu-v-azu.md:body,инстансов,"Запущена тестовая эксплуатация GPU в Azure
 

Тестовая демонстрация работы   инстансов в облаке  нач",стансов | станс | стансом,LOW,SPELLING
2016-08-18-zapuschena-testovaya-ekspluatatsiya-gpu-v-azu.md:body,проброса,"Запущена тестовая эксплуатация GPU в Azure
 

Тестовая демонстрация работы   инстансов в облаке  нач",проб роса | проб-роса | пробора | проросла | пророс,LOW,SPELLING
2016-08-18-zapuschena-testovaya-ekspluatatsiya-gpu-v-azu.md:body,устройстви,"Запущена тестовая эксплуатация GPU в Azure
 

Тестовая демонстрация работы   инстансов в облаке  нач",устройств | устройства | устройстве | устройство | устройству,LOW,SPELLING
2016-08-18-zapuschena-testovaya-ekspluatatsiya-gpu-v-azu.md:body,интевью,"Запущена тестовая эксплуатация GPU в Azure
 

Тестовая демонстрация работы   инстансов в облаке  нач",интервью | интерьер | интерн | истечь | гневить,LOW,SPELLING
2016-08-19-demonstratsionnye-primery-mscdytran.md:body,плейлистом,"Демонстрационные примеры MSC.Dytran
 

 (MacNeal-Schwendler Corporation) обновила свой канал на YouT",петлистом | плечистом | флейтистом | флейтист | петлистый,LOW,SPELLING
2016-08-20-vebinar-ansys-spaceclaim-20162-rabota.md:body,Регичтация,"Вебинар ANSYS SpaceClaim 2016.2: работа с STL
 

Регичтация на обзорный вебинар по работе с  моделям",Регистрация | Регистрациях | Регистрациям | Регистрацию | Регистрации,LOW,SPELLING
2016-08-20-vebinar-ansys-spaceclaim-20162-rabota.md:body,Дополнително,"Вебинар ANSYS SpaceClaim 2016.2: работа с STL
 

Регичтация на обзорный вебинар по работе с  моделям",Дополнительно | Дополнительною | Дополнительное | Дополнительной | Дополнительном,LOW,SPELLING
2016-08-20-vebinar-ansys-spaceclaim-20162-rabota.md:body,расскажту,"Вебинар ANSYS SpaceClaim 2016.2: работа с STL
 

Регичтация на обзорный вебинар по работе с  моделям",расскажут | расскажу | раскату | расскажите | расскажи,LOW,SPELLING
2016-08-21-vosstanovlenie-analiticheskoy-geometrii-p.md:body,мастерклассов," 

А теперь более образовательный пост на тему работы с  в   Direct Modeller (): несколько небольших",мастер классов | мастер-классов,LOW,SPELLING
2016-08-22-otskaniruy-i-raspechatay-prezidenta.md:title,Отсканируй,Отсканируй и распечатай президента,От сканируй | От-сканируй | Сканируй | Сканирую | Сканируя,LOW,SPELLING
2016-08-22-otskaniruy-i-raspechatay-prezidenta.md:body,Отсканируй,"Отсканируй и распечатай президента
 

Забавная новость для утра прнедельника. Инженеры компании Arte",От сканируй | От-сканируй | Сканируй | Сканирую | Сканируя,LOW,SPELLING
2016-08-22-otskaniruy-i-raspechatay-prezidenta.md:body,прнедельника,"Отсканируй и распечатай президента
 

Забавная новость для утра прнедельника. Инженеры компании Arte",понедельника | понедельниках | понедельникам | понедельник | предельщика,LOW,SPELLING
2016-08-22-otskaniruy-i-raspechatay-prezidenta.md:body,отсканировали,"Отсканируй и распечатай президента
 

Забавная новость для утра прнедельника. Инженеры компании Arte",от сканировали | от-сканировали | сканировали | сканировал | сканировала,LOW,SPELLING
2016-08-23-veroyatnostnyy-podhodi-k-topologicheskoy-o.md:body,ферменных,"Вероятностный подходи к топологической оптимизации
 

В новой версии Element Pro (специализированног",ферментных | фирменных | форменных | фурменных,LOW,SPELLING
2016-08-25-edem-2017.md:body,Сохранённая,"EDEM 2017
~~  → Сохранённая версия

*Оригинальная ссылка больше не доступна*

Август выдался особенн",Сохраненная | Сохранная | Сохраненный | Сохранный,LOW,SPELLING
2016-08-25-edem-2017.md:body,дет,"EDEM 2017
~~  → Сохранённая версия

*Оригинальная ссылка больше не доступна*

Август выдался особенн",дает | дети | деть | диет | дует,LOW,SPELLING
2016-08-25-edem-2017.md:body,Сохранённая,"EDEM 2017
~~  → Сохранённая версия

*Оригинальная ссылка больше не доступна*

Август выдался особенн",Сохраненная | Сохранная | Сохраненный | Сохранный,LOW,SPELLING
2016-08-30-pyfr-dlya-resheniya-prikladnyh-zadach-cfd.md:body,как-то,"PyFR для решения прикладных задач CFD
 

Я уже как-то писал про :  с открытым исходным кодом, предна",факто | какао | акт,LOW,SPELLING
2016-08-30-pyfr-dlya-resheniya-prikladnyh-zadach-cfd.md:body,суперкомпьютерах,"PyFR для решения прикладных задач CFD
 

Я уже как-то писал про :  с открытым исходным кодом, предна",супер компьютерах | супер-компьютерах,LOW,SPELLING
2016-09-01-tsentralizovannoe-upravlenie-gpu-vashego-d.md:title,датацентра,Централизованное управление GPU вашего датацентра,дата центра | дата-центра,LOW,SPELLING
2016-09-01-tsentralizovannoe-upravlenie-gpu-vashego-d.md:body,датацентра,"Централизованное управление GPU вашего датацентра
 

 объявила о выходе Data Center GPU Manager () п",дата центра | дата-центра,LOW,SPELLING
2016-09-01-tsentralizovannoe-upravlenie-gpu-vashego-d.md:body,предназанвенного,"Централизованное управление GPU вашего датацентра
 

 объявила о выходе Data Center GPU Manager () п",предназначенного | предназначенный | предназначенною | предназначенное | предназначенной,LOW,SPELLING
2016-09-01-tsentralizovannoe-upravlenie-gpu-vashego-d.md:body,датацентра,"Централизованное управление GPU вашего датацентра
 

 объявила о выходе Data Center GPU Manager () п",дата центра | дата-центра,LOW,SPELLING
2016-09-01-tsentralizovannoe-upravlenie-gpu-vashego-d.md:body,скачивания,"Централизованное управление GPU вашего датацентра
 

 объявила о выходе Data Center GPU Manager () п",скашивания | смачивания | стачивания | укачивания | вкачивания,LOW,SPELLING
2016-09-01-tsentralizovannoe-upravlenie-gpu-vashego-d.md:body,бесплано,"Централизованное управление GPU вашего датацентра
 

 объявила о выходе Data Center GPU Manager () п",бесплатно | бесплатною | бесплатное | бесплатной | бесплатном,LOW,SPELLING
2016-09-01-tsentralizovannoe-upravlenie-gpu-vashego-d.md:body,что-то,"Централизованное управление GPU вашего датацентра
 

 объявила о выходе Data Center GPU Manager () п",ото | тот | что | фото | лото,LOW,SPELLING
2016-09-03-adgeziya-ili-dekogeziya.md:title,декогезия,Адгезия или декогезия?,де когезия | де-когезия | когезия | когезию | когезии,LOW,SPELLING
2016-09-03-adgeziya-ili-dekogeziya.md:body,декогезия,"Адгезия или декогезия?
 

Как промоделировать процесс прилипания или отклеивая частей конструкции? Н",де когезия | де-когезия | когезия | когезию | когезии,LOW,SPELLING
2016-09-04-ls-dyna-r9.md:body,неотражающие,"LS-DYNA R9
 

 не спит и все быстрее выпускает матерные версии . Так, 30-ого августа, вышла LS-DYNA ",не отражающие | не-отражающие | отражающие | отражающий | отражающее,LOW,SPELLING
2016-09-04-ls-dyna-r9.md:body,наконец-то,"LS-DYNA R9
 

 не спит и все быстрее выпускает матерные версии . Так, 30-ого августа, вышла LS-DYNA ",наконец | наконечный | наконечною | наконечное | наконечной,LOW,SPELLING
2016-09-04-ls-dyna-r9.md:body,наконец-то,"LS-DYNA R9
 

 не спит и все быстрее выпускает матерные версии . Так, 30-ого августа, вышла LS-DYNA ",наконец | наконечный | наконечною | наконечное | наконечной,LOW,SPELLING
2016-09-04-ls-dyna-r9.md:body,анизатропной,"LS-DYNA R9
 

 не спит и все быстрее выпускает матерные версии . Так, 30-ого августа, вышла LS-DYNA ",анизотропной | анизотропно | анизотропною | анизотропное | анизотропном,LOW,SPELLING
2016-09-04-ls-dyna-r9.md:body,разрушаемости,"LS-DYNA R9
 

 не спит и все быстрее выпускает матерные версии . Так, 30-ого августа, вышла LS-DYNA ",разрушаем ости | разрушаем-ости,LOW,SPELLING
2016-09-04-ls-dyna-r9.md:body,миоделям,"LS-DYNA R9
 

 не спит и все быстрее выпускает матерные версии . Так, 30-ого августа, вышла LS-DYNA ",моделям | моделями | модель | моделях | модулям,LOW,SPELLING
2016-09-13-zal-slavy-ansys.md:body,североамерикансокму,"Зал славы ANSYS
 

Компания  в очередной раз дает всем пользователям попасть в зал славы начиная соб",североамериканскому,HIGH,SPELLING
2016-09-14-afdex-dlya-modelirovaniya-plasticheskogo-po.md:body,сверхпластической,"AFDEX для моделирования пластического поведения металлов
 

Специалисты из  собаку съели на моделиро",сверх пластической | сверх-пластической,LOW,SPELLING
2016-09-16-ms-rdp-i-opengl.md:body,видеокарт,"MS RDP и OpenGL
 

На днях один из моих коллег пожаловался мне, что у него через  совершенно не торм",видео карт | видео-карт,LOW,SPELLING
2016-09-16-ms-rdp-i-opengl.md:body,видеокартами,"MS RDP и OpenGL
 

На днях один из моих коллег пожаловался мне, что у него через  совершенно не торм",видео картами | видео-картами,LOW,SPELLING
2016-09-18-pbs-cloud-manager.md:body,вебиран,"PBS Cloud Manager
 

Компания  приглашает всех на вебиран по их новому продукту.   Manager предназна",вобран | выбран | великан | ветеран | выбирание,LOW,SPELLING
2016-09-18-proroki.md:title,ПроРоки,ПроРоки,Пророки | Пороки | Пророк | Пророка | Пророке,LOW,SPELLING
2016-09-18-proroki.md:body,ПроРоки,"ПроРоки
 

Всем желающим наверно еще не поздно пройти регистрацию для участия в семинаре про  , кото",Пророки | Пороки | Пророк | Пророка | Пророке,LOW,SPELLING
2016-09-20-teper-i-v-abaqus.md:body,где-то,"Теперь и в Abaqus
 

Учебный материал, по моделированию знаменитого безлопастного вентилятора , кото",одето | вдето | одетый | вдетый,LOW,SPELLING
2016-09-23-virtualnaya-realnost-dlya-cae.md:body,Суперкомпьютерные,"Виртуальная реальность для CAE
 

Французская компания  выпускает уникальный одноименный  продукт. О",Супер компьютерные | Супер-компьютерные,LOW,SPELLING
2016-09-24-aim-dlya-studentov.md:body,100k,"AIM для студентов
 

ANSYS AIM, который умеет в одном интерфейсе посчитать механику, гидродинамику и",а | и | к | о | я,LOW,SPELLING
2016-09-24-aim-dlya-studentov.md:body,32k,"AIM для студентов
 

ANSYS AIM, который умеет в одном интерфейсе посчитать механику, гидродинамику и",а | и | к | о | я,LOW,SPELLING
2016-09-24-aim-dlya-studentov.md:body,512k,"AIM для студентов
 

ANSYS AIM, который умеет в одном интерфейсе посчитать механику, гидродинамику и",а | и | к | о | я,LOW,SPELLING
2016-09-24-silikon-uskoryaet-ansys.md:body,будте,"Силикон ускоряет ANSYS
 

Очередные заоблачные цифры ускорения расчета  : 145152 ядер на расчет, реш",будет | будете | будите | будьте | буде,LOW,SPELLING
2016-09-25-fe-info-act.md:body,из-за,"FE Info ACT
 

У компании PADT Inc есть очень любопытное бесплатное  ""FE Info"" позволяющее получать ",изба | извоза | изюма | из | низа,LOW,SPELLING
2016-09-25-ls-dyna-act.md:body,какой-то,"LS-DYNA ACT
 

Продолжая тему  хочу поделиться двумя новостями и моими мыслями по их поводу:
+ Након",какой | какого | каково | каковой | какова,LOW,SPELLING
2016-09-26-modelirovanie-prednapryazhennogo-betona.md:title,преднапряженного,Моделирование преднапряженного бетона,пред напряженного | пред-напряженного | перенапряженного | перенапряженный | перенапряженною,LOW,SPELLING
2016-09-26-modelirovanie-prednapryazhennogo-betona.md:body,преднапряженного,"Моделирование преднапряженного бетона
 

Эта очень актуальная тема была рассмотрена на недавней конф",пред напряженного | пред-напряженного | перенапряженного | перенапряженный | перенапряженною,LOW,SPELLING
2016-09-26-modelirovanie-prednapryazhennogo-betona.md:body,преднапряженной,"Моделирование преднапряженного бетона
 

Эта очень актуальная тема была рассмотрена на недавней конф",пред напряженной | пред-напряженной | перенапряженной | перенапряженный | перенапряженною,LOW,SPELLING
2016-09-26-modelirovanie-prednapryazhennogo-betona.md:body,где-то,"Моделирование преднапряженного бетона
 

Эта очень актуальная тема была рассмотрена на недавней конф",одето | вдето | одетый | вдетый,LOW,SPELLING
2016-09-27-vr-ot-esi.md:body,рещения,"VR от ESI
 

Компания  выпустила .IDO версии 10.2 - специализированного рещения для работы с математ",крещения | ращения | решения | речения,LOW,SPELLING
2016-09-27-vr-ot-esi.md:body,как-то,"VR от ESI
 

Компания  выпустила .IDO версии 10.2 - специализированного рещения для работы с математ",факто | какао | акт,LOW,SPELLING
2016-09-27-vr-ot-esi.md:body,недотягивает,"VR от ESI
 

Компания  выпустила .IDO версии 10.2 - специализированного рещения для работы с математ",не дотягивает | не-дотягивает | дотягивает | дотягивать | дотягиваете,LOW,SPELLING
2016-09-29-neskolko-slov-pro-dostavku-inzhenernoy-g.md:body,видеопоток,"Несколько слов про доставку инженерной графики
 

 продолжает хвастаться новыми возможностями по раб",видео поток | видео-поток,LOW,SPELLING
2016-09-29-neskolko-slov-pro-dostavku-inzhenernoy-g.md:body,декодироваться,"Несколько слов про доставку инженерной графики
 

 продолжает хвастаться новыми возможностями по раб",де кодироваться | де-кодироваться | декодировать | кодироваться | декодировал,LOW,SPELLING
2016-09-30-udobnyy-bloknot.md:body,репозитории,"Удобный блокнот
 

Я уже писал, что  умеет подсвечивать синтаксис   и  KEYWORD ( ). Оказалось, это н",депозитарии | депозитарий | депозитарию | депозитария,LOW,SPELLING
2016-09-30-udobnyy-bloknot.md:body,плагин,"Удобный блокнот
 

Я уже писал, что  умеет подсвечивать синтаксис   и  KEYWORD ( ). Оказалось, это н",план | плавни | паладин | плагиат | пластин,LOW,SPELLING
2016-09-30-udobnyy-bloknot.md:body,посвечивать,"Удобный блокнот
 

Я уже писал, что  умеет подсвечивать синтаксис   и  KEYWORD ( ). Оказалось, это н",подсвечивать | просвечивать | отсвечивать,LOW,SPELLING
2016-10-01-ansys-appstore.md:body,скачивания,"ANSYS AppStore
 

На сайте ANSYS появился новый удобный раздел с каталогом  расширений. Теперь, зайд",скашивания | смачивания | стачивания | укачивания | вкачивания,LOW,SPELLING
2016-10-03-ne-bud-byuti-blogerom-budt-cae-bloge.md:title,бьюти,Не будь бьюти блогером - будть CAE блогером!,бьют | бьюик | бью | БТИ | блюсти,LOW,SPELLING
2016-10-03-ne-bud-byuti-blogerom-budt-cae-bloge.md:title,блогером,Не будь бьюти блогером - будть CAE блогером!,болеро | бюргером | брокером | флюгером | шлягером,LOW,SPELLING
2016-10-03-ne-bud-byuti-blogerom-budt-cae-bloge.md:title,будть,Не будь бьюти блогером - будть CAE блогером!,будить | будь | будто,LOW,SPELLING
2016-10-03-ne-bud-byuti-blogerom-budt-cae-bloge.md:title,блогером,Не будь бьюти блогером - будть CAE блогером!,болеро | бюргером | брокером | флюгером | шлягером,LOW,SPELLING
2016-10-03-ne-bud-byuti-blogerom-budt-cae-bloge.md:body,бьюти,"Не будь бьюти блогером - будть CAE блогером!
 

У компании  начался конкурс  блогеров. Отличный шанс",бьют | бьюик | бью | БТИ | блюсти,LOW,SPELLING
2016-10-03-ne-bud-byuti-blogerom-budt-cae-bloge.md:body,блогером,"Не будь бьюти блогером - будть CAE блогером!
 

У компании  начался конкурс  блогеров. Отличный шанс",болеро | бюргером | брокером | флюгером | шлягером,LOW,SPELLING
2016-10-03-ne-bud-byuti-blogerom-budt-cae-bloge.md:body,будть,"Не будь бьюти блогером - будть CAE блогером!
 

У компании  начался конкурс  блогеров. Отличный шанс",будить | будь | будто,LOW,SPELLING
2016-10-03-ne-bud-byuti-blogerom-budt-cae-bloge.md:body,блогером,"Не будь бьюти блогером - будть CAE блогером!
 

У компании  начался конкурс  блогеров. Отличный шанс",болеро | бюргером | брокером | флюгером | шлягером,LOW,SPELLING
2016-10-03-ne-bud-byuti-blogerom-budt-cae-bloge.md:body,блогеров,"Не будь бьюти блогером - будть CAE блогером!
 

У компании  начался конкурс  блогеров. Отличный шанс",бюргеров | брокеров | флюгеров | шлягеров | биогр,LOW,SPELLING
2016-10-05-dem-dlya-sozdaniya-effektov.md:body,трёхмерной,"DEM для создания эффектов
 

Оказывается, что для  — свободного, профессионального пакета для создан",трехмерной | трехмерною | трехмерное | трехмерном | трехмерный,LOW,SPELLING
2016-10-06-sph-dlya-abaqus.md:body,рассказывабщее,"SPH для Abaqus
 

Небольшое видео, рассказывабщее базовую информацию о методе  и его применени в . Р",рассказывающее | рассказывающею | рассказывающей | рассказывающем | рассказывающие,LOW,SPELLING
2016-10-06-sph-dlya-abaqus.md:body,применени,"SPH для Abaqus
 

Небольшое видео, рассказывабщее базовую информацию о методе  и его применени в . Р",применению | применение | применении | применений | применения,LOW,SPELLING
2016-10-06-sph-dlya-abaqus.md:body,очердной,"SPH для Abaqus
 

Небольшое видео, рассказывабщее базовую информацию о методе  и его применени в . Р",очередной | очередною | очередное | очередном | очевидной,LOW,SPELLING
2016-10-06-sph-dlya-abaqus.md:body,прице,"SPH для Abaqus
 

Небольшое видео, рассказывабщее базовую информацию о методе  и его применени в . Р",прицел | прицеп | принце | шприце | фрице,LOW,SPELLING
2016-10-07-gpgpu-dlya-fluent.md:body,видеоинструкцию,"GPGPU для Fluent
 

  был первым  кодом общего назначения, который смог задействовать    для ускорен",видео инструкцию | видео-инструкцию,LOW,SPELLING
2016-10-09-i-esche-nemnogo-treschin.md:body,использованиям,"И еще немного трещин
 

Продолжая тему выращивания трещин в  при использованиям  я нашел одно интере",использования | использованием | использованию,LOW,SPELLING
2016-10-12-simulia-rum-conference-opener-2016.md:body,заклинательное,"SIMULIA RUM Conference Opener 2016
 

Небольшое заклинательное видео от 

 

SIMULIA RUM Conference ",заклинательнице | заклинательниц | заклинатель | заклинательница,LOW,SPELLING
2016-10-13-nashi-lyudi-v-kompozitah.md:body,Черняева,"Наши люди в композитах
 

Я уже публиковал новость, что у нашего доброго друга и бывшего коллеги Але",Черневая | Чернявая | Черневый | Чернявый | Чернеца,LOW,SPELLING
2016-10-13-nashi-lyudi-v-kompozitah.md:body,Спойлер,"Наши люди в композитах
 

Я уже публиковал новость, что у нашего доброго друга и бывшего коллеги Але",Бойлер | Бройлер | Бойлера | Бойлере | Бойлеру,LOW,SPELLING
2016-10-15-lektsii-po-kompozitam.md:body,Политехе,"Лекции по композитам
 

В середине сентября в Политехе Петра Великого прошла большая открытая лекция",Политесе | Потехе | Политес | Политое | Политые,LOW,SPELLING
2016-10-15-lektsii-po-kompozitam.md:body,Лёвена,"Лекции по композитам
 

В середине сентября в Политехе Петра Великого прошла большая открытая лекция",Левена | Вена | Лена | Ловлена | Львенка,LOW,SPELLING
2016-10-15-lektsii-po-kompozitam.md:body,Ломова,"Лекции по композитам
 

В середине сентября в Политехе Петра Великого прошла большая открытая лекция",Ломовая | Ломов | Логова | Ломота | Домовый,LOW,SPELLING
2016-10-15-lektsii-po-kompozitam.md:body,нано,"Лекции по композитам
 

В середине сентября в Политехе Петра Великого прошла большая открытая лекция",нанос | дано | надо | наго | рано,LOW,SPELLING
2016-10-15-lektsii-po-kompozitam.md:body,Политеха,"Лекции по композитам
 

В середине сентября в Политехе Петра Великого прошла большая открытая лекция",Политеса | Полита | Потеха | Политес | Политых,LOW,SPELLING
2016-10-15-lektsii-po-kompozitam.md:body,СПбПУ,"Лекции по композитам
 

В середине сентября в Политехе Петра Великого прошла большая открытая лекция",Спеху | Спячу | СПИДу | Папуа,LOW,SPELLING
2016-10-15-lektsii-po-kompozitam.md:body,Ломова,"Лекции по композитам
 

В середине сентября в Политехе Петра Великого прошла большая открытая лекция",Ломовая | Ломов | Логова | Ломота | Домовый,LOW,SPELLING
2016-10-15-poschadite-konechnye-elemetny.md:title,элеметны,Пощадите конечные элеметны,элементы | элемент | элементные | элементных | элементный,LOW,SPELLING
2016-10-15-poschadite-konechnye-elemetny.md:body,элеметны,"Пощадите конечные элеметны
 

Существует довольно обычная практика использования методики убийства (",элементы | элемент | элементные | элементных | элементный,LOW,SPELLING
2016-10-15-poschadite-konechnye-elemetny.md:body,физичное,"Пощадите конечные элеметны
 

Существует довольно обычная практика использования методики убийства (",физичке | циничное | финитное | финишное | физичкою,LOW,SPELLING
2016-10-16-studencheskiy-ansys.md:body,видеоинструкция,"Студенческий ANSYS
 

Вообще студенты должны справляться с таким сами, но если никак, то для самых м",видео инструкция | видео-инструкция,LOW,SPELLING
2016-10-18-ochen-bolshoy-vr.md:body,5х5,"Очень большой VR
 

Пока на рынок выходят  системы способные создавать комнаты размеров 5х5 метров к",ах | ха | хе | хм | хо,LOW,SPELLING
2016-10-18-ochen-bolshoy-vr.md:body,что-то,"Очень большой VR
 

Пока на рынок выходят  системы способные создавать комнаты размеров 5х5 метров к",ото | тот | что | фото | лото,LOW,SPELLING
2016-10-18-ochen-bolshoy-vr.md:body,150x150,"Очень большой VR
 

Пока на рынок выходят  системы способные создавать комнаты размеров 5х5 метров к",а | и | к | о | я,LOW,SPELLING
2016-10-18-ochen-bolshoy-vr.md:body,трекинг,"Очень большой VR
 

Пока на рынок выходят  системы способные создавать комнаты размеров 5х5 метров к",крекинг | тренинг | крекинга,LOW,SPELLING
2016-10-20-sos-ot-dynardo.md:body,робастного,"SoS от Dynardo
 

 - это новая аббревиатура, расшифровываемая как Statictics on Structures. За ней с",областного | лобастого | зобастого | лопастного | областной,LOW,SPELLING
2016-10-22-parametrizatsiya-mnogoshagovyh-nagruzok-v-a.md:title,многошаговых,Параметризация многошаговых нагрузок в ANSYS,много шаговых | много-шаговых | многоразовых | многочасовых | многоразовый,LOW,SPELLING
2016-10-22-parametrizatsiya-mnogoshagovyh-nagruzok-v-a.md:body,многошаговых,"Параметризация многошаговых нагрузок в ANSYS
 

Одной из фишек   является возможность тотальной пара",много шаговых | много-шаговых | многоразовых | многочасовых | многоразовый,LOW,SPELLING
2016-10-22-parametrizatsiya-mnogoshagovyh-nagruzok-v-a.md:body,многошаговое,"Параметризация многошаговых нагрузок в ANSYS
 

Одной из фишек   является возможность тотальной пара",много шаговое | много-шаговое | многоразовое | многочасовое | многочасовой,LOW,SPELLING
2016-10-24-planirovanie-3d-pechati.md:body,Софт,"Планирование 3D печати
 

 запустили в облаке свое решение, позволяющая моделировать процесс аддитив",Софит | Соф | Сот | Кофт | Софа,LOW,SPELLING
2016-10-24-planirovanie-3d-pechati.md:body,дисторисии,"Планирование 3D печати
 

 запустили в облаке свое решение, позволяющая моделировать процесс аддитив",дисторсии | дисторсию | дисторсия,LOW,SPELLING
2016-10-25-true-mezhdistsiplinarnyy-proekt.md:body,семпл,"True междисциплинарный проект
 

Команда   Team промоделировала легендарную гитару  и сыграла на ней",Темпл | сем пл | сем-пл | смел | сел,LOW,SPELLING
2016-10-25-true-mezhdistsiplinarnyy-proekt.md:body,заморочиться,"True междисциплинарный проект
 

Команда   Team промоделировала легендарную гитару  и сыграла на ней",заморочить | загородиться | загорячиться | заторопиться | заворожиться,LOW,SPELLING
2016-10-27-otkrytaya-lektsiya-po-kompozitam-v-pitersko.md:title,Политехе,Открытая лекция по композитам в питерском Политехе,Политесе | Потехе | Политес | Политое | Политые,LOW,SPELLING
2016-10-27-otkrytaya-lektsiya-po-kompozitam-v-pitersko.md:body,Политехе,"Открытая лекция по композитам в питерском Политехе
 

Новость - копипаст: в СПбПУ Петра Великого про",Политесе | Потехе | Политес | Политое | Политые,LOW,SPELLING
2016-10-27-otkrytaya-lektsiya-po-kompozitam-v-pitersko.md:body,копипаст,"Открытая лекция по композитам в питерском Политехе
 

Новость - копипаст: в СПбПУ Петра Великого про",копи паст | копи-паст | копиист | копииста | копиисте,LOW,SPELLING
2016-10-27-otkrytaya-lektsiya-po-kompozitam-v-pitersko.md:body,СПбПУ,"Открытая лекция по композитам в питерском Политехе
 

Новость - копипаст: в СПбПУ Петра Великого про",Спеху | Спячу | СПИДу | Папуа,LOW,SPELLING
2016-10-27-otkrytaya-lektsiya-po-kompozitam-v-pitersko.md:body,Хенинга,"Открытая лекция по композитам в питерском Политехе
 

Новость - копипаст: в СПбПУ Петра Великого про",Кернинга | Хинина | Ренина | Женина | Бенина,LOW,SPELLING
2016-10-27-otkrytaya-lektsiya-po-kompozitam-v-pitersko.md:body,трендах,"Открытая лекция по композитам в питерском Политехе
 

Новость - копипаст: в СПбПУ Петра Великого про",тред | стендах | тренерах | треногах | трень,LOW,SPELLING
2016-10-27-otkrytaya-lektsiya-po-kompozitam-v-pitersko.md:body,СПбПУ,"Открытая лекция по композитам в питерском Политехе
 

Новость - копипаст: в СПбПУ Петра Великого про",Спеху | Спячу | СПИДу | Папуа,LOW,SPELLING
2016-10-27-otkrytaya-lektsiya-po-kompozitam-v-pitersko.md:body,Хенинга,"Открытая лекция по композитам в питерском Политехе
 

Новость - копипаст: в СПбПУ Петра Великого про",Кернинга | Хинина | Ренина | Женина | Бенина,LOW,SPELLING
2016-10-27-otkrytaya-lektsiya-po-kompozitam-v-pitersko.md:body,трендах,"Открытая лекция по композитам в питерском Политехе
 

Новость - копипаст: в СПбПУ Петра Великого про",тред | стендах | тренерах | треногах | трень,LOW,SPELLING
2016-10-29-rezka-metalla.md:body,посвязенным,"Резка металла
 

20-ти минутный обучающий ролик посвязенным моделированию процесса резки металла в .",посвященным | посвященными | освященным | повезенным | повяленным,LOW,SPELLING
2016-10-29-true-cfd-iz-pitera.md:body,Гарабаруком,"True CFD из Питера!
 

В свое время мне посчастливилось работать в смежной с Андреем Викторовичем Га",Тарабарском | Тарабарскому | Тарабарским | Тарабарскою | Тарабарское,LOW,SPELLING
2016-10-29-true-cfd-iz-pitera.md:body,суперкомпьютерах,"True CFD из Питера!
 

В свое время мне посчастливилось работать в смежной с Андреем Викторовичем Га",супер компьютерах | супер-компьютерах,LOW,SPELLING
2016-10-29-true-cfd-iz-pitera.md:body,Суперкомпьютерные,"True CFD из Питера!
 

В свое время мне посчастливилось работать в смежной с Андреем Викторовичем Га",Супер компьютерные | Супер-компьютерные,LOW,SPELLING
2016-10-29-true-cfd-iz-pitera.md:body,что-то,"True CFD из Питера!
 

В свое время мне посчастливилось работать в смежной с Андреем Викторовичем Га",ото | тот | что | фото | лото,LOW,SPELLING
2016-10-29-true-cfd-iz-pitera.md:body,уделать,"True CFD из Питера!
 

В свое время мне посчастливилось работать в смежной с Андреем Викторовичем Га",делать | сделать | уделить | уделять | вделать,LOW,SPELLING
2016-10-29-true-cfd-iz-pitera.md:body,трендах,"True CFD из Питера!
 

В свое время мне посчастливилось работать в смежной с Андреем Викторовичем Га",тред | стендах | тренерах | треногах | трень,LOW,SPELLING
2016-10-29-true-cfd-iz-pitera.md:body,суперкомпьютерной,"True CFD из Питера!
 

В свое время мне посчастливилось работать в смежной с Андреем Викторовичем Га",супер компьютерной | супер-компьютерной,LOW,SPELLING
2016-10-30-am-ot-siemens.md:body,Наконец-то,"AM от Siemens
 

Наконец-то у   есть хороший маркетинговый материал, и посвящен он  (Additive Manufa",Наконец | Наконечный | Наконечною | Наконечное | Наконечной,LOW,SPELLING
2016-10-31-kogda-kontakt-ne-shoditsya.md:body,из-за,"Когда контакт не сходится
 

Не сходится задача из-за сложного контактного взаимодействия? Не беде, ",изба | извоза | изюма | из | низа,LOW,SPELLING
2016-11-01-nemnogo-zanudstva-pro-slau.md:body,Донгара,"Немного занудства про СЛАУ
 

На самом деле, лекция совсем даже не занудная. Просто Джек Донгара (Ja",Донг ара | Донг-ара | Донага | Донга | Ангара,LOW,SPELLING
2016-11-04-izuchaem-opersors.md:body,специализирующася,"Изучаем оперсорс
 

Компания , специализирующася на расчетах в автомобильной промышленности, на свое",специализирующаяся | специализирующая | специализирующеюся,LOW,SPELLING
2016-11-04-izuchaem-opersors.md:body,эксклюзивна,"Изучаем оперсорс
 

Компания , специализирующася на расчетах в автомобильной промышленности, на свое",эксклюзивная | эксклюзива | эксклюзив на | эксклюзив-на | эксклюзив,LOW,SPELLING
2016-11-07-ls-dyna-dlya-kak-generator-oboev-rabochego.md:body,баг,"LS-DYNA для как генератор обоев рабочего стола


Это не баг при визуализации результатов расчетов   ",благ | баю | баб | бац | бае,LOW,SPELLING
2016-11-07-ls-dyna-dlya-kak-generator-oboev-rabochego.md:body,фича,"LS-DYNA для как генератор обоев рабочего стола


Это не баг при визуализации результатов расчетов   ",бича | фифа | фига | фита,LOW,SPELLING
2016-11-10-chto-by-botinki-byli-po-noge.md:body,интресная,"Что бы ботинки были по ноге
 

Очень интресная статья по проектированию спортивно обуви при помощи  ",интересная | интересна | инверсная | интересный | инверсный,LOW,SPELLING
2016-11-11-teplyy-lampovyy-intrfeys.md:title,интрфейс,Теплый ламповый интрфейс,интерфейс | интерфейса | интерфейсе | интерфейсу | интерфейсы,LOW,SPELLING
2016-11-11-teplyy-lampovyy-intrfeys.md:body,интрфейс,"Теплый ламповый интрфейс
 

Когда вы готовите иллюстрации для отчета или презентации бывает жизненно",интерфейс | интерфейса | интерфейсе | интерфейсу | интерфейсы,LOW,SPELLING
2016-11-12-calfem-ne-putat-s-cadfem.md:body,Лунд,"CALFEM - не путать с CADFEM
 

 (Computer Aided Learning of the Finite Element Method) - набор инстр",Лун | Алунд | Луню | Луна | Луне,LOW,SPELLING
2016-11-13-topologicheskaya-optimizatsiya-v-zadachah-aku.md:body,блоге,"Топологическая оптимизация в задачах акустики
 

 в своем блоге написал хорошую статью, содержащую н",боге | логе | благе | блохе | блоке,LOW,SPELLING
2016-11-14-naskolko-zharko-v-vashey-servernoy.md:title,серверной,Насколько жарко в вашей серверной?,северной | сер верной | сер-верной | сервер ной | сервер-ной,LOW,SPELLING
2016-11-14-naskolko-zharko-v-vashey-servernoy.md:body,серверной,"Насколько жарко в вашей серверной?
 

Тепловой режим в маленькой серверной или в большом ЦОДе это го",северной | сер верной | сер-верной | сервер ной | сервер-ной,LOW,SPELLING
2016-11-14-naskolko-zharko-v-vashey-servernoy.md:body,серверной,"Насколько жарко в вашей серверной?
 

Тепловой режим в маленькой серверной или в большом ЦОДе это го",северной | сер верной | сер-верной | сервер ной | сервер-ной,LOW,SPELLING
2016-11-14-naskolko-zharko-v-vashey-servernoy.md:body,ЦОДе,"Насколько жарко в вашей серверной?
 

Тепловой режим в маленькой серверной или в большом ЦОДе это го",Оде | Боде | Годе | Ходе | Йоде,LOW,SPELLING
2016-11-18-interkonnekt-na-20-gbit.md:title,Гбит,Интерконнект на 20 Гбит,Губит | Бит | Гит | Кбит | Обит,LOW,SPELLING
2016-11-18-interkonnekt-na-20-gbit.md:body,Гбит,"Интерконнект на 20 Гбит
 

Интерконнект на 200 Гбит
На прошедшей неделе компания  анонсировала выпус",Губит | Бит | Гит | Кбит | Обит,LOW,SPELLING
2016-11-18-interkonnekt-na-20-gbit.md:body,Гбит,"Интерконнект на 20 Гбит
 

Интерконнект на 200 Гбит
На прошедшей неделе компания  анонсировала выпус",Губит | Бит | Гит | Кбит | Обит,LOW,SPELLING
2016-11-18-interkonnekt-na-20-gbit.md:body,дефакто,"Интерконнект на 20 Гбит
 

Интерконнект на 200 Гбит
На прошедшей неделе компания  анонсировала выпус",де факто | де-факто | факто | дефектом | дефектов,LOW,SPELLING
2016-11-18-interkonnekt-na-20-gbit.md:body,суперкомпьютеров,"Интерконнект на 20 Гбит
 

Интерконнект на 200 Гбит
На прошедшей неделе компания  анонсировала выпус",супер компьютеров | супер-компьютеров,LOW,SPELLING
2016-11-18-interkonnekt-na-20-gbit.md:body,Гбит,"Интерконнект на 20 Гбит
 

Интерконнект на 200 Гбит
На прошедшей неделе компания  анонсировала выпус",Губит | Бит | Гит | Кбит | Обит,LOW,SPELLING
2016-11-18-interkonnekt-na-20-gbit.md:body,нано,"Интерконнект на 20 Гбит
 

Интерконнект на 200 Гбит
На прошедшей неделе компания  анонсировала выпус",нанос | дано | надо | наго | рано,LOW,SPELLING
2016-11-18-interkonnekt-na-20-gbit.md:body,200Gb,"Интерконнект на 20 Гбит
 

Интерконнект на 200 Гбит
На прошедшей неделе компания  анонсировала выпус",А | И | К | О | Я,LOW,SPELLING
2016-11-20-nedelya-shopinga.md:title,шопинга,Неделя шопинга,допинга | шейпинга | допинг | допинге | допингу,LOW,SPELLING
2016-11-20-nedelya-shopinga.md:body,шопинга,"Неделя шопинга
 

  прикупил себе компанию Mentor Graphics, известную своими  кодами ,  и Flowmaster",допинга | шейпинга | допинг | допинге | допингу,LOW,SPELLING
2016-11-20-nedelya-shopinga.md:body,софтом,"Неделя шопинга
 

  прикупил себе компанию Mentor Graphics, известную своими  кодами ,  и Flowmaster",софитом | сотом | сортом | соф том | соф-том,LOW,SPELLING
2016-11-20-nedelya-shopinga.md:body,супермонстры,"Неделя шопинга
 

  прикупил себе компанию Mentor Graphics, известную своими  кодами ,  и Flowmaster",супер монстры | супер-монстры,LOW,SPELLING
2016-11-20-wolfram-on-demand.md:body,моно,"Wolfram On-Demand
 

 анонсировал запуск облачных лицензий на  в облаке . Теперь для сложных аналити",модно | можно | мощно | оно | лоно,LOW,SPELLING
2016-11-24-sloshing.md:title,Слошинг,Слошинг,Слябинг | Смокинг | Блошиный,LOW,SPELLING
2016-11-24-sloshing.md:body,Слошинг,"Слошинг
 

Прото небольшой готовый пример по расчету слошинга в  - изучаем и наслаждаемся.

 

'CFD ",Слябинг | Смокинг | Блошиный,LOW,SPELLING
2016-11-24-sloshing.md:body,Прото,"Слошинг
 

Прото небольшой готовый пример по расчету слошинга в  - изучаем и наслаждаемся.

 

'CFD ",Просто | Проток | Протон | Просо | Пр ото,LOW,SPELLING
2016-11-24-sloshing.md:body,слошинга,"Слошинг
 

Прото небольшой готовый пример по расчету слошинга в  - изучаем и наслаждаемся.

 

'CFD ",слябинга | смокинга | слябинг | смокинг | блошиный,LOW,SPELLING
2016-11-27-kogda-mpi-zabolel.md:body,серверной,"Когда MPI заболел
 

На днях мне довелось собирать кластер из ""того, что было"" на коленке: без плани",северной | сер верной | сер-верной | сервер ной | сервер-ной,LOW,SPELLING
2016-11-27-kogda-mpi-zabolel.md:body,операционки,"Когда MPI заболел
 

На днях мне довелось собирать кластер из ""того, что было"" на коленке: без плани",операционный | операционными | операционная | операционною | операционное,LOW,SPELLING
2016-12-01-vybiraem-tubrulentnost-po-zadache.md:title,тубрулентность,Выбираем тубрулентность по задаче,турбулентность | турбулентностью | турбулентности,LOW,SPELLING
2016-12-01-vybiraem-tubrulentnost-po-zadache.md:body,тубрулентность,"Выбираем тубрулентность по задаче
~~  → Сохранённая версия

*Оригинальная ссылка больше не доступна*",турбулентность | турбулентностью | турбулентности,LOW,SPELLING
2016-12-01-vybiraem-tubrulentnost-po-zadache.md:body,Сохранённая,"Выбираем тубрулентность по задаче
~~  → Сохранённая версия

*Оригинальная ссылка больше не доступна*",Сохраненная | Сохранная | Сохраненный | Сохранный,LOW,SPELLING
2016-12-01-vybiraem-tubrulentnost-po-zadache.md:body,Сохранённая,"Выбираем тубрулентность по задаче
~~  → Сохранённая версия

*Оригинальная ссылка больше не доступна*",Сохраненная | Сохранная | Сохраненный | Сохранный,LOW,SPELLING
2016-12-01-vybiraem-tubrulentnost-po-zadache.md:body,Сохранённая,"Выбираем тубрулентность по задаче
~~  → Сохранённая версия

*Оригинальная ссылка больше не доступна*",Сохраненная | Сохранная | Сохраненный | Сохранный,LOW,SPELLING
2016-12-03-creo-4.md:body,фотореалистичного,"CREO 4
 

Последнее время, все технические источники только и говорят о выходе   4. CREO (бывший Pro",фото реалистичного | фото-реалистичного,LOW,SPELLING
2016-12-03-creo-4.md:body,рендерина,"CREO 4
 

Последнее время, все технические источники только и говорят о выходе   4. CREO (бывший Pro",ледерина | ледерин | тендерный,LOW,SPELLING
2016-12-04-vr-v-vebinare.md:body,занимащаяся,"VR в вебинаре
 

Компания  занимащаяся промышленным  анонсировала запуск решения под коовым название",занимающаяся | нанимающаяся | занимавшаяся | зажимающаяся | занимающийся,LOW,SPELLING
2016-12-04-vr-v-vebinare.md:body,коовым,"VR в вебинаре
 

Компания  занимащаяся промышленным  анонсировала запуск решения под коовым название",кодовым | комовым | коновым | оков | кооп,LOW,SPELLING
2016-12-05-ansys-fluent-opyat-sozhral-vse-resursy.md:body,двухсокетных,"ANSYS Fluent опять сожрал все ресурсы
 

ANSYS Inc,  High Performance Computing Center () Штутгартск",двухскатных | двухсветных | двухскатный | двухсветный,LOW,SPELLING
2016-12-06-vstrechaem-adams-2017.md:body,скриптового,"Встречаем Adams 2017
 

Еще одни большой релиз произошел в конце 2016 года. Компания  выпустила  201",скриптов ого | скриптов-ого | скипового | скиповый | скиповою,LOW,SPELLING
2016-12-07-tak-li-horoshi-eksperimenty.md:body,какое-то,"!
 

Среди инженеров и исследователей зачастую бытует мнение, что эксперимент - это лучший способ по",каково | каковой | какова | карета | ракета,LOW,SPELLING
2016-12-07-tak-li-horoshi-eksperimenty.md:body,моделировани,"!
 

Среди инженеров и исследователей зачастую бытует мнение, что эксперимент - это лучший способ по",моделированию | моделирование | моделировании | моделирования | моделирован,LOW,SPELLING
2016-12-07-tak-li-horoshi-eksperimenty.md:body,обрвтная,"!
 

Среди инженеров и исследователей зачастую бытует мнение, что эксперимент - это лучший способ по",обратная | бортная | оборотная | обретая | обритая,LOW,SPELLING
2016-12-09-dassault-systèmes-kupil-xflow.md:body,убер,"Dassault Systèmes купил XFlow
 

Компания  Systèmes, имеющая в своем портфолио такие , как  и , а та",убери | уберу | обер | убей | убор,LOW,SPELLING
2016-12-09-dassault-systèmes-kupil-xflow.md:body,решёточных,"Dassault Systèmes купил XFlow
 

Компания  Systèmes, имеющая в своем портфолио такие , как  и , а та",решеточных | нешуточных | решеточные | решеточный | решеточным,LOW,SPELLING
2016-12-09-dassault-systèmes-kupil-xflow.md:body,бесстоечный,"Dassault Systèmes купил XFlow
 

Компания  Systèmes, имеющая в своем портфолио такие , как  и , а та",бессточный | бес стоечный | бес-стоечный | бессрочный | бессточной,LOW,SPELLING
2016-12-11-pdm-v-oblake.md:body,аналитикой,"PDM в облаке
 

Большая статья с аналитикой по поводу того, что  запустила  систему в облаке -  Life",аналитиком | аналитиков | аналитик ой | аналитик-ой | аналитик,LOW,SPELLING
2016-12-11-pdm-v-oblake.md:body,отсутсвие,"PDM в облаке
 

Большая статья с аналитикой по поводу того, что  запустила  систему в облаке -  Life",отсутствие | отсутствием | отсутствию | отсутствии | отсутствия,LOW,SPELLING
2016-12-11-tonskosti-modelirovaniya-zubchatogo-zatsepl.md:title,Тонскости,Тонскости моделирования зубчатого зацепления,Тонкости | Тон скости | Тон-скости | Носкости | Тонкость,LOW,SPELLING
2016-12-11-tonskosti-modelirovaniya-zubchatogo-zatsepl.md:body,Тонскости,"Тонскости моделирования зубчатого зацепления
 

 в своем блоге подробно разобрал как моделировать зу",Тонкости | Тон скости | Тон-скости | Носкости | Тонкость,LOW,SPELLING
2016-12-11-tonskosti-modelirovaniya-zubchatogo-zatsepl.md:body,блоге,"Тонскости моделирования зубчатого зацепления
 

 в своем блоге подробно разобрал как моделировать зу",боге | логе | благе | блохе | блоке,LOW,SPELLING
2016-12-14-s-dnem-rozhdeniya-onshape.md:body,всего-то,"С днем рождения, Onshape
 

Сегодня, ровно год назад, состоялся первый коммерческий релиз облачного ",всего | всегда,LOW,SPELLING
2016-12-15-novaya-kompaniya-modeliruyuschaya-svarku.md:body,преппоста,"Новая компания, моделирующая сварку
 

Неделя началась с создания новой компании , отделившейся от .",преп поста | преп-поста,LOW,SPELLING
2016-12-15-novaya-kompaniya-modeliruyuschaya-svarku.md:body,кто-то,"Новая компания, моделирующая сварку
 

Неделя началась с создания новой компании , отделившейся от .",Киото | котом | котов | кот | кто,LOW,SPELLING
2016-12-17-sostoyalsya-vtoroy-reliz-shapr3d.md:body,стилусом,"Состоялся второй релиз Shapr3D
 

 - в своем роде уникальный проект. Это  работающий на  Pro и тольк",стилистом | силосом | синусом | тимусом | стимулом,LOW,SPELLING
2016-12-18-materialy-vebinara-po-novym-vozmozhnostyam.md:body,какой-то,"Материалы вебинара по новым возможностям LS-DYNA R9
 

Шведское подразделение  любезно выложило слай",какой | какого | каково | каковой | какова,LOW,SPELLING
2016-12-18-materialy-vebinara-po-novym-vozmozhnostyam.md:body,пересборки,"Материалы вебинара по новым возможностям LS-DYNA R9
 

Шведское подразделение  любезно выложило слай",переборки | пере сборки | пере-сборки | перебори | переборка,LOW,SPELLING
2016-12-18-materialy-vebinara-po-novym-vozmozhnostyam.md:body,трещенообразования,"Материалы вебинара по новым возможностям LS-DYNA R9
 

Шведское подразделение  любезно выложило слай",трещинообразования | трещинообразованию | трещинообразование | трещинообразовании,LOW,SPELLING
2016-12-18-materialy-vebinara-po-novym-vozmozhnostyam.md:body,Бессеточный,"Материалы вебинара по новым возможностям LS-DYNA R9
 

Шведское подразделение  любезно выложило слай",Бессточный | Бес сеточный | Бес-сеточный | Беседочный | Бессрочный,LOW,SPELLING
2016-12-18-materialy-vebinara-po-novym-vozmozhnostyam.md:body,обогощенных,"Материалы вебинара по новым возможностям LS-DYNA R9
 

Шведское подразделение  любезно выложило слай",обогащенных | обобщенных | обогащенные | обогащенный | обогащенным,LOW,SPELLING
2016-12-18-materialy-vebinara-po-novym-vozmozhnostyam.md:body,резин,"Материалы вебинара по новым возможностям LS-DYNA R9
 

Шведское подразделение  любезно выложило слай",резни | резина | резине | резину | резины,LOW,SPELLING
2016-12-18-materialy-vebinara-po-novym-vozmozhnostyam.md:body,бессеточный,"Материалы вебинара по новым возможностям LS-DYNA R9
 

Шведское подразделение  любезно выложило слай",бессточный | бес сеточный | бес-сеточный | беседочный | бессрочный,LOW,SPELLING
2016-12-18-vyshel-keyshot-63.md:body,фотореалистичного,"Вышел KeyShot 6.3
 

Компания  объявила о выходе  6.3 - системе фотореалистичного рендеринга для . К",фото реалистичного | фото-реалистичного,LOW,SPELLING
2016-12-18-vyshel-keyshot-63.md:body,расчитывать,"Вышел KeyShot 6.3
 

Компания  объявила о выходе  6.3 - системе фотореалистичного рендеринга для . К",рассчитывать | насчитывать | засчитывать | рас читывать | рас-читывать,LOW,SPELLING
2016-12-20-rezino-metallicheskaya-ruka.md:body,заморочился,"Резино-металлическая рука
 

Коллега заморочился и смоделировал резина-металлическую руку в : твердо",заморочил | заморочила | заморочили | заморочило | загородился,LOW,SPELLING
2016-12-21-prosteyshaya-zadacha-v-nastran.md:body,что-то,"Простейшая задача в NASTRAN
 

Учебный пример по изгибу балки при помощи . Постановка задачи в  в ис",ото | тот | что | фото | лото,LOW,SPELLING
2016-12-23-paketnyy-zapusk-comsol.md:body,пакетно,"Пакетный запуск COMSOL
 

Очень часто нужно выполнить расчет в пакетно режиме (т.е. вообще без GUI) ",пакетною | пакетное | пакетной | пакетном | ракетно,LOW,SPELLING
2016-12-23-paketnyy-zapusk-comsol.md:body,блоге,"Пакетный запуск COMSOL
 

Очень часто нужно выполнить расчет в пакетно режиме (т.е. вообще без GUI) ",боге | логе | благе | блохе | блоке,LOW,SPELLING
2016-12-26-kak-skrestit-uzha-i-apdl.md:body,форк,"Как скрестить ужа и APDL
  apps/SimulationNotebook_apc-actapp-79

 расширение Simulation Notebook, р",фок | фора | форд | форе | форм,LOW,SPELLING
2016-12-27-izuchaem-sph-v-abaqus.md:body,пошагово,"Изучаем SPH в ABAQUS
 

Стандартный пример удара  птицы в оболочку, пошагово разобранный в 
 

Abaqu",пошаговою | пошаговое | пошаговой | пошаговом,LOW,SPELLING
2016-12-30-novogodniy-feerverk.md:title,феерверк,Новогодний феерверк,фейерверк | фейерверка | фейерверке | фейерверки | фейерверку,LOW,SPELLING
2016-12-30-novogodniy-feerverk.md:body,феерверк,"Новогодний феерверк
 

Коллеги, сегодня у нас последний рабочий день перед приятной новогодней суето",фейерверк | фейерверка | фейерверке | фейерверки | фейерверку,LOW,SPELLING
2017-01-13-schitaem-transmissiyu.md:body,расчётам,"Считаем трансмиссию
 

Давно у меня не было материалов от . На этот раз коллеги порадовали сборным в",расчетам | расчет | насчет,LOW,SPELLING
2017-01-14-mashinnyy-intellekt-dlya-resheniya-zadachi-gi.md:body,Нейронке,"Машинный интеллект для решения задачи гидродинамики
 

Ребята из   (группа разработчиков ) научили н",Нейроне | Нейтроне | Нейрон | Нейронное | Нейронные,LOW,SPELLING
2017-01-14-mashinnyy-intellekt-dlya-resheniya-zadachi-gi.md:body,почему-то,"Машинный интеллект для решения задачи гидродинамики
 

Ребята из   (группа разработчиков ) научили н",почему | почемучка | почесуха,LOW,SPELLING
2017-01-15-nashi-na-konkurse-ansys-hall-of-fame.md:body,наминали,"Наши на конкурсе ANSYS Hall of Fame
 

В наминали Best in Show 2017 ежегодного конкурса  засветились",начинали | заминали | начинать | заминать,LOW,SPELLING
2017-01-16-obratnyy-otschet.md:body,всего-то,"Обратный отсчет
 

 запустил обратный отсчет до всемирного мероприятия посвященного 18-ому релизу св",всего | всегда,LOW,SPELLING
2017-01-16-obratnyy-otschet.md:body,попкорн,"Обратный отсчет
 

 запустил обратный отсчет до всемирного мероприятия посвященного 18-ому релизу св",покорен | покорна | покорно | покорны | попон,LOW,SPELLING
2017-01-22-marku-uzhe-mnogo-let.md:body,Педро,"Марку уже много лет
 

Доктор Педро Марчел (Dr. Pedro Marcel) основал компанию Marc Analysis Researc",Перо | Бедро | Ведро | Щедро | Щедрый,LOW,SPELLING
2017-01-22-marku-uzhe-mnogo-let.md:body,Марчел,"Марку уже много лет
 

Доктор Педро Марчел (Dr. Pedro Marcel) основал компанию Marc Analysis Researc",Маркел | Мрачнел | Марели | Марель | Марале,LOW,SPELLING
2017-01-22-marku-uzhe-mnogo-let.md:body,Свонсоном,"Марку уже много лет
 

Доктор Педро Марчел (Dr. Pedro Marcel) основал компанию Marc Analysis Researc",Спонсором | Спонсор | Спонсорам | Спонсоров,LOW,SPELLING
2017-01-22-marku-uzhe-mnogo-let.md:body,Курта,"Марку уже много лет
 

Доктор Педро Марчел (Dr. Pedro Marcel) основал компанию Marc Analysis Researc",Крута | Курята | Куртка | Кура | Бурта,LOW,SPELLING
2017-01-22-marku-uzhe-mnogo-let.md:body,Миллера,"Марку уже много лет
 

Доктор Педро Марчел (Dr. Pedro Marcel) основал компанию Marc Analysis Researc",Киллера | Киллерах | Киллерам | Дилера | Филера,LOW,SPELLING
2017-01-22-marku-uzhe-mnogo-let.md:body,Курт,"Марку уже много лет
 

Доктор Педро Марчел (Dr. Pedro Marcel) основал компанию Marc Analysis Researc",Крут | Курит | Курят | Кур | Бурт,LOW,SPELLING
2017-01-23-uproschennyy-zapusk-ls-dyna.md:body,утилитка,"Упрощенный запуск LS-DYNA
 

Детище  трудно не только освоить, но и просто запустить. Однако, начина",утилита | утилит ка | утилит-ка | утилитах | утилитам,LOW,SPELLING
2017-01-25-lektsiya-po-acp.md:body,содания,"Лекция по ACP
 

35-ти минутная видео лекция по работе с   PrepPost () - очень подробно разобрано вс",создания | бодания | сосания | сования,LOW,SPELLING
2017-01-26-ansys-180-gotov-mozhno-registrirovatsya.md:body,регистриуемся," 

Радуемся, и читаем спеки на аппаратную платформу, ставим  18.0. А еще, регистриуемся на целый вор",регистрируемся | регистрироваться | регистрируемая,LOW,SPELLING
2017-01-28-seminar-proroki.md:title,проРоки,Семинар проРоки!,пророки | пороки | пророк | пророка | пророке,LOW,SPELLING
2017-01-28-seminar-proroki.md:body,проРоки,"Семинар проРоки!
 

28 февраля 2017 года в здании главного корпуса Санкт-Петербургского горного унив",пророки | пороки | пророк | пророка | пророке,LOW,SPELLING
2017-01-28-seminar-proroki.md:body,щековой,"Семинар проРоки!
 

28 февраля 2017 года в здании главного корпуса Санкт-Петербургского горного унив",дековой | вековой | чековой | щекот,LOW,SPELLING
2017-01-28-seminar-proroki.md:body,2ЩДС100X200,"Семинар проРоки!
 

28 февраля 2017 года в здании главного корпуса Санкт-Петербургского горного унив",ДСП | НДС | ЭДС,LOW,SPELLING
2017-01-31-populyarnomehanicheskie-krashtesty.md:title,Популярномеханические,Популярномеханические краштесты,Популярно механические | Популярно-механические,LOW,SPELLING
2017-01-31-populyarnomehanicheskie-krashtesty.md:body,Популярномеханические,"Популярномеханические краштесты
 

Небольшая статья/комикс про историю моделирования карштестов, и и",Популярно механические | Популярно-механические,LOW,SPELLING
2017-01-31-populyarnomehanicheskie-krashtesty.md:body,карштестов,"Популярномеханические краштесты
 

Небольшая статья/комикс про историю моделирования карштестов, и и",каратистов | каратист | каратистом,LOW,SPELLING
2017-02-03-ansys-app-builder.md:body,низкоуровненов,"ANSYS App Builder
 

В  18 появилось такое приложение, как ANSYS App Builder, и, на мой взгляд, это ",низкоуровневою | низкоуровневое | низкоуровневой | низкоуровневом | низкоуровневый,LOW,SPELLING
2017-02-03-ansys-app-builder.md:body,интефейса,"ANSYS App Builder
 

В  18 появилось такое приложение, как ANSYS App Builder, и, на мой взгляд, это ",интерфейса | интерфейсах | интерфейсам | интерфейс | интерфейсе,LOW,SPELLING
2017-02-03-ansys-app-builder.md:body,пропыв,"ANSYS App Builder
 

В  18 появилось такое приложение, как ANSYS App Builder, и, на мой взгляд, это ",проплыв | пробыв | промыв | пропав | пропев,LOW,SPELLING
2017-02-03-ansys-app-builder.md:body,упращении,"ANSYS App Builder
 

В  18 появилось такое приложение, как ANSYS App Builder, и, на мой взгляд, это ",упрощении | ращении | упражнении | управлении | прощении,LOW,SPELLING
2017-02-03-monitoring-ispolzovaniya-litsenziy-ansys.md:body,кто-то,"Мониторинг использования лицензий ANSYS
 

В 18-ой версии менеджер лицензий  получил очень полезную ",Киото | котом | котов | кот | кто,LOW,SPELLING
2017-02-03-msc-budet-kuplena-kompaniey-hexagon.md:body,геоинформационные,"MSC будет куплена компанией Hexagon
 

Большая новость о покупке большого  игрока. Компания  объявил",биоинформационные | биоинформационный | биоинформационное | биоинформационных | биоинформационным,LOW,SPELLING
2017-02-05-beam-to-solid-submodeling-v-ansys.md:body,подмоделями,"Beam-to-Solid submodeling в ANSYS
 

Техника работы с подмоделями или сабмоделинг в   была наверно в",под моделями | под-моделями,LOW,SPELLING
2017-02-05-beam-to-solid-submodeling-v-ansys.md:body,компостов,"Beam-to-Solid submodeling в ANSYS
 

Техника работы с подмоделями или сабмоделинг в   была наверно в",компотов | компостом | ком постов | ком-постов | компот,LOW,SPELLING
2017-02-08-ansys-18+.md:body,Яндекс,"ANSYS 18+
 

В продолжении обсуждения темы всепроникающих инженерных расчетов ( ) пошутил Яндекс: Ди",Индекс | Индекса | Индексе | Индексу | Индексы,LOW,SPELLING
2017-02-08-ansys-18+.md:body,Директ,"ANSYS 18+
 

В продолжении обсуждения темы всепроникающих инженерных расчетов ( ) пошутил Яндекс: Ди",Диет | Директив | Директор | Дискет | Диалект,LOW,SPELLING
2017-02-08-ansys-18+.md:body,контент,"ANSYS 18+
 

В продолжении обсуждения темы всепроникающих инженерных расчетов ( ) пошутил Яндекс: Ди",конвент | кон тент | кон-тент | континент | констант,LOW,SPELLING
2017-02-09-kak-delat-hpc-dlya-ansys-18.md:body,cобственный,"Как делать HPC для ANSYS 18
 

Коллеги, рад поделиться ссылкой на опубликованный недавно материал, п",собственный | родственный | собственной | собственные | собственных,LOW,SPELLING
2017-02-11-cornell-provedet-esche-odni-kurs-po-ansys.md:body,Сохранённая,"Cornell проведет еще одни курс по ANSYS
~~  → Сохранённая версия

*Оригинальная ссылка больше не дос",Сохраненная | Сохранная | Сохраненный | Сохранный,LOW,SPELLING
2017-02-11-cornell-provedet-esche-odni-kurs-po-ansys.md:body,Сохранённая,"Cornell проведет еще одни курс по ANSYS
~~  → Сохранённая версия

*Оригинальная ссылка больше не дос",Сохраненная | Сохранная | Сохраненный | Сохранный,LOW,SPELLING
2017-02-11-krasivoe-video.md:body,безопастнотси,"Красивое видео
 

Видео с результатами расчета в  раскрытия подушки безопастнотси под водой (интерес",безопасности | безопасность | безопасностью,LOW,SPELLING
2017-02-12-2d-fsi-v-ls-dyna.md:body,видеоуроков,"2D FSI в LS-DYNA
 

 не на шутку взялись за наполнение своего канала видеоуроков. Так, вслед за прим",видео уроков | видео-уроков,LOW,SPELLING
2017-02-12-2d-fsi-v-ls-dyna.md:body,решателем,"2D FSI в LS-DYNA
 

 не на шутку взялись за наполнение своего канала видеоуроков. Так, вслед за прим",вешателем | вешателе | предателем | вешатель | делателем,LOW,SPELLING
2017-02-14-xflow-nastran-fsi.md:body,бессеточного,"XFlow - Nastran FSI
 

Часовой(!!!) вебинар на тему постановки  для кодов   и . В вебинаре много пол",бессточного | бес сеточного | бес-сеточного | беседочного | бессрочного,LOW,SPELLING
2017-02-15-chto-nam-stoit-zaburitsya.md:title,забуриться,Что нам стоит забуриться,зазубриться | зариться | заблудиться | зажмуриться | забраться,LOW,SPELLING
2017-02-15-chto-nam-stoit-zaburitsya.md:body,забуриться,"Что нам стоит забуриться
 

Однажды   STR помог нам поймать такой интересный эффект, как дребезг и .",зазубриться | зариться | заблудиться | зажмуриться | забраться,LOW,SPELLING
2017-02-17-sistemy-izmereniya-velichin.md:body,как-то,"Системы измерения величин
 

Очень полезный пост , раскрывающий всю боль при переходе от метрической",факто | какао | акт,LOW,SPELLING
2017-02-19-spisok-literatury-po-gost.md:body,Почему-то,"Список литературы по ГОСТ
 

Почему-то   упорно не хочет понимать и принимать отечественные правила ",Почему | Почемучка | Почесуха,LOW,SPELLING
2017-02-20-3d-cfd-v-ls-dyna.md:body,решателем,"3D CFD в LS-DYNA
 

 опубликовали видео урок по работе со встроенным  решателем . Он отличается спос",вешателем | вешателе | предателем | вешатель | делателем,LOW,SPELLING
2017-02-21-esche-odin-sposob-uprostit-raschety-ls-dyn.md:body,ланчер,"Еще один способ упростить расчеты LS-DYNA
 

На сайте   появился еще один интересный ланчер для расч",лайнер | фланер | ландвер | планер | анкер,LOW,SPELLING
2017-02-23-diser-v-latex.md:title,Дисер,Дисер в LaTeX,Бисер | Дилер | Димер,LOW,SPELLING
2017-02-23-diser-v-latex.md:body,Дисер,"Дисер в LaTeX
 

Тема оформления списка литературы по  вызвала неподдельный интерес у всей аудитории",Бисер | Дилер | Димер,LOW,SPELLING
2017-02-23-diser-v-latex.md:body,репозитории,"Дисер в LaTeX
 

Тема оформления списка литературы по  вызвала неподдельный интерес у всей аудитории",депозитарии | депозитарий | депозитарию | депозитария,LOW,SPELLING
2017-02-23-diser-v-latex.md:body,ака,"Дисер в LaTeX
 

Тема оформления списка литературы по  вызвала неподдельный интерес у всей аудитории",акаю | акад | акай | акал | акая,LOW,SPELLING
2017-02-23-diser-v-latex.md:body,форкнуть,"Дисер в LaTeX
 

Тема оформления списка литературы по  вызвала неподдельный интерес у всей аудитории",фыркнуть | юркнуть | цокнуть | фукнуть | фыркнут,LOW,SPELLING
2017-02-23-diser-v-latex.md:body,однопользовательском,"Дисер в LaTeX
 

Тема оформления списка литературы по  вызвала неподдельный интерес у всей аудитории",одно пользовательском | одно-пользовательском,LOW,SPELLING
2017-03-03-upravlyaya-fluent.md:body,убер,"Управляя Fluent
 

  - убер решатель , но иногда и им надо управлять. В своем блоге ANSYS приводит п",убери | уберу | обер | убей | убор,LOW,SPELLING
2017-03-03-upravlyaya-fluent.md:body,блоге,"Управляя Fluent
 

  - убер решатель , но иногда и им надо управлять. В своем блоге ANSYS приводит п",боге | логе | благе | блохе | блоке,LOW,SPELLING
2017-03-07-raschet-ustalosti-pochti-besplatno.md:body,софт,"Расчет усталости (почти) бесплатно
 

 -  бесплатный софт для расчета усталостной прочности и долгов",софит | соф | сот | кофт | софа,LOW,SPELLING
2017-03-10-wb-ls-dyna-act-180.md:body,соответсвующую,"WB LS-DYNA ACT 18.0
 

 выложил новую версию    для релиза 18.0

Сначала бочка меда:
- Опция переклю",соответствующую | соответствующею | соответствующий,LOW,SPELLING
2017-03-10-wb-ls-dyna-act-180.md:body,Во-первых,"WB LS-DYNA ACT 18.0
 

 выложил новую версию    для релиза 18.0

Сначала бочка меда:
- Опция переклю",Первых | Оперных | Опертых | Волевых | Впертых,LOW,SPELLING
2017-03-10-wb-ls-dyna-act-180.md:body,Во-вторых,"WB LS-DYNA ACT 18.0
 

 выложил новую версию    для релиза 18.0

Сначала бочка меда:
- Опция переклю",Повторных | Которых | Повторный | Который,LOW,SPELLING
2017-03-10-wb-ls-dyna-act-180.md:body,инсталятор,"WB LS-DYNA ACT 18.0
 

 выложил новую версию    для релиза 18.0

Сначала бочка меда:
- Опция переклю",ингалятор | ингалятора | ингаляторе | ингалятору | ингаляторы,LOW,SPELLING
2017-03-10-wb-ls-dyna-act-180.md:body,багфикс,"WB LS-DYNA ACT 18.0
 

 выложил новую версию    для релиза 18.0

Сначала бочка меда:
- Опция переклю",аффикс | аффикса | аффиксе | аффиксу | аффиксы,LOW,SPELLING
2017-03-11-ale-dlya-abaqus.md:body,где-то,"ALE для Abaqus
 

Ой мамочки: видео урок по распорке   в . Я-то думал, что у Abaqus все хорошо с GUI",одето | вдето | одетый | вдетый,LOW,SPELLING
2017-03-11-topologicheskaya-optimizatsiya-za-3-minuty.md:body,лицензи,"Топологическая оптимизация за 3 минуты
 

   идет в составе любой лицензи ANSYS Mechanical R18

 

A",лицензию | лицензии | лицензий | лицензия,LOW,SPELLING
2017-03-12-kurs-molodogo-boytsa-jupyter-notebook.md:body,околонаучные,"Курс молодого бойца Jupyter Notebook
 

 Notebook - это отличная штука для тех, кому нужно выполнять",около научные | около-научные,LOW,SPELLING
2017-03-12-kurs-molodogo-boytsa-jupyter-notebook.md:body,плей,"Курс молодого бойца Jupyter Notebook
 

 Notebook - это отличная штука для тех, кому нужно выполнять",полей | пулей | лей | пей | блей,LOW,SPELLING
2017-03-14-altkuler.md:body,Вечаслава,"Альткулер
 

Учебные видеоматериалы по специализации ""Холодильная, криогенная техника, СКВ и СЖО"" в ",Вячеслава | Вячеслав | Вячеславах | Вячеславам | Вячеславе,LOW,SPELLING
2017-03-14-altkuler.md:body,Чеховича,"Альткулер
 

Учебные видеоматериалы по специализации ""Холодильная, криогенная техника, СКВ и СЖО"" в ",Чехова | Чехов | Чеховом | Чеховский | Человечий,LOW,SPELLING
2017-03-18-ikea-vybiraet-ls-dyna.md:body,служать,"IKEA выбирает LS-DYNA
 

Короткая презентация от  о том, что они, на самом деле, применяют математич",служат | сужать | служить | слушать | случать,LOW,SPELLING
2017-03-18-overset-mesh-dlya-ansys-fluent.md:body,Химерные,"Overset Mesh для ANSYS Fluent
 

Химерные или перекрывающиеся сетки (именно так в русской терминолог",Химере | Химеричные | Химеры | Мерные | Гримерные,LOW,SPELLING
2017-03-21-bessetochnyy-cfd.md:title,Бессеточный,Бессеточный CFD,Бессточный | Бес сеточный | Бес-сеточный | Беседочный | Бессрочный,LOW,SPELLING
2017-03-21-bessetochnyy-cfd.md:body,Бессеточный,"Бессеточный CFD
 

Представляю вашему вниманию набор ПО для бессеточного решения  от компнаии .

Mes",Бессточный | Бес сеточный | Бес-сеточный | Беседочный | Бессрочный,LOW,SPELLING
2017-03-21-bessetochnyy-cfd.md:body,бессеточного,"Бессеточный CFD
 

Представляю вашему вниманию набор ПО для бессеточного решения  от компнаии .

Mes",бессточного | бес сеточного | бес-сеточного | беседочного | бессрочного,LOW,SPELLING
2017-03-21-bessetochnyy-cfd.md:body,компнаии,"Бессеточный CFD
 

Представляю вашему вниманию набор ПО для бессеточного решения  от компнаии .

Mes",компании | копании | кампании | компанию | компаний,LOW,SPELLING
2017-03-23-prikladnaya-topologicheskaya-optimizatsiya.md:body,СПб,"Прикладная топологическая оптимизация
 

Коллеги, наверно многие из вас видели у меня примеры работы",Спи | Спр | Амба,LOW,SPELLING
2017-03-24-universitet-altair-uchim-radioss.md:body,посе,"Университет Altair - учим Radioss
 

 в проекте  выложил серию больших лекций по решению задач в в и",поясе | посею | посей | посек | посев,LOW,SPELLING
2017-03-26-izmeryaem-proizvoditelnost-wb.md:body,логирование,"Измеряем производительность WB


На прошлой неделе мы с коллегами раскопали очень классную штуку. В ",легирование | лоцирование | блокирование,LOW,SPELLING
2017-03-26-izmeryaem-proizvoditelnost-wb.md:body,опе,"Измеряем производительность WB


На прошлой неделе мы с коллегами раскопали очень классную штуку. В ",опер | оспе | оп | пе | копе,LOW,SPELLING
2017-03-30-adams-real-time.md:body,тренаженов,"Adams Real Time
 

Компания  показала очередной этап развития знаменитого . Вслед за Adams Car появи",тренажеров | тренаже нов | тренаже-нов | тренажем | тренажер,LOW,SPELLING
2017-03-31-novyy-optimizatsionnyy-soft-ot-vanderplaa.md:title,софт,Новый оптимизационный софт от Vanderplaats R&D,софит | соф | сот | кофт | софа,LOW,SPELLING
2017-03-31-novyy-optimizatsionnyy-soft-ot-vanderplaa.md:body,софт,"Новый оптимизационный софт от Vanderplaats R&D
 

 R&D выкатили новые версии  и Design Studio. Тут о",софит | соф | сот | кофт | софа,LOW,SPELLING
2017-04-03-msc-piaritsya.md:title,пиарится,MSC пиарится,парится | приварится | париться | позарится | парился,LOW,SPELLING
2017-04-03-msc-piaritsya.md:body,пиарится,"MSC пиарится
 

Компания  опубликовала ролик с рекламой их основных кодов. Основной послы - мы счита",парится | приварится | париться | позарится | парился,LOW,SPELLING
2017-04-03-msc-piaritsya.md:body,разарботали,"MSC пиарится
 

Компания  опубликовала ролик с рекламой их основных кодов. Основной послы - мы счита",разработали | разработал | разработала | разработало | разработать,LOW,SPELLING
2017-04-06-cfd-setki-dlya-ls-dyna.md:body,решателем,"CFD сетки для LS-DYNA
 

Очередной  учебный материал от  по работе с  решателем для . Рассказывают п",вешателем | вешателе | предателем | вешатель | делателем,LOW,SPELLING
2017-04-10-proektirovanie-iz-kompozitov.md:body,вендоры,"Проектирование из композитов
 

Обзорная статья, как большие вендоры композитные велосипеды проектир",военкоры | теноры | венгры | Федоры | Венеры,LOW,SPELLING
2017-04-10-proektirovanie-iz-kompozitov.md:body,софт,"Проектирование из композитов
 

Обзорная статья, как большие вендоры композитные велосипеды проектир",софит | соф | сот | кофт | софа,LOW,SPELLING
2017-04-12-cfd-na-noutbuke.md:body,Патриком,"CFD на ноутбуке
 

Компания  INNOVATIONS основанная Патриком Хейли (Dr. Patrick E. Hanley) разарабат",Париком | Паричком | Парником | Парком | Портиком,LOW,SPELLING
2017-04-12-cfd-na-noutbuke.md:body,Хейли,"CFD на ноутбуке
 

Компания  INNOVATIONS основанная Патриком Хейли (Dr. Patrick E. Hanley) разарабат",Ей | Хе | Бей | Гей | Хек,LOW,SPELLING
2017-04-12-cfd-na-noutbuke.md:body,разарабатывает,"CFD на ноутбуке
 

Компания  INNOVATIONS основанная Патриком Хейли (Dr. Patrick E. Hanley) разарабат",разрабатывает | разрабатывать | разрабатываете | зарабатывает | разрабатывают,LOW,SPELLING
2017-04-12-cfd-na-noutbuke.md:body,пнямо,"CFD на ноутбуке
 

Компания  INNOVATIONS основанная Патриком Хейли (Dr. Patrick E. Hanley) разарабат",пням | пнями | прямо,LOW,SPELLING
2017-04-12-cfd-na-noutbuke.md:body,сгенерирует,"CFD на ноутбуке
 

Компания  INNOVATIONS основанная Патриком Хейли (Dr. Patrick E. Hanley) разарабат",генерирует | генерировать | дегенерировать,LOW,SPELLING
2017-04-12-cfd-na-noutbuke.md:body,ферификационных,"CFD на ноутбуке
 

Компания  INNOVATIONS основанная Патриком Хейли (Dr. Patrick E. Hanley) разарабат",фортификационных | сертификационных | тарификационных | фортификационный | сертификационный,LOW,SPELLING
2017-04-13-sohranyaysya-doi-posle.md:body,как-то,"Сохраняйся до/и после


Как много раз вы запускали расчет, а потом ловили себя на мысли, что как-то ",факто | какао | акт,LOW,SPELLING
2017-04-16-uchimsya-stroit-blochnuyu-setku.md:body,ужеасном,"Учимся строить блочную сетку
 

Похоже я начинаю перерастать   - пора задуматься об великом и ужеасн",ужасном | ужасному | ужасно | ужасом | ежечасном,LOW,SPELLING
2017-04-16-uchimsya-stroit-blochnuyu-setku.md:body,интрфейс,"Учимся строить блочную сетку
 

Похоже я начинаю перерастать   - пора задуматься об великом и ужеасн",интерфейс | интерфейса | интерфейсе | интерфейсу | интерфейсы,LOW,SPELLING
2017-04-16-uchimsya-stroit-blochnuyu-setku.md:body,усебных,"Учимся строить блочную сетку
 

Похоже я начинаю перерастать   - пора задуматься об великом и ужеасн",учебных | судебных | суетных | усадебных | усеянных,LOW,SPELLING
2017-04-17-gpu-dlya-sypuchih-sred.md:body,уделывают,"GPU для сыпучих сред
 

Мы тут   тестировали на новых  от  - получилось любопытно. Основных мысли тр",вделывают | делывать | вделывать,LOW,SPELLING
2017-04-19-esche-nemnogo-pro-blochnye-setki.md:body,Ленции,"Еще немного про блочные сетки
 

120 страниц комикса-учебного пособия оп работе с блочным сеткогенер",Лекции | Лени | Млении | Тлении | Леонтии,LOW,SPELLING
2017-04-19-esche-nemnogo-pro-blochnye-setki.md:body,Упражениня,"Еще немного про блочные сетки
 

120 страниц комикса-учебного пособия оп работе с блочным сеткогенер",Упражнения | Упражнение | Упражнениях | Упражнениям | Упражнению,LOW,SPELLING
2017-04-20-edem-dlya-ansys.md:body,Знаили,"EDEM для ANSYS
 

Знаили ли вы, что у компании DEM Solutions Ltd., авторов  есть специальный плагин ",Значили | Знали | Значить | Знать,LOW,SPELLING
2017-04-20-edem-dlya-ansys.md:body,плагин,"EDEM для ANSYS
 

Знаили ли вы, что у компании DEM Solutions Ltd., авторов  есть специальный плагин ",план | плавни | паладин | плагиат | пластин,LOW,SPELLING
2017-04-22-struynaya-logika.md:body,скресить,"Струйная логика
 

Согласно Википедии струйная логика (англ.  или fluidic logic, от лат. fluidis — «",скрестить | скрасить | скрепить,LOW,SPELLING
2017-04-23-nemnogo-pro-bagi.md:title,баги,Немного про баги,браги | баи | баки | бани | баси,LOW,SPELLING
2017-04-23-nemnogo-pro-bagi.md:body,баги,"Немного про баги


  не восместим с ... !!! Как они вообще умудрились пересечься в рамках  10?!",браги | баи | баки | бани | баси,LOW,SPELLING
2017-04-23-nemnogo-pro-bagi.md:body,восместим,"Немного про баги


  не восместим с ... !!! Как они вообще умудрились пересечься в рамках  10?!",возместим | во сместим | во-сместим | поместим | возмести,LOW,SPELLING
2017-04-24-k-ω-shear-stress-transport-sst.md:body,прищвана,"k-ω Shear-Stress Transport (SST)
 

Предлагаю на суд статью, которая прищвана помочь рзобраться с фи",призвана | прикована | придана | привала | призван,LOW,SPELLING
2017-04-24-k-ω-shear-stress-transport-sst.md:body,рзобраться,"k-ω Shear-Stress Transport (SST)
 

Предлагаю на суд статью, которая прищвана помочь рзобраться с фи",разобраться | взобраться | добраться,LOW,SPELLING
2017-04-24-k-ω-shear-stress-transport-sst.md:body,обной,"k-ω Shear-Stress Transport (SST)
 

Предлагаю на суд статью, которая прищвана помочь рзобраться с фи",боной | оной | лобной | зобной | облой,LOW,SPELLING
2017-04-24-k-ω-shear-stress-transport-sst.md:body,популяртных,"k-ω Shear-Stress Transport (SST)
 

Предлагаю на суд статью, которая прищвана помочь рзобраться с фи",популярных | популярны | популярные | популярный | популярным,LOW,SPELLING
2017-04-24-k-ω-shear-stress-transport-sst.md:body,турбулентоностей,"k-ω Shear-Stress Transport (SST)
 

Предлагаю на суд статью, которая прищвана помочь рзобраться с фи",турбулентностей | турбулентность | турбулентности | турбулентностях | турбулентностям,LOW,SPELLING
2017-04-24-k-ω-shear-stress-transport-sst.md:body,рзработки,"k-ω Shear-Stress Transport (SST)
 

Предлагаю на суд статью, которая прищвана помочь рзобраться с фи",разработки | заработки | работки | разработка | разработке,LOW,SPELLING
2017-04-25-additivnye-tehnologii-v-pustyne.md:body,инетесуются,"Аддитивные технологии в пустыне
 

Все сейчас очень инетесуются топологической оптимизацией и аддити",интересуются | интересуется | интересоваться,LOW,SPELLING
2017-04-25-additivnye-tehnologii-v-pustyne.md:body,спеать,"Аддитивные технологии в пустыне
 

Все сейчас очень инетесуются топологической оптимизацией и аддити",спекать | спать | спеть,LOW,SPELLING
2017-04-26-interaktivnaya-topologicheskaya-optimizatsiya.md:body,скачивания,"Интерактивная топологическая оптимизация
 

Коллектив  Research Group представили общественности код",скашивания | смачивания | стачивания | укачивания | вкачивания,LOW,SPELLING
2017-04-26-interaktivnaya-topologicheskaya-optimizatsiya.md:body,мобильников,"Интерактивная топологическая оптимизация
 

Коллектив  Research Group представили общественности код",могильников | поильников | могильником | могильщиков | морильщиков,LOW,SPELLING
2017-04-27-ispolzovanie-granichnyh-usloviy-asimmetr.md:body,блоге,"Использование граничных условий асимметрии
 

 в своем блоге рассказывают о почти забытом искусстве ",боге | логе | благе | блохе | блоке,LOW,SPELLING
2017-05-01-fotorealistichnyy-rendering-rezultatov-r.md:title,Фотореалистичный,Фотореалистичный рендеринг результатов расчетов,Фото реалистичный | Фото-реалистичный,LOW,SPELLING
2017-05-01-fotorealistichnyy-rendering-rezultatov-r.md:body,Фотореалистичный,"Фотореалистичный рендеринг результатов расчетов
~~  → Сохранённая версия

*Оригинальная ссылка больш",Фото реалистичный | Фото-реалистичный,LOW,SPELLING
2017-05-01-fotorealistichnyy-rendering-rezultatov-r.md:body,Сохранённая,"Фотореалистичный рендеринг результатов расчетов
~~  → Сохранённая версия

*Оригинальная ссылка больш",Сохраненная | Сохранная | Сохраненный | Сохранный,LOW,SPELLING
2017-05-01-fotorealistichnyy-rendering-rezultatov-r.md:body,софта,"Фотореалистичный рендеринг результатов расчетов
~~  → Сохранённая версия

*Оригинальная ссылка больш",софита | софа | кофта | сорта | соф та,LOW,SPELLING
2017-05-01-fotorealistichnyy-rendering-rezultatov-r.md:body,Сохранённая,"Фотореалистичный рендеринг результатов расчетов
~~  → Сохранённая версия

*Оригинальная ссылка больш",Сохраненная | Сохранная | Сохраненный | Сохранный,LOW,SPELLING
2017-05-02-raschet-kataliticheskogo-konvertor-v-simfl.md:title,конвертор,Расчет каталитического конвертор в simFlow,конвертер | конвертом | конвертов,LOW,SPELLING
2017-05-02-raschet-kataliticheskogo-konvertor-v-simfl.md:body,конвертор,"Расчет каталитического конвертор в simFlow
 

 является одним из самых популярных и удобных GUI для ",конвертер | конвертом | конвертов,LOW,SPELLING
2017-05-02-raschet-kataliticheskogo-konvertor-v-simfl.md:body,конвертора,"Расчет каталитического конвертор в simFlow
 

 является одним из самых популярных и удобных GUI для ",конвертера | конверта | конвертерах | конвертерам | инвертора,LOW,SPELLING
2017-05-02-raschet-kataliticheskogo-konvertor-v-simfl.md:body,софта,"Расчет каталитического конвертор в simFlow
 

 является одним из самых популярных и удобных GUI для ",софита | софа | кофта | сорта | соф та,LOW,SPELLING
2017-05-02-raschet-kataliticheskogo-konvertor-v-simfl.md:body,софта,"Расчет каталитического конвертор в simFlow
 

 является одним из самых популярных и удобных GUI для ",софита | софа | кофта | сорта | соф та,LOW,SPELLING
2017-05-14-a-chto-esli-fluent-na-million-yader-zapust.md:body,тренд,"А что если Fluent на миллион ядер запустить
 

 прикинул, что если они не сбавят темпы разработки  ч",тред | трень | арен,LOW,SPELLING
2017-05-16-optimizatsiya-topologii-na-osnove-modeliro.md:body,софт,"Оптимизация топологии на основе моделирования краштетса
 

Знаете ли вы, что кроме стандартных алгор",софит | соф | сот | кофт | софа,LOW,SPELLING
2017-05-18-konstatiruem-fakty-180-uzhe-ne-ne-samy.md:body,полноэкранного,"Констатируем факты - 18.0 уже не не самый свежий релиз ANSYS
 

В понедельник  выкатил очередную бол",полно экранного | полно-экранного,LOW,SPELLING
2017-05-18-konstatiruem-fakty-180-uzhe-ne-ne-samy.md:body,как-то,"Констатируем факты - 18.0 уже не не самый свежий релиз ANSYS
 

В понедельник  выкатил очередную бол",факто | какао | акт,LOW,SPELLING
2017-05-18-konstatiruem-fakty-180-uzhe-ne-ne-samy.md:body,браузеры,"Констатируем факты - 18.0 уже не не самый свежий релиз ANSYS
 

В понедельник  выкатил очередную бол",фразеры | маузеры | траулеры | фразер | маузер,LOW,SPELLING
2017-05-25-direct-metal-deposition-ili-protsess-obe.md:title,наплавки,Direct Metal Deposition или процесс объемной лазерной наплавки,на плавки | на-плавки | плавки | неплавкие | неплавких,LOW,SPELLING
2017-05-25-direct-metal-deposition-ili-protsess-obe.md:body,Сохранённая," 

Интересный и очень сложный физический процесс, встречающийся в 3D принтерах, печатающих металлом.",Сохраненная | Сохранная | Сохраненный | Сохранный,LOW,SPELLING
2017-05-25-direct-metal-deposition-ili-protsess-obe.md:body,Сохранённая," 

Интересный и очень сложный физический процесс, встречающийся в 3D принтерах, печатающих металлом.",Сохраненная | Сохранная | Сохраненный | Сохранный,LOW,SPELLING
2017-05-25-direct-metal-deposition-ili-protsess-obe.md:body,Сохранённая," 

Интересный и очень сложный физический процесс, встречающийся в 3D принтерах, печатающих металлом.",Сохраненная | Сохранная | Сохраненный | Сохранный,LOW,SPELLING
2017-05-25-direct-metal-deposition-ili-protsess-obe.md:body,Сохранённая," 

Интересный и очень сложный физический процесс, встречающийся в 3D принтерах, печатающих металлом.",Сохраненная | Сохранная | Сохраненный | Сохранный,LOW,SPELLING
2017-05-30-blastfoam-na-baze-openfoam.md:body,твитов,"blastFOAM на базе OpenFOAM
 

Очень интересный код, про который почти не никаких данных - . Судя по ",твист | квит | твид | твидовый | твин,LOW,SPELLING
2017-06-01-fotorealistichnyy-krashtest.md:title,Фотореалистичный,Фотореалистичный краштест,Фото реалистичный | Фото-реалистичный,LOW,SPELLING
2017-06-01-fotorealistichnyy-krashtest.md:body,Фотореалистичный,"Фотореалистичный краштест
 

Небольшое видео о том, как  использует систему  от  Systems для фотореа",Фото реалистичный | Фото-реалистичный,LOW,SPELLING
2017-06-01-fotorealistichnyy-krashtest.md:body,фотореалистичного,"Фотореалистичный краштест
 

Небольшое видео о том, как  использует систему  от  Systems для фотореа",фото реалистичного | фото-реалистичного,LOW,SPELLING
2017-06-01-fotorealistichnyy-krashtest.md:body,спецэффекты,"Фотореалистичный краштест
 

Небольшое видео о том, как  использует систему  от  Systems для фотореа",спец эффекты | спец-эффекты,LOW,SPELLING
2017-06-04-materialy-11-oy-evropeyskoy-konferentsii.md:body,кое-что,"Материалы 11-ой европейской конференции по LS-DYNA
 

Материалы конференции, прошедшей в Зальцбурге,",коечкою | коечкой | коечною | коечное | коечной,LOW,SPELLING
2017-06-04-materialy-11-oy-evropeyskoy-konferentsii.md:body,11th,"Материалы 11-ой европейской конференции по LS-DYNA
 

Материалы конференции, прошедшей в Зальцбурге,",а | и | к | о | я,LOW,SPELLING
2017-06-05-realizatsii-modeli-rht-rth-v-ls-dyna-i.md:body,трещенообразование,"Реализации модели RHT (RTH) в LS-DYNA и AUTODYN
 

Модель материала для предсказания поведения высок",трещинообразование | трещинообразованием | трещинообразованию | трещинообразовании | трещинообразования,LOW,SPELLING
2017-06-06-robastnaya-generatsiya-ke-setok-v-ansys-mec.md:title,Робастная,Робастная генерация КЭ сеток в ANSYS Meching,Областная | Лобастая | Зобастая | Лопастная | Областной,LOW,SPELLING
2017-06-06-robastnaya-generatsiya-ke-setok-v-ansys-mec.md:body,Робастная,"Робастная генерация КЭ сеток в ANSYS Meching
 

Коллеги, если вы все еще считаете, что стандартный  ",Областная | Лобастая | Зобастая | Лопастная | Областной,LOW,SPELLING
2017-06-07-chasy-dlya-true-inzhenera.md:body,часаж,"Часы для true инженера
 

Сейчас идет тенденция на умные часы - это фактически такой маленький компь",часа | часах | часам | час аж | час-аж,LOW,SPELLING
2017-06-07-chasy-dlya-true-inzhenera.md:body,тапи,"Часы для true инженера
 

Сейчас идет тенденция на умные часы - это фактически такой маленький компь",тапир | тапки | таи | таки | тали,LOW,SPELLING
2017-06-07-chasy-dlya-true-inzhenera.md:body,блог,"Часы для true инженера
 

Сейчас идет тенденция на умные часы - это фактически такой маленький компь",бог | лог | благ | блох | блок,LOW,SPELLING
2017-06-08-cfd-dlya-poletov-na-mars.md:body,Илона,"CFD для полетов на Марс
 

Если коротко, то  Илона Маска (Elon Musk) решили, что существующие  коды ",Лиона | Иона | Лона | Икона | Клона,LOW,SPELLING
2017-06-08-cfd-dlya-poletov-na-mars.md:body,Илона,"CFD для полетов на Марс
 

Если коротко, то  Илона Маска (Elon Musk) решили, что существующие  коды ",Лиона | Иона | Лона | Икона | Клона,LOW,SPELLING
2017-06-08-cfd-dlya-poletov-na-mars.md:body,Сандийские,"CFD для полетов на Марс
 

Если коротко, то  Илона Маска (Elon Musk) решили, что существующие  коды ",Индийские | Руандийские | Угандийские | Бандитские | Мансийские,LOW,SPELLING
2017-06-09-novye-vozmozhnosti-spaceclaim-181.md:body,софта,"Новые возможности SpaceClaim 18.1
 

  () в версии 18.1 получил еще немного интересных новых возможн",софита | софа | кофта | сорта | соф та,LOW,SPELLING
2017-06-10-efea-dlya-resheniya-zadach-akkustiki.md:title,аккустики,EFEA для решения задач аккустики,акустики | каустики | акустик | кустики | акустика,LOW,SPELLING
2017-06-10-efea-dlya-resheniya-zadach-akkustiki.md:body,аккустики,"EFEA для решения задач аккустики
 

Итак, сегодня у нас новая аббривеатура  - Energy Finite Element ",акустики | каустики | акустик | кустики | акустика,LOW,SPELLING
2017-06-10-efea-dlya-resheniya-zadach-akkustiki.md:body,аббривеатура,"EFEA для решения задач аккустики
 

Итак, сегодня у нас новая аббривеатура  - Energy Finite Element ",аббревиатура | аббревиатурах | аббревиатурам | аббревиатур | аббревиатуре,LOW,SPELLING
2017-06-13-marc-reshate-zadchu-nelineynoy-poteri-usto.md:title,задчу,Marc решате задчу нелинейной потери устойчивости,задачу | заду | задку | заучу,LOW,SPELLING
2017-06-13-marc-reshate-zadchu-nelineynoy-poteri-usto.md:body,задчу,"Marc решате задчу нелинейной потери устойчивости
 

Кто-то залипает на видное с котиками, а я - на в",задачу | заду | задку | заучу,LOW,SPELLING
2017-06-13-marc-reshate-zadchu-nelineynoy-poteri-usto.md:body,Кто-то,"Marc решате задчу нелинейной потери устойчивости
 

Кто-то залипает на видное с котиками, а я - на в",Киото | Котом | Котов | Кот | Кто,LOW,SPELLING
2017-06-13-marc-reshate-zadchu-nelineynoy-poteri-usto.md:body,залипает,"Marc решате задчу нелинейной потери устойчивости
 

Кто-то залипает на видное с котиками, а я - на в",налипает | закипает | залапает | залипнет | заливает,LOW,SPELLING
2017-06-14-ls-dyna-implicit.md:body,11th,"LS-DYNA Implicit
 

Если в не знаете, что можно употреблять в одном предложении , статика и , то в э",а | и | к | о | я,LOW,SPELLING
2017-06-15-modelirovanie-iznosa-burovoy-koronki.md:body,истерания,"Моделирование износа буровой коронки
 

 показали, как при помощи  и правильной постановки истерания",истекания | истирания | истеканию,LOW,SPELLING
2017-06-15-modelirovanie-iznosa-burovoy-koronki.md:body,истерания,"Моделирование износа буровой коронки
 

 показали, как при помощи  и правильной постановки истерания",истекания | истирания | истеканию,LOW,SPELLING
2017-06-20-svverlim-v-ls-dyna.md:title,Свверлим,Свверлим в LS-DYNA,Сверлим | Сверим | Сверли | Сверлить | Вверим,LOW,SPELLING
2017-06-20-svverlim-v-ls-dyna.md:body,Свверлим,"Свверлим в LS-DYNA
 

Просто еще одно видео про 
 

Modeling the process drilling in the ls-dyna",Сверлим | Сверим | Сверли | Сверлить | Вверим,LOW,SPELLING
2017-06-21-python-fem-i-mnogodistsiplinarnye-raschety.md:title,многодисциплинарные,Python FEM и многодисциплинарные расчеты  в FEniCS и FEATool,много дисциплинарные | много-дисциплинарные,LOW,SPELLING
2017-06-21-python-fem-i-mnogodistsiplinarnye-raschety.md:body,многодисциплинарные,"Python FEM и многодисциплинарные расчеты  в FEniCS и FEATool
 

, который позволяет решать задачи ме",много дисциплинарные | много-дисциплинарные,LOW,SPELLING
2017-06-21-python-fem-i-mnogodistsiplinarnye-raschety.md:body,дочтен,"Python FEM и многодисциплинарные расчеты  в FEniCS и FEATool
 

, который позволяет решать задачи ме",почтен | сочтен | аортный,LOW,SPELLING
2017-06-24-otkazoustoychivyy-reshatel.md:body,суперкомпьютеров,"Отказоустойчивый решатель
 

Одной из проблем очень больших вычислительных систем являются из постоя",супер компьютеров | супер-компьютеров,LOW,SPELLING
2017-06-24-otkazoustoychivyy-reshatel.md:body,кажды,"Отказоустойчивый решатель
 

Одной из проблем очень больших вычислительных систем являются из постоя",каждые | каждых | каждый | каждым | жажды,LOW,SPELLING
2017-06-26-dassault-systèmes-kupil-aitac.md:body,софта,"Dassault Systèmes купил AITAC
 

 Systèmes на днях прикупила себе компанию , специализирующуюся на г",софита | софа | кофта | сорта | соф та,LOW,SPELLING
2017-06-28-izmeryaem-tormoznoy-put-tanka.md:body,предоставлени,"Измеряем тормозной путь танка
 

Сейчас все любят играть в . А мы возьмем, и будет считать танки - м",предоставлению | предоставление | предоставлении | предоставления | предоставлен,LOW,SPELLING
2017-06-28-lego-krashtest.md:body,карштест,"LEGO краштест
 

Что будет если провести карштест Porsche 911 GT3 RS по всем правилам Euro-NCAP, но ",каратист | каратиста | каратисте | каратисту | каратисты,LOW,SPELLING
2017-06-30-biblioteka-tehnicheskogo-universiteta-chal.md:body,софте,"Библиотека технического университета Чалмерса
 

Технический университет Чалмерса (Chalmers and Tech",софите | софе | соте | кофте | сорте,LOW,SPELLING
2017-07-10-skachivaem-kursy-s-edx-i-soursera.md:body,обучениях,"Скачиваем курсы с edX и Сoursera
 

Учиться это хорошо! Платформ для обучениях в интернете много. На",обучения | об учениях | об-учениях | облучения | обручения,LOW,SPELLING
2017-07-10-skachivaem-kursy-s-edx-i-soursera.md:body,ставящихся,"Скачиваем курсы с edX и Сoursera
 

Учиться это хорошо! Платформ для обучениях в интернете много. На",славящихся | становящихся | ставящих | давящихся | садящихся,LOW,SPELLING
2017-07-10-skachivaem-kursy-s-edx-i-soursera.md:body,скачивалку,"Скачиваем курсы с edX и Сoursera
 

Учиться это хорошо! Платформ для обучениях в интернете много. На",скачи валку | скачи-валку | скачивал ку | скачивал-ку | скачивал,LOW,SPELLING
2017-07-10-skachivaem-kursy-s-edx-i-soursera.md:body,граббер,"Скачиваем курсы с edX и Сoursera
 

Учиться это хорошо! Платформ для обучениях в интернете много. На",грабеж | гравер | граблей | грабленый,LOW,SPELLING
2017-07-11-submodeling-v-ls-dyna.md:body,подмоделирование,"Submodeling в LS-DYNA
  Clara/downloads/Explicit Drop Test with ANSYS LS-DYNA - Chris Cowan.pdf

Ест",под моделирование | под-моделирование,LOW,SPELLING
2017-07-11-submodeling-v-ls-dyna.md:body,модеированием,"Submodeling в LS-DYNA
  Clara/downloads/Explicit Drop Test with ANSYS LS-DYNA - Chris Cowan.pdf

Ест",моделированием | моделирование | модулированием | иодированием | кодированием,LOW,SPELLING
2017-07-11-submodeling-v-ls-dyna.md:body,подмодели,"Submodeling в LS-DYNA
  Clara/downloads/Explicit Drop Test with ANSYS LS-DYNA - Chris Cowan.pdf

Ест",под модели | под-модели | поддели | подмели | подмокли,LOW,SPELLING
2017-07-11-submodeling-v-ls-dyna.md:body,подмодели,"Submodeling в LS-DYNA
  Clara/downloads/Explicit Drop Test with ANSYS LS-DYNA - Chris Cowan.pdf

Ест",под модели | под-модели | поддели | подмели | подмокли,LOW,SPELLING
2017-07-11-submodeling-v-ls-dyna.md:body,Криса,"Submodeling в LS-DYNA
  Clara/downloads/Explicit Drop Test with ANSYS LS-DYNA - Chris Cowan.pdf

Ест",Киса | Риса | Ириса | Краса | Крика,LOW,SPELLING
2017-07-11-submodeling-v-ls-dyna.md:body,Соуэна,"Submodeling в LS-DYNA
  Clara/downloads/Explicit Drop Test with ANSYS LS-DYNA - Chris Cowan.pdf

Ест",Сауна | Сосна | Соуса | Сочна | Судна,LOW,SPELLING
2017-07-13-ansys-viewer.md:body,просмотрщик,"ANSYS Viewer
 

Совершенно замечательный бесплатный просмотрщик  Viewer позволит передать результаты",пр осмотрщик | пр-осмотрщик | осмотрщик | досмотрщик | осмотрщика,LOW,SPELLING
2017-07-15-prevraschaem-dannye-tomografii-v-cad-pri-p.md:body,пре,"Превращаем данные томографии в CAD при помощи RETOMO
 

Греческая компания   Systems, знаменитая сво",пер | пюре | паре | пере | пире,LOW,SPELLING
2017-07-17-istoriya-uspeha-s-kubka-ameriki-po-yahtenn.md:title,яхтенному,История успеха с кубка Америки по яхтенному спорту 2017,стенному | вахтенному | антенному | метенному | явленному,LOW,SPELLING
2017-07-17-istoriya-uspeha-s-kubka-ameriki-po-yahtenn.md:body,яхтенному,"История успеха с кубка Америки по яхтенному спорту 2017
 

 рассказывает о том, как его технологии п",стенному | вахтенному | антенному | метенному | явленному,LOW,SPELLING
2017-07-17-istoriya-uspeha-s-kubka-ameriki-po-yahtenn.md:body,аэро,"История успеха с кубка Америки по яхтенному спорту 2017
 

 рассказывает о том, как его технологии п",аэроб | аэрон | адрон,LOW,SPELLING
2017-07-17-istoriya-uspeha-s-kubka-ameriki-po-yahtenn.md:body,робастрое,"История успеха с кубка Америки по яхтенному спорту 2017
 

 рассказывает о том, как его технологии п",роба строе | роба-строе | лобастое | зобастое | лобастый,LOW,SPELLING
2017-07-17-molniya-ls-dyna-r10.md:body,бинарники,"Молния: LS-DYNA R10
 

На официальном FTP компании  появилась  R10. Доступны бинарники для  (aka )  ",свинарники | бананники | бинарными | свинарник | бананник,LOW,SPELLING
2017-07-17-molniya-ls-dyna-r10.md:body,кроссплатформенный,"Молния: LS-DYNA R10
 

На официальном FTP компании  появилась  R10. Доступны бинарники для  (aka )  ",кросс платформенный | кросс-платформенный,LOW,SPELLING
2017-07-17-molniya-ls-dyna-r10.md:body,софт,"Молния: LS-DYNA R10
 

На официальном FTP компании  появилась  R10. Доступны бинарники для  (aka )  ",софит | соф | сот | кофт | софа,LOW,SPELLING
2017-07-17-topologicheskaya-optimizatsiya-v-oblake-dlya.md:body,блоге,"Топологическая оптимизация в облаке для Onshape
 

Компания  в своем блоге рассказывает о стартапе ,",боге | логе | благе | блохе | блоке,LOW,SPELLING
2017-07-17-topologicheskaya-optimizatsiya-v-oblake-dlya.md:body,стартапе,"Топологическая оптимизация в облаке для Onshape
 

Компания  в своем блоге рассказывает о стартапе ,",старта пе | старта-пе | сатрапе | старта | старте,LOW,SPELLING
2017-07-17-topologicheskaya-optimizatsiya-v-oblake-dlya.md:body,ползование,"Топологическая оптимизация в облаке для Onshape
 

Компания  в своем блоге рассказывает о стартапе ,",пользование | пользованием | ползание | полирование | полосование,LOW,SPELLING
2017-07-19-open-source-dlya-inzhenera.md:body,расчётов,"Open Source для инженера
 

Старая статья с обзором  программного обеспечения для промышленного и на",расчетов | расчет | насчет,LOW,SPELLING
2017-07-22-studencheskaya-versiya-marc.md:body,корпании,"Студенческая версия Marc
 

К корпании  тоже бывают студенческие версии их решателей. Вот так засвет",кропании | копании | компании | корпении,LOW,SPELLING
2017-07-23-potentsialnyy-kosyak-v-ansys.md:body,баг,"Потенциальный косяк в ANSYS
 

Говорят, что нашли косяк в работе алгоритмов расчета тепловых деформа",благ | баю | баб | бац | бае,LOW,SPELLING
2017-07-23-potentsialnyy-kosyak-v-ansys.md:body,баг,"Потенциальный косяк в ANSYS
 

Говорят, что нашли косяк в работе алгоритмов расчета тепловых деформа",благ | баю | баб | бац | бае,LOW,SPELLING
2017-07-23-potentsialnyy-kosyak-v-ansys.md:body,фича,"Потенциальный косяк в ANSYS
 

Говорят, что нашли косяк в работе алгоритмов расчета тепловых деформа",бича | фифа | фига | фита,LOW,SPELLING
2017-07-24-vliyanie-dvizheniya-pochvy-na-truboprovody.md:body,предказывать,"Влияние движения почвы на трубопроводы
 

Команды BMT Fleet Technology Ltd () при поддержке Pipeline",предсказывать | пересказывать | приказывать,LOW,SPELLING
2017-07-24-vliyanie-dvizheniya-pochvy-na-truboprovody.md:body,эйлерова,"Влияние движения почвы на трубопроводы
 

Команды BMT Fleet Technology Ltd () при поддержке Pipeline",Эйлера | элерона | Эйлером | Эйлер | элерон,LOW,SPELLING
2017-07-25-code-aster-moschnaya-shtuka.md:body,что-то,"Code_Aster - мощная штука
 

 - пожалуй самый крупный   код очень крут. Я тут решил поискать, что он",ото | тот | что | фото | лото,LOW,SPELLING
2017-07-26-latex-formuly-v-kartinkah.md:body,маленьках,"LaTeX формулы в картинках
 

KLatexFormula - маленьках, бесплатная, кроссплатформенная ( и  бинарник",маленькая | маленьких | маменьках,LOW,SPELLING
2017-07-26-latex-formuly-v-kartinkah.md:body,кроссплатформенная,"LaTeX формулы в картинках
 

KLatexFormula - маленьках, бесплатная, кроссплатформенная ( и  бинарник",кросс платформенная | кросс-платформенная,LOW,SPELLING
2017-07-26-latex-formuly-v-kartinkah.md:body,бинарники,"LaTeX формулы в картинках
 

KLatexFormula - маленьках, бесплатная, кроссплатформенная ( и  бинарник",свинарники | бананники | бинарными | свинарник | бананник,LOW,SPELLING
2017-07-26-latex-formuly-v-kartinkah.md:body,окрытыи,"LaTeX формулы в картинках
 

KLatexFormula - маленьках, бесплатная, кроссплатформенная ( и  бинарник",открытыми | крытыми | открыты | крыты | покрытыми,LOW,SPELLING
2017-07-27-inspire-unlimited.md:body,понофункциональный,"Inspire Unlimited
 

Компания , знаменитая своими ПО оптимизации , запустила публичную бесплатную be",полнофункциональный | полнофункциональной | полнофункциональные | полнофункциональных | полнофункциональным,LOW,SPELLING
2017-07-28-sobiraem-calculix-s-podderzhkoy-cuda.md:body,софт,"Собираем CalculiX с поддержкой CUDA
 

Статья будет полезна инженерам, которые не бояться зайти в ко",софит | соф | сот | кофт | софа,LOW,SPELLING
2017-07-28-sobiraem-calculix-s-podderzhkoy-cuda.md:body,Холецкого,"Собираем CalculiX с поддержкой CUDA
 

Статья будет полезна инженерам, которые не бояться зайти в ко",Хохлацкого | Елецкого | Холеного | Донецкого | Холенного,LOW,SPELLING
2017-08-02-ls-dyna-r10-teper-ofitsialno.md:body,пружинения,"LS-DYNA R10 - теперь официально
 

 R10 теперь официально доступна. Есть и первый release note, кото",пружинная | причинения | пружинный | причинение | пружинящий,LOW,SPELLING
2017-08-02-ls-dyna-r10-teper-ofitsialno.md:body,решателем,"LS-DYNA R10 - теперь официально
 

 R10 теперь официально доступна. Есть и первый release note, кото",вешателем | вешателе | предателем | вешатель | делателем,LOW,SPELLING
2017-08-02-ls-dyna-r10-teper-ofitsialno.md:body,Адаптативное,"LS-DYNA R10 - теперь официально
 

 R10 теперь официально доступна. Есть и первый release note, кото",Адаптивное | Адаптивно | Адаптивною | Адаптивной | Адаптивном,LOW,SPELLING
2017-08-06-bolt-20-dlya-sozdaniya-setki.md:body,опитается,"Bolt 2.0 для создания сетки
 

 в своем сеточном генераторе  2.0 добилась автоматической генерации п",питается | опирается | описается | опивается | впитается,LOW,SPELLING
2017-08-06-bolt-20-dlya-sozdaniya-setki.md:body,певых,"Bolt 2.0 для создания сетки
 

 в своем сеточном генераторе  2.0 добилась автоматической генерации п",паевых | первых | плевых | левых | пе,LOW,SPELLING
2017-08-06-bolt-20-dlya-sozdaniya-setki.md:body,сроить,"Bolt 2.0 для создания сетки
 

 в своем сеточном генераторе  2.0 добилась автоматической генерации п",сорить | скроить | строить | роить | кроить,LOW,SPELLING
2017-08-09-likbez-po-giperuprugi-materialam.md:body,позволящий,"Ликбез по гиперупруги материалам

Очень неплохой видео урок/лекция позволящий разобраться в физике м",позволяющий | позволяй | дозволяющий | позволяющей | позволяющие,LOW,SPELLING
2017-08-11-modelirovat-metod-posloynogo-naplavleni.md:title,наплавления,"Моделировать метод послойного наплавления или 3D печать (Fused depositing modeling, ) можно в любом ",направления | на плавления | на-плавления | плавления | направлениях,LOW,SPELLING
2017-08-12-7-sentyabrya-ansys-obeschaet-pokazat-nam-ch.md:title,что-то,"7 сентября  обещает показать нам что-то такое, от чего мы все впадем в неминуемое счастье.",ото | тот | что | фото | лото,LOW,SPELLING
2017-08-13-vse-instrumenty-dlya-pravilnogo-rascheta.md:body,спецэффектов,"Ведь спецэффектов в современных фильмах вам не нужны точные математические модели, вам нужна правдоп",спец эффектов | спец-эффектов,LOW,SPELLING
2017-08-13-vse-instrumenty-dlya-pravilnogo-rascheta.md:body,плагин,"Ведь спецэффектов в современных фильмах вам не нужны точные математические модели, вам нужна правдоп",план | плавни | паладин | плагиат | пластин,LOW,SPELLING
2017-08-13-vse-instrumenty-dlya-pravilnogo-rascheta.md:body,3Ds,"Ведь спецэффектов в современных фильмах вам не нужны точные математические модели, вам нужна правдоп",А | И | К | О | Я,LOW,SPELLING
2017-08-13-vse-instrumenty-dlya-pravilnogo-rascheta.md:body,плагин,"Ведь спецэффектов в современных фильмах вам не нужны точные математические модели, вам нужна правдоп",план | плавни | паладин | плагиат | пластин,LOW,SPELLING
2017-08-13-vse-instrumenty-dlya-pravilnogo-rascheta.md:body,гуглить,"Ведь спецэффектов в современных фильмах вам не нужны точные математические модели, вам нужна правдоп",губить | гулять | хулить | рулить | сулить,LOW,SPELLING
2017-08-14-uchebnoe-video-na-temu-raboty-s-ansys-c.md:body,материлов,"Типичный цикл моделирования выглядит примерно следующим образом:
- Выбор математических моделей мате",материалов | материло | материков | матери лов | матери-лов,LOW,SPELLING
2017-08-15-esli-u-vas-net-spaceclaim-a-zadachi-obr.md:body,плагин,"Данный плагин встраивается в  и позволяет восстанавливать CAD геометрию на основе STL.

   

XTract3",план | плавни | паладин | плагиат | пластин,LOW,SPELLING
2017-08-18-intel-v-blizhayshee-vremya-nachnet-postavki.md:title,серверных, в ближайшее время начнет поставки новых серверных процессоров.,северных | сер верных | сер-верных | суеверных | неверных,LOW,SPELLING
2017-08-18-intel-v-blizhayshee-vremya-nachnet-postavki.md:body,подсуетился,"Теперь они будут маркироваться не E3, E5, E7, а Bronze, Silver, Gold и Platinum (и все это вместе - ",под суетился | под-суетился | подселился | подселиться | подселится,LOW,SPELLING
2017-08-18-intel-v-blizhayshee-vremya-nachnet-postavki.md:body,Сохранённая,"Теперь они будут маркироваться не E3, E5, E7, а Bronze, Silver, Gold и Platinum (и все это вместе - ",Сохраненная | Сохранная | Сохраненный | Сохранный,LOW,SPELLING
2017-08-19-istoriya-togo-kak-edem-pomog-ministerst.md:title,шнекохода,"История того, как  помог Министерству образования и науки Российской Федерации в проектировании шнек",снегохода | снегоход | снегоходах | снегоходам | снегоходе,LOW,SPELLING
2017-08-21-istoriya-uspeha-nebolshoy-kompanii-hackro.md:title,кастомные,"История успеха небольшой компании Hackrod ( ), проектирующей при помощи   360 кастомные спортивные а",атомные | истомные | кастовые | катодные | фантомные,LOW,SPELLING
2017-08-21-istoriya-uspeha-nebolshoy-kompanii-hackro.md:body,софт,"Ребята используют экспериментальный софт под кодовым названием Project  ( ), который позволяет генер",софит | соф | сот | кофт | софа,LOW,SPELLING
2017-08-21-istoriya-uspeha-nebolshoy-kompanii-hackro.md:body,софт,"Ребята используют экспериментальный софт под кодовым названием Project  ( ), который позволяет генер",софит | соф | сот | кофт | софа,LOW,SPELLING
2017-08-22-predstavlyayu-vam-theorem-solutions-raz.md:body,навиваемый,"Данное программное обеспечение позволяет встраивать CAD модели прямо в PDF файлы, создавая так навив",набиваемый | наливаемый | завиваемый,LOW,SPELLING
2017-08-22-predstavlyayu-vam-theorem-solutions-raz.md:body,плагинов,"Данное программное обеспечение позволяет встраивать CAD модели прямо в PDF файлы, создавая так навив",планов | паладинов | платиновый | плафонов | платанов,LOW,SPELLING
2017-08-23-altair-korea-sdelali-rasshirenie-hyper.md:body,한국알테어,"!!

🔗 한국알테어 온라인 스토어

 
 ",а | и | к | о | я,LOW,SPELLING
2017-08-23-altair-korea-sdelali-rasshirenie-hyper.md:body,온라인,"!!

🔗 한국알테어 온라인 스토어

 
 ",а | и | к | о | я,LOW,SPELLING
2017-08-23-altair-korea-sdelali-rasshirenie-hyper.md:body,스토어,"!!

🔗 한국알테어 온라인 스토어

 
 ",а | и | к | о | я,LOW,SPELLING
2017-08-23-v-perspektivnoe-podrazdelenie-askon-treb.md:body,3D-моделирование,Вместе с вами мы будем создавать уникальную среду для разработки инженерного программного обеспечени,Моделирование | Моделированием | Моделированию | Моделировании | Моделирования,LOW,SPELLING
2017-08-23-v-perspektivnoe-podrazdelenie-askon-treb.md:body,велопарковка,Вместе с вами мы будем создавать уникальную среду для разработки инженерного программного обеспечени,вело парковка | вело-парковка,LOW,SPELLING
2017-08-23-v-perspektivnoe-podrazdelenie-askon-treb.md:body,Шер,Вместе с вами мы будем создавать уникальную среду для разработки инженерного программного обеспечени,Ер | Хер | Мер | Пер | Сер,LOW,SPELLING
2017-08-23-v-perspektivnoe-podrazdelenie-askon-treb.md:body,лайк,Вместе с вами мы будем создавать уникальную среду для разработки инженерного программного обеспечени,лайка | лайке | лайки | лайку | лай,LOW,SPELLING
2017-08-23-v-perspektivnoe-podrazdelenie-askon-treb.md:body,Математик-пр,Вместе с вами мы будем создавать уникальную среду для разработки инженерного программного обеспечени,Математик | Математика | Математике | Математики | Математико,LOW,SPELLING
2017-08-23-v-perspektivnoe-podrazdelenie-askon-treb.md:body,ограммист,Вместе с вами мы будем создавать уникальную среду для разработки инженерного программного обеспечени,программист | программиста | программисте | программисту | программисты,LOW,SPELLING
2017-08-25-nakonets-to-poyavilsya-podkast-na-temu-cae.md:title,Наконец-то,Наконец-то появился подкаст на тему .,Наконец | Наконечный | Наконечною | Наконечное | Наконечной,LOW,SPELLING
2017-08-25-nakonets-to-poyavilsya-podkast-na-temu-cae.md:title,подкаст,Наконец-то появился подкаст на тему .,подаст | поддаст | под каст | под-каст | покат,LOW,SPELLING
2017-08-25-nakonets-to-poyavilsya-podkast-na-temu-cae.md:body,подкаст,"Его автором стала команда  Inc, а сам подкаст называется ""The All Things ANSYS Podcast"".

Я слушаю р",подаст | поддаст | под каст | под-каст | покат,LOW,SPELLING
2017-08-25-nakonets-to-poyavilsya-podkast-na-temu-cae.md:body,подкасты,"Его автором стала команда  Inc, а сам подкаст называется ""The All Things ANSYS Podcast"".

Я слушаю р",под касты | под-касты | покаты | подклассы | очкасты,LOW,SPELLING
2017-08-25-nakonets-to-poyavilsya-podkast-na-temu-cae.md:body,подкаст,"Его автором стала команда  Inc, а сам подкаст называется ""The All Things ANSYS Podcast"".

Я слушаю р",подаст | поддаст | под каст | под-каст | покат,LOW,SPELLING
2017-08-27-frantsuzskiy-ekspert-v-oblasti-cae-sipri.md:title,Сиприят,Французский эксперт в области  Сиприят Рузу (Cyprien Rusu) в своем блоге начинает цикл записей об  п,Спирит | Иприт | Сирия | Спринт | Киприот,LOW,SPELLING
2017-08-27-frantsuzskiy-ekspert-v-oblasti-cae-sipri.md:title,Рузу,Французский эксперт в области  Сиприят Рузу (Cyprien Rusu) в своем блоге начинает цикл записей об  п,Узу | Друзу | Грузу | Бузу | Лузу,LOW,SPELLING
2017-08-27-frantsuzskiy-ekspert-v-oblasti-cae-sipri.md:title,блоге,Французский эксперт в области  Сиприят Рузу (Cyprien Rusu) в своем блоге начинает цикл записей об  п,боге | логе | благе | блохе | блоке,LOW,SPELLING
2017-08-27-frantsuzskiy-ekspert-v-oblasti-cae-sipri.md:body,таке,"В первом сообщении рассказывается о самом феномене, о том, коту такое ПО подходит и почему оно беспл",такие | такое | таксе | такте | также,LOW,SPELLING
2017-08-28-opytnye-polzovateli-ansys-fluent-podt.md:title,турагентство,"Опытные пользователи   подтвердят, что TUI - то еще турагентство 😊Media",тур агентство | тур-агентство,LOW,SPELLING
2017-08-29-ansys-autodyn-pozpolyaet-izuchit-protses.md:title,позполяет,"  позполяет изучить процессы, протекающие внутри патрона .416 Barrett в момент удара по капсулю, а п",позволяет | пополняет | позволяете | позволят | дозволяет,LOW,SPELLING
2017-08-29-ansys-autodyn-pozpolyaet-izuchit-protses.md:title,капсулю,"  позполяет изучить процессы, протекающие внутри патрона .416 Barrett в момент удара по капсулю, а п",капсулою | капсул | капсюлю | капселю | капсула,LOW,SPELLING
2017-08-30-apdl-zhiv-mihael-tompson-michael-mik.md:body,Михаэль,"Михаэль Томпсон (Michael (Mike) Thompson) из ANSYS Inc. опубликовал бесплатное  расширение ""APDL Edi",Михаил | Михаила | Михаиле | Михаилу | Михаилы,LOW,SPELLING
2017-08-30-apdl-zhiv-mihael-tompson-michael-mik.md:body,Томпсон,"Михаэль Томпсон (Michael (Mike) Thompson) из ANSYS Inc. опубликовал бесплатное  расширение ""APDL Edi",Помпон | Тампон | Комптон,LOW,SPELLING
2017-09-01-kompaniya-mantiumflow-predlagaet-predeln.md:title,пределно,Компания  предлагает пределно упростить инструментыя для выполнения  расчетов.,предельно | предел но | предел-но | переделано | предельною,LOW,SPELLING
2017-09-01-kompaniya-mantiumflow-predlagaet-predeln.md:title,инструментыя,Компания  предлагает пределно упростить инструментыя для выполнения  расчетов.,инструменты | инструментуя | инструмент | инструмента | инструменте,LOW,SPELLING
2017-09-01-kompaniya-mantiumflow-predlagaet-predeln.md:body,кликов,"Они берут  решатель, и в своей оболочке позволяют сделать расчет на основе готового шаблона за ""6 кл",клинков | куликов | ликов | окликов | бликов,LOW,SPELLING
2017-09-04-suschestvuyut-v-sovremennom-mire-takie-klas.md:title,подкасты,"Существуют в современном мире такие классные штуки, как подкасты.",под касты | под-касты | покаты | подклассы | очкасты,LOW,SPELLING
2017-09-04-suschestvuyut-v-sovremennom-mire-takie-klas.md:body,скачиваются,"Это такие offline радио станции или виде шоу, который автоматчике скачиваются на ваше устройство, ес",скучиваются | смачиваются | стачиваются | укачиваются,LOW,SPELLING
2017-09-04-suschestvuyut-v-sovremennom-mire-takie-klas.md:body,скачивается,"Это такие offline радио станции или виде шоу, который автоматчике скачиваются на ваше устройство, ес",скучивается | смачивается | стачивается | укачивается,LOW,SPELLING
2017-09-04-suschestvuyut-v-sovremennom-mire-takie-klas.md:body,подкаст,"Это такие offline радио станции или виде шоу, который автоматчике скачиваются на ваше устройство, ес",подаст | поддаст | под каст | под-каст | покат,LOW,SPELLING
2017-09-05-pechalnaya-novost-dnya-na-territorii-ros.md:body,учёным,На территории России перестал работать Sci-Hub - ресурс по доступу к закрытым и платным научным стат,ученым | чудным | чумным | кучным | мучным,LOW,SPELLING
2017-09-06-prochtenie-dannoy-stati-pozvolit-moim-po.md:title,настроке,прочтение данной статьи позволит моим пользователям  избежать проблем в настроке такеого важного пар,настроек | настройке | настрое | на строке | на-строке,LOW,SPELLING
2017-09-06-prochtenie-dannoy-stati-pozvolit-moim-po.md:title,такеого,прочтение данной статьи позволит моим пользователям  избежать проблем в настроке такеого важного пар,такого | тканого | такового | талевого | этакого,LOW,SPELLING
2017-09-07-ispolzuete-li-vy-act-dlya-avtomatizatsii.md:body,рабо,Media📼 How to Automate Simulation Process in ANSYS Workbe…❔ Используете ли вы ACT для автоматизации ,рабою | рабой | рабом | работ | рабов,LOW,SPELLING
2017-09-07-nadeyus-vy-ne-propustili-meropriyatie-po.md:body,превью,"Из того, что мне больше всего понравилось - это возможность не только практически мгновенно сделать ",перевью | прелью | привью | превший | перевить,LOW,SPELLING
2017-09-08-ispolzovanie-sph-dlya-polnotsennyh-gidro.md:body,рендер,"Однако тут видео пример не про это.

Коллеги из  посчитали простенькую  задачу в , а потом при помощ",рейдер | тендер | бедер,LOW,SPELLING
2017-09-12-eta-statya-nastolko-ohrenitelnaya-chto.md:title,охренительная,"Эта статья настолько охренительная, что сразу в мемориз.",охранительная | опреснительная | хранительная | охранительный | опреснительный,LOW,SPELLING
2017-09-12-eta-statya-nastolko-ohrenitelnaya-chto.md:title,мемориз,"Эта статья настолько охренительная, что сразу в мемориз.",мемориал | микориза | мемориала | мемориале | мемориалу,LOW,SPELLING
2017-09-12-eta-statya-nastolko-ohrenitelnaya-chto.md:body,Шадский,Помнится мне однажды примерно также небезызвестный А.С. Шадский решал задачу течения течения в трубе,Адский | Шахский | Адски,LOW,SPELLING
2017-09-12-otlichnyy-primer-kak-ansys-hfss-umeet.md:title,эклектически,"Отличный пример, как   умеет решать эклектически большие (1050&lambda; x 160&lambda; x 190&lambda;) ",эклектические | эклектических | эклектический | эклектическим,LOW,SPELLING
2017-09-12-prikol-v-nasledstvo-ot-spaceclaim-ans.md:body,контролов,"Не знаю, останется ли это в финальной версии, но сейчас часть контролов переведены, а часть нет.

Хо",контролеров | контролю | контроле | контроля | контроль,LOW,SPELLING
2017-09-13-esli-vy-esche-ne-polzuete-python-skripty.md:title,пользуете,"Если вы еще не пользуете  скрипты в  , то вы многое упускаете.",пользуетесь | пользуется | используете | полезете | ползаете,LOW,SPELLING
2017-09-13-esli-vy-esche-ne-polzuete-python-skripty.md:body,фича,"В видео показана фича, позволяющая связать Python код с именами параметров (Parameters) и именованны",бича | фифа | фига | фита,LOW,SPELLING
2017-09-14-perevod-o-o-ochen-dolgozhdannyy-reliz-s.md:body,наконец-то,"[Перевод] О-о-очень долгожданный релиз Sublime Text 3.0

Спустя долгие годы ожидания в beta и alpha ",наконец | наконечный | наконечною | наконечное | наконечной,LOW,SPELLING
2017-09-14-vnimanie-vazhnaya-novost-dlya-teh-kt.md:body,блога,"📢 ВНИМАНИЕ!!! Важная новость для тех, кто в поиске! 🔥🔥🔥

ЦИФРА открывает вакансию 💰менеджера по прод",бога | лога | блага | блоха | блока,LOW,SPELLING
2017-09-16-v-bloge-simscale-vyshla-horoshaya-statya.md:title,блоге,"В блоге  вышла хорошая статья, посвященная критерию/условию Куранта, отвечающему за устойчивость схе",боге | логе | благе | блохе | блоке,LOW,SPELLING
2017-09-16-vot-oni-additivnye-tehnologii-v-dele.md:body,СПЕЦАВИА,"Осталось научиться печатать еду.Media🔗 СПЕЦАВИА: строительные 3D принтеры, MDF принтеры большого фор",СПЕЦОВКА | СПЕЦОВКИ | СПЕЦОВКАХ | СПЕЦОВКАМ | СПЕЦОВКЕ,LOW,SPELLING
2017-09-16-znaete-li-vy-kompaniyu-amway-proizvodit.md:body,бьюти,"Ну , которою так любят бьюти блогеры?

Так вот, Amway набирает людей со знанием ,  и параметрических",бьют | бьюик | бью | БТИ | блюсти,LOW,SPELLING
2017-09-16-znaete-li-vy-kompaniyu-amway-proizvodit.md:body,блогеры,"Ну , которою так любят бьюти блогеры?

Так вот, Amway набирает людей со знанием ,  и параметрических",болгары | богемы | бюргеры | брокеры | флюгеры,LOW,SPELLING
2017-09-17-statya-razmyshlenie-pro-to-kak-ansys.md:title,свободомыслий,"Статья - размышление про то, как   Live помогает ANSYS реализовать свободомыслий давнюю задумку: сде",свободомыслию | свободомыслие | свободомыслии | свободомыслия,LOW,SPELLING
2017-09-18-interensye-sovpadeniya-snachala-na-youtub.md:title,Интеренсые,"Интеренсые совпадения: сначала на Youtube мне попадается новое видео , где они рассказывают, что одн",Интересные | Интересны | Интересе | Интереснее | Интересное,LOW,SPELLING
2017-09-18-interensye-sovpadeniya-snachala-na-youtub.md:title,автопилотирования,"Интеренсые совпадения: сначала на Youtube мне попадается новое видео , где они рассказывают, что одн",авто пилотирования | авто-пилотирования,LOW,SPELLING
2017-09-18-interensye-sovpadeniya-snachala-na-youtub.md:body,тэг,"После этого я нахожу новость о том, что  покупает  International, у которой, в свою очередь, есть пл",тег | тог | туг | ТЭЦ,LOW,SPELLING
2017-09-18-interensye-sovpadeniya-snachala-na-youtub.md:body,базворд,"После этого я нахожу новость о том, что  покупает  International, у которой, в свою очередь, есть пл",развод | развода | разводе | разводу | разводы,LOW,SPELLING
2017-09-18-na-sleduyuschey-nedele-na-konferentsii-sup.md:title,Суперкомпьютерные,"На следующей неделе, на конференции ""Суперкомпьютерные дни в России"", буду рассказывать про то, как ",Супер компьютерные | Супер-компьютерные,LOW,SPELLING
2017-09-19-kompasflow-dlya-kompas3d-171-uproschenn.md:title,Компас3D,KompasFlow для Компас3D 17.1 !,Компас | Компаса | Компасе | Компасу | Компасы,LOW,SPELLING
2017-09-19-kompasflow-dlya-kompas3d-171-uproschenn.md:body,РазвИТие,! Упрощенный  внутри одной из самых популярных  в России! Подробности на форуме РазвИТие 27 сентября,Развитие | Развитием | Разбитие | Разлитие | Развитию,LOW,SPELLING
2017-09-19-kompasflow-dlya-kompas3d-171-uproschenn.md:body,РазвИТие,! Упрощенный  внутри одной из самых популярных  в России! Подробности на форуме РазвИТие 27 сентября,Развитие | Развитием | Разбитие | Разлитие | Развитию,LOW,SPELLING
2017-09-19-srazu-posle-predstavleniya-ansys-discov.md:body,происходи,"Интервью получилось очень любопытным.

Особенно порадовал следующий диалог:
- Grabowski: How is mesh",происходил | происходим | происходит | происходив | про исходи,LOW,SPELLING
2017-09-19-v-novoy-platforme-intel-xeon-scalable-po.md:title,низколатентный,"В новой платформе Intel Xeon Scalable появился встроенный 10 GigE, причем iWARP - это низколатентный",низко латентный | низко-латентный,LOW,SPELLING
2017-09-21-programmnoe-obespechenie-true-load-v-svyaz.md:body,Сохранённая,"~~  → Сохранённая версия

*Оригинальная ссылка больше не доступна*
В настоящий момент с интеграцией ",Сохраненная | Сохранная | Сохраненный | Сохранный,LOW,SPELLING
2017-09-21-programmnoe-obespechenie-true-load-v-svyaz.md:body,расчётов,"~~  → Сохранённая версия

*Оригинальная ссылка больше не доступна*
В настоящий момент с интеграцией ",расчетов | расчет | насчет,LOW,SPELLING
2017-09-21-programmnoe-obespechenie-true-load-v-svyaz.md:body,Сохранённая,"~~  → Сохранённая версия

*Оригинальная ссылка больше не доступна*
В настоящий момент с интеграцией ",Сохраненная | Сохранная | Сохраненный | Сохранный,LOW,SPELLING
2017-09-23-tselyy-vebinar-po-teme-fsi-v-programmnyh.md:body,какой-то,"Целый вебинар по теме  в программных решениях . Я все время забываю, что там тоже есть какой-то  код",какой | какого | каково | каковой | какова,LOW,SPELLING
2017-09-24-algoryx-realizovali-esche-odnu-interesnuyu.md:body,физичность,"Теперь они умеют выгружать свои модели в , а там в  можно все покрутить, подвигать. При этом физично",циничность | лиричность | мифичность | типичность,LOW,SPELLING
2017-09-26-cheshskie-kollegi-iz-svsfem-sro-pri-po.md:body,300х300,"Был выбран квадрат горного рельефа 300х300 км 😊


 

 
 
 
 
 
ttp://ift.tt/2fNTB9O",ах | ха | хе | хм | хо,LOW,SPELLING
2017-09-26-novyy-videourok-na-kanale-zapusk-reshate.md:title,видеоурок,Новый видеоурок на канале!,видео урок | видео-урок | видеотека | видеотек | видеотеке,LOW,SPELLING
2017-09-26-novyy-videourok-na-kanale-zapusk-reshate.md:body,пре,"Запуск решателей и пре\построцессинг на удаленных ресурсах в ANSYS EKM!

  VL1715 — Запуск решателей",пер | пюре | паре | пере | пире,LOW,SPELLING
2017-09-26-novyy-videourok-na-kanale-zapusk-reshate.md:body,VL1715,"Запуск решателей и пре\построцессинг на удаленных ресурсах в ANSYS EKM!

  VL1715 — Запуск решателей",А | И | К | О | Я,LOW,SPELLING
2017-09-26-novyy-videourok-na-kanale-zapusk-reshate.md:body,пре,"Запуск решателей и пре\построцессинг на удаленных ресурсах в ANSYS EKM!

  VL1715 — Запуск решателей",пер | пюре | паре | пере | пире,LOW,SPELLING
2017-09-26-novyy-videourok-na-kanale-zapusk-reshate.md:body,VL1715,"Запуск решателей и пре\построцессинг на удаленных ресурсах в ANSYS EKM!

  VL1715 — Запуск решателей",А | И | К | О | Я,LOW,SPELLING
2017-09-26-novyy-videourok-na-kanale-zapusk-reshate.md:body,пре,"Запуск решателей и пре\построцессинг на удаленных ресурсах в ANSYS EKM!

  VL1715 — Запуск решателей",пер | пюре | паре | пере | пире,LOW,SPELLING
2017-09-26-uzhe-zavtra-sostoitsya-besplatnyy-vebinar.md:title,преднапряженного,Уже завтра состоится бесплатный вебинар по моделированию преднапряженного бетона в  2017 (это которы,пред напряженного | пред-напряженного | перенапряженного | перенапряженный | перенапряженною,LOW,SPELLING
2017-09-27-limitstate-v-versii-31-poobeschali-reali.md:body,решателем,"Таки образом, если сейчас проверка конструкции осуществляется классическим решателем  , то скоро она",вешателем | вешателе | предателем | вешатель | делателем,LOW,SPELLING
2017-09-27-limitstate-v-versii-31-poobeschali-reali.md:body,кто-то,"Таки образом, если сейчас проверка конструкции осуществляется классическим решателем  , то скоро она",Киото | котом | котов | кот | кто,LOW,SPELLING
2017-09-29-na-dnyah-my-s-kollegoy-poprobovali-mnogoo.md:body,референсную,"Оказалось, что он практически не отличается от декартова() сеточного генератора в составе  . Так что",референтную | референтною | референтный,LOW,SPELLING
2017-09-29-novost-ot-bolshih-dassault-systèmes-p.md:title,каннадского,Новость от больших:  Systèmes приобретает   - каннадского разработчика одноименного семейства  кодов,канадского | аннамского | канзасского | каунасского | канадский,LOW,SPELLING
2017-09-29-novost-ot-bolshih-dassault-systèmes-p.md:title,что-то,Новость от больших:  Systèmes приобретает   - каннадского разработчика одноименного семейства  кодов,ото | тот | что | фото | лото,LOW,SPELLING
2017-09-29-novost-ot-bolshih-dassault-systèmes-p.md:body,400m,"Сумма сделка оценивается в $400m

Ну что ж, теперь в платформе Dassault есть нормальная гидрогазодин",а | и | к | о | я,LOW,SPELLING
2017-09-29-v-chem-vy-stroite-setki-dlya-prochnostnyy-r.md:title,прочностный,В чем вы строите сетки для прочностный расчетов?,прочностной | прочностные | прочностных | прочностным,LOW,SPELLING
2017-09-29-v-chem-vy-stroite-setki-dlya-prochnostnyy-r.md:body,прочностный,"В чем вы строите сетки для прочностный расчетов?
Ищу хороший инструмент.

❔ В чем вы строите сетки

",прочностной | прочностные | прочностных | прочностным,LOW,SPELLING
2017-10-03-andrey-ulybaetsya-potomu-chto-on-znaet.md:title,майнинга,"Андрей улыбается, потому что он знает - нет ничего лучше для майнинга, чем   1080Ti. А майнинг в слу",айсинга | майника | айсинг | майник,LOW,SPELLING
2017-10-03-andrey-ulybaetsya-potomu-chto-on-znaet.md:title,1080Ti,"Андрей улыбается, потому что он знает - нет ничего лучше для майнинга, чем   1080Ti. А майнинг в слу",А | И | К | О | Я,LOW,SPELLING
2017-10-03-andrey-ulybaetsya-potomu-chto-on-znaet.md:title,майнинг,"Андрей улыбается, потому что он знает - нет ничего лучше для майнинга, чем   1080Ti. А майнинг в слу",айсинг | майник | майника | майнике | майнику,LOW,SPELLING
2017-10-07-korotkoe-video-po-rabote-otechestvennogo.md:title,софта,Короткое видео по работе отечественного оптимизационного софта   на примере  .,софита | софа | кофта | сорта | соф та,LOW,SPELLING
2017-10-07-korotkoe-video-po-rabote-otechestvennogo.md:body,как-то,Все просто - все понятно. Правда интеграция с Mechanical на уровне кодов APLD выглядит как-то странн,факто | какао | акт,LOW,SPELLING
2017-10-07-korotkoe-video-po-rabote-otechestvennogo.md:body,Брайт,Все просто - все понятно. Правда интеграция с Mechanical на уровне кодов APLD выглядит как-то странн,Байт | Брат | Бай,LOW,SPELLING
2017-10-07-korotkoe-video-po-rabote-otechestvennogo.md:body,рашей,Все просто - все понятно. Правда интеграция с Mechanical на уровне кодов APLD выглядит как-то странн,кашей | нашей | пашей | рюшей | радей,LOW,SPELLING
2017-10-08-vsem-zhelayuschim-dlya-testov-vashih-geometrich.md:title,бибилотека,Всем желающим для тестов ваших геометрических и сеточных процессоров: Стенфордская бибилотека  модел,библиотека | библиотеках | библиотекам | библиотечка | библиотек,LOW,SPELLING
2017-10-09-na-svoem-kanale-lstc-pokazali-neskolko.md:body,из-за,"Напомню, что SPH обладает врожденной болезнью: нестабильностью при работе на растяжение. Материал, м",изба | извоза | изюма | из | низа,LOW,SPELLING
2017-10-09-na-svoem-kanale-lstc-pokazali-neskolko.md:body,билда,"Напомню, что SPH обладает врожденной болезнью: нестабильностью при работе на растяжение. Материал, м",била | балда | Билла | бил да | бил-да,LOW,SPELLING
2017-10-09-na-svoem-kanale-lstc-pokazali-neskolko.md:body,бессеточного,"Напомню, что SPH обладает врожденной болезнью: нестабильностью при работе на растяжение. Материал, м",бессточного | бес сеточного | бес-сеточного | беседочного | бессрочного,LOW,SPELLING
2017-10-09-na-svoem-kanale-lstc-pokazali-neskolko.md:body,Галеркина,"Напомню, что SPH обладает врожденной болезнью: нестабильностью при работе на растяжение. Материал, м",Галерки на | Галерки-на | Галерка | Галерки | Балерина,LOW,SPELLING
2017-10-09-na-svoem-kanale-lstc-pokazali-neskolko.md:body,какое-то,"Напомню, что SPH обладает врожденной болезнью: нестабильностью при работе на растяжение. Материал, м",каково | каковой | какова | карета | ракета,LOW,SPELLING
2017-10-09-na-svoem-kanale-lstc-pokazali-neskolko.md:body,все-таки,"Напомню, что SPH обладает врожденной болезнью: нестабильностью при работе на растяжение. Материал, м",весталки | Светки | вставки | сетки | светски,LOW,SPELLING
2017-10-10-kollegi-vy-vse-naslyshany-pro-additivnoe.md:body,падавана,"А значит надо уметь проектировать конструкции, отвечающие этим технологиям производства. И тут у нас",каравана | пакована | задавака | подавно | караван,LOW,SPELLING
2017-10-10-kollegi-vy-vse-naslyshany-pro-additivnoe.md:body,что-то,"А значит надо уметь проектировать конструкции, отвечающие этим технологиям производства. И тут у нас",ото | тот | что | фото | лото,LOW,SPELLING
2017-10-10-komppaniya-zephy-science-yavlyaetsya-razrabo.md:title,Комппания,"Комппания Zephy-Science является разработчиком , а это очень любопытный набор инструментов. Не кажды",Компания | Компаниях | Компаниям | Копания | Кампания,LOW,SPELLING
2017-10-11-esche-odno-zanimatelnoezalipatelnoe-vid.md:title,залипательное,Еще одно занимательное/залипательное видео на тему работы связки   ->  ->  📼 LS-DYNA SPH: Cohesive s,занимательное | зажигательное | занимательный | зажигательный,LOW,SPELLING
2017-10-11-kompaniya-zao-kadfem-si-ay-es-priglashae.md:title,КАДФЕМ,Компания ЗАО «КАДФЕМ Си-Ай-Эс» приглашает принять участие в ежегодной международной Конференции поль,КАФЕ | КАДЕТ | ХАДЖЕМ | КАМФЕН | КАШЛЕМ,LOW,SPELLING
2017-10-11-ochen-mnogo-vebinarov-po-raschetu-ustalos.md:title,усталостей,Очень много вебинаров по расчету усталостей прочности в ,устал остей | устал-остей | усталостной | усталостный | усталости,LOW,SPELLING
2017-10-12-na-portel-tehnicheskoy-podderzhki-poyavilas.md:title,портел,На портел технической поддержки появилась заплатка к  18.2 - ANSYS 18.2.2. В заплатке починили баги ,порте | потел | портал | портил | пор тел,LOW,SPELLING
2017-10-12-na-portel-tehnicheskoy-podderzhki-poyavilas.md:title,баги,На портел технической поддержки появилась заплатка к  18.2 - ANSYS 18.2.2. В заплатке починили баги ,браги | баи | баки | бани | баси,LOW,SPELLING
2017-10-12-na-portel-tehnicheskoy-podderzhki-poyavilas.md:title,баги,На портел технической поддержки появилась заплатка к  18.2 - ANSYS 18.2.2. В заплатке починили баги ,браги | баи | баки | бани | баси,LOW,SPELLING
2017-10-13-reshatel-operafea-za-30-let-svoego-neza.md:title,заточился,Решатель  за 30 лет своего независимого существования заточился на прочностные и электромагнитные ра,затопился | заточался | за точился | за-точился | затопиться,LOW,SPELLING
2017-10-13-reshatel-operafea-za-30-let-svoego-neza.md:body,зауженных,"Особенно много они рассказывают про расчеты электрических машин, трансформаторов и задачи с движение",залуженных | засуженных | заученных | зажженных,LOW,SPELLING
2017-10-14-lstc-ls-prepost-lspp-ochen-strannyy.md:title,пре," LS-PrePost () очень странный продукт. Это бесплатный пер/постпроцессор, который, на первый взгляд, ",пер | пюре | паре | пере | пире,LOW,SPELLING
2017-10-14-lstc-ls-prepost-lspp-ochen-strannyy.md:body,перемешку,"Ведь LSPP обладает рядом особенностей, за которые со временем вы его полюбите (типа ""Стокгольмский с",вперемешку | переменку | перемерку | переметку | пе ремешку,LOW,SPELLING
2017-10-15-segodnya-na-uzhin-u-nas-prolb-cfd-kod.md:title,решёточных,Сегодня на ужин у нас  -  код на основе метода частиц Больцмана (aka методы решёточных уравнений Бол,решеточных | нешуточных | решеточные | решеточный | решеточным,LOW,SPELLING
2017-10-18-pole-napryazheniy-v-svarnom-korpuse-vyparn.md:body,Диснея,"Конструктор высказал предположение, что расчетчик тайно подрабатывает на студии Диснея.Media

 

 
 ",Синея | Инея | Дисплея | Гинея | Кисея,LOW,SPELLING
2017-10-19-kollegi-iz-atomproekt-znayut-tolk-v-rabot.md:title,Атомпроект,Коллеги из Атомпроект знают толк в работе😊Media,Атом проект | Атом-проект,LOW,SPELLING
2017-10-19-kollegi-iz-atomproekt-znayut-tolk-v-rabot.md:body,Атомпроект,"Коллеги из Атомпроект знают толк в работе😊Media

 

 
ttp://ift.tt/2zyWP9D",Атом проект | Атом-проект,LOW,SPELLING
2017-10-20-hotite-schitat-explicit-uchites-vot.md:body,воны,"Вот стандартные тестовые задачи для настоящих  кодов:
- Тест Тейлора ( Anvil Test)
- Распространение",воины | войны | волны | вон | звоны,LOW,SPELLING
2017-10-20-simulyator-beamngdrivemedia-100-lezhachi.md:title,Симулятор,"Симулятор BeamNG.driveMedia📼 100 ""лежачих полицейских"" в ряд на высокой скорост…",Стимулятор | Стимулятора | Стимуляторе | Стимулятору | Стимуляторы,LOW,SPELLING
2017-10-20-simulyator-beamngdrivemedia-100-lezhachi.md:title,скорост,"Симулятор BeamNG.driveMedia📼 100 ""лежачих полицейских"" в ряд на высокой скорост…",скорости | скорость | скор ост | скор-ост | скоро ст,LOW,SPELLING
2017-10-21-molniya-kompaniya-ansys-v-kataloge-act.md:body,размесила,Компания  в каталоге  расширения размесила модуль для моделироапни процессов 3D печати. Расширение п,разместила | разметила | развесила | раз месила | раз-месила,LOW,SPELLING
2017-10-21-molniya-kompaniya-ansys-v-kataloge-act.md:body,скачивания,Компания  в каталоге  расширения размесила модуль для моделироапни процессов 3D печати. Расширение п,скашивания | смачивания | стачивания | укачивания | вкачивания,LOW,SPELLING
2017-10-23-u-maplesoft-est-maple-znamenityy-pa.md:body,Да-да,"А еще у них есть , который предназначен для решения инженерных задачи по средствам математического м",Ада | Дала | Дама | Дана | Дара,LOW,SPELLING
2017-10-25-staraya-no-ochen-poleznaya-metodichka-ot.md:body,Эйлеровым,"Это очень полезное граничное условие работает сильно лучше, чем традиционный  и имеет кучу дополните",Эйлером | Флеровым | Флеровый | Эйлер | Элерон,LOW,SPELLING
2017-10-28-kompaniya-frustum-realizovala-topologiche.md:body,проворить,"И тут примечательно два момента :
1. Так как все работает в облаке/браузере, то можно проворить топо",проморить | проторить | проварить | проверить | проводить,LOW,SPELLING
2017-10-29-hellouin-tykvy-vse-takoe.md:body,Чункин,"Хэллоуин, тыквы, все такое.

В Америке есть такое безумное соревнование ""Pumpkin Chunkin Championshi",Чуньки | Сукин | Чутки | Чуткие | Чутких,LOW,SPELLING
2017-10-30-ochen-interesnyy-zver-popalsya-mne-na-gl.md:body,полготовки,"Насколько мне удалось понять из описания на сайте компании, X2 FIREBIRD это платформа для совместной",подготовки | полголовки | пол готовки | пол-готовки | подголовки,LOW,SPELLING
2017-11-02-4-dnya-gaydzhurov-pp-uchebnoe-posob.md:title,Гайджуров,"⏳: 4 дня / Гайджуров П.П. [учебное пособие, Ростов-на-Дону, 2017, 90 с.] Применение комплекса ANSYS ",Гайдуков | Гайдук | Гайдуком,LOW,SPELLING
2017-11-02-tak-vyglyadela-prorabotka-fermy-fyuzelyazha.md:title,расчёт,"Так выглядела проработка фермы фюзеляжа: определены нагрузки, выполнен прочностной расчёт и подобран",расчет | раст | расчета | расчете | расчету,LOW,SPELLING
2017-11-02-tak-vyglyadela-prorabotka-fermy-fyuzelyazha.md:title,Расчёты,"Так выглядела проработка фермы фюзеляжа: определены нагрузки, выполнен прочностной расчёт и подобран",Расчеты | Расчет | Расисты | Раскаты | Распиты,LOW,SPELLING
2017-11-03-betacae-pokazala-beta-web-vozmozhnost.md:body,что-то,"По сути, система дает доступ по WEB в вашей модели. Таким образом заинтересованные люди без установк",ото | тот | что | фото | лото,LOW,SPELLING
2017-11-04-seriya-iz-3-h-vidaya-o-tom-kak-mozhno-byst.md:title,видая,"Серия из 3-х видая о том, как можно быстро и экономно построить большую сетку для повторяющейся геом",видная | вида | видя | кидая | ведая,LOW,SPELLING
2017-11-05-konstantin-klimov-naukoemko-zheg-na-nashey.md:title,наукоемко,Константин Климов наукоемко жег на нашей конференции  by ,наукоемкою | наукоемкое | наукоемкой | наукоемком,LOW,SPELLING
2017-11-07-dynamore-vypustili-otlichneyshiy-uchebnyy.md:body,Краш,"Курс состоит из 10 уроков:
0. Введение в  и 
1. Основы МКЭ
2. Решение задачи растяжении болта в  и  ",Краше | Крашу | Каш | Краю | Краб,LOW,SPELLING
2017-11-08-segonya-sostoyalsya-bolshoy-i-ochen-ozhidaem.md:title,Сегоня,Сегоня состоялся большой и очень ожидаемый мной релиз у моих друзей из  Software.,Сегодня | Се гоня | Се-гоня | Сего | Сгон,LOW,SPELLING
2017-11-08-segonya-sostoyalsya-bolshoy-i-ochen-ozhidaem.md:body,Работках,Эта небольшая но очень крутая итальянская компания (ныне часть  подразделения ) выпустила обновленну,Работах | Работка | Доработка,LOW,SPELLING
2017-11-08-sud-ssha-razreshil-blokirovat-sci-hub.md:body,хаб,"Суд США разрешил блокировать Sci-Hub

Пиратский хаб для научных исследований Sci-Hub получил ещё оди",ха | ухаб | баб | хаю | хай,LOW,SPELLING
2017-11-08-sud-ssha-razreshil-blokirovat-sci-hub.md:body,ещё,"Суд США разрешил блокировать Sci-Hub

Пиратский хаб для научных исследований Sci-Hub получил ещё оди",еще | щей | щек | щеп | лещ,LOW,SPELLING
2017-11-08-sud-ssha-razreshil-blokirovat-sci-hub.md:body,скачиваний,"Суд США разрешил блокировать Sci-Hub

Пиратский хаб для научных исследований Sci-Hub получил ещё оди",скачивай | скачивающий | скачивавший | скачивали | окучиваний,LOW,SPELLING
2017-11-08-sud-ssha-razreshil-blokirovat-sci-hub.md:body,хостеры,"Суд США разрешил блокировать Sci-Hub

Пиратский хаб для научных исследований Sci-Hub получил ещё оди",постеры | тостеры | бустер,LOW,SPELLING
2017-11-08-sud-ssha-razreshil-blokirovat-sci-hub.md:body,имён,"Суд США разрешил блокировать Sci-Hub

Пиратский хаб для научных исследований Sci-Hub получил ещё оди",имен | мин | им | мн | гимн,LOW,SPELLING
2017-11-08-sud-ssha-razreshil-blokirovat-sci-hub.md:body,Хостеры,"Суд США разрешил блокировать Sci-Hub

Пиратский хаб для научных исследований Sci-Hub получил ещё оди",Постеры | Тостеры | Бустер,LOW,SPELLING
2017-11-08-sud-ssha-razreshil-blokirovat-sci-hub.md:body,хостинг,"Суд США разрешил блокировать Sci-Hub

Пиратский хаб для научных исследований Sci-Hub получил ещё оди",Остин | холстина | холстине | холстину | холстины,LOW,SPELLING
2017-11-09-tut-u-menya-kollegi-interesovalis-modeli.md:body,трещенообразования,Самым передовым и многообещающим методом расчета такого разрушения и трещенообразования является пер,трещинообразования | трещинообразованию | трещинообразование | трещинообразовании,LOW,SPELLING
2017-11-09-tut-u-menya-kollegi-interesovalis-modeli.md:body,перидинамика,Самым передовым и многообещающим методом расчета такого разрушения и трещенообразования является пер,пери динамика | пери-динамика,LOW,SPELLING
2017-11-09-tut-u-menya-kollegi-interesovalis-modeli.md:body,перидинамики,Самым передовым и многообещающим методом расчета такого разрушения и трещенообразования является пер,пери динамики | пери-динамики,LOW,SPELLING
2017-11-10-k-proshedshey-v-pitere-konferentsii-acum-b.md:body,бетоны,"Физические копии журнала расхватали еще на конференции, но остались электронные - на сайте.

 

Спец",бетон | батоны | бетона | бетоне | бетону,LOW,SPELLING
2017-11-12-komanda-featool-podgotovila-v-svoem-blo.md:title,блоге,Команда  подготовила в своем блоге простой и понятный урок по построению сеток при помощи одного из ,боге | логе | благе | блохе | блоке,LOW,SPELLING
2017-11-13-esli-kto-to-vdrug-reshil-ispolzovat-dlya.md:title,кто-то,"Если кто-то вдруг решил использовать для работы с моделями  не мощный текстовый редактор , а модный ",Киото | котом | котов | кот | кто,LOW,SPELLING
2017-11-13-hpc-v-mire-caemedia-primenenie-superk.md:title,мирe, в мирe 📼 Применение суперкомпьютеров в современном мире - В…,мир | мирю | мира | мире | мири,LOW,SPELLING
2017-11-13-hpc-v-mire-caemedia-primenenie-superk.md:title,суперкомпьютеров, в мирe 📼 Применение суперкомпьютеров в современном мире - В…,супер компьютеров | супер-компьютеров,LOW,SPELLING
2017-11-14-sredi-bolshogo-nabora-act-rasshireniy-dl.md:title,кое-что,Среди большого набора  расширений для  сегодня я нашел кое-что очень полезное для людей занимающихся,коечкою | коечкой | коечною | коечное | коечной,LOW,SPELLING
2017-11-15-opennews-linux-vytesnil-ostalnye-os-iz.md:title,суперкомпьютеров,OpenNews: Linux вытеснил остальные ОС из рейтинга суперкомпьютеров Top500Media🔗 Linux вытеснил остал,супер компьютеров | супер-компьютеров,LOW,SPELLING
2017-11-15-opennews-linux-vytesnil-ostalnye-os-iz.md:title,суперкомпьютеров,OpenNews: Linux вытеснил остальные ОС из рейтинга суперкомпьютеров Top500Media🔗 Linux вытеснил остал,супер компьютеров | супер-компьютеров,LOW,SPELLING
2017-11-16-molniya-vchera-ansys-kupil-odnogo-iz-lid.md:body,хостинга,"Вчера  купил одного из лидеров рынка моделирования процессов аддитивного производства, компанию 3DSI",холстина | Остина | холдинга | листинга | Остин,LOW,SPELLING
2017-11-18-raschet-rotornogo-dvigatelya-vankelya-s-uche.md:title,Ванкеля,Расчет роторного двигателя Ванкеля с учётов химических реакций при помощи   на сон грядущий.,Ваятеля | Вензеля | Шенкеля | Панель | Вафель,LOW,SPELLING
2017-11-18-raschet-rotornogo-dvigatelya-vankelya-s-uche.md:title,учётов,Расчет роторного двигателя Ванкеля с учётов химических реакций при помощи   на сон грядущий.,учет | унтов | счетов | улитов | ушатов,LOW,SPELLING
2017-11-19-nauka-dolzhna-byt-krutoy-ochen-epichnoe.md:body,эпичное,Очень эпичное видео об изучении ударных волн от  National Labs. Тут и эксперимент с не тривиальной о,спичное | этичное | спичный | этичный,LOW,SPELLING
2017-11-19-science-solidworks-cae-ansys-airsof.md:body,3Дж,"Газодинамический расчет работы ЦПГ. Часть I

Целью данного поста является освещение широкому кругу ч",Дж | КДж | МДж | Дюж | Дож,LOW,SPELLING
2017-11-19-science-solidworks-cae-ansys-airsof.md:body,гирбоксе,"Газодинамический расчет работы ЦПГ. Часть I

Целью данного поста является освещение широкому кругу ч",грибок | грибке | грибком | грибков | грибка,LOW,SPELLING
2017-11-19-science-solidworks-cae-ansys-airsof.md:body,гирбоксе,"Газодинамический расчет работы ЦПГ. Часть I

Целью данного поста является освещение широкому кругу ч",грибок | грибке | грибком | грибков | грибка,LOW,SPELLING
2017-11-19-science-solidworks-cae-ansys-airsof.md:body,гирбокс,"Газодинамический расчет работы ЦПГ. Часть I

Целью данного поста является освещение широкому кругу ч",грибок | грибком | грибков | грибка | грибке,LOW,SPELLING
2017-11-19-science-solidworks-cae-ansys-airsof.md:body,мм2,"Газодинамический расчет работы ЦПГ. Часть I

Целью данного поста является освещение широкому кругу ч",мм | мам | мим | мкм | мОм,LOW,SPELLING
2017-11-19-science-solidworks-cae-ansys-airsof.md:body,мм2,"Газодинамический расчет работы ЦПГ. Часть I

Целью данного поста является освещение широкому кругу ч",мм | мам | мим | мкм | мОм,LOW,SPELLING
2017-11-19-science-solidworks-cae-ansys-airsof.md:body,превышет,"Газодинамический расчет работы ЦПГ. Часть I

Целью данного поста является освещение широкому кругу ч",превышает | превыше | превышен,LOW,SPELLING
2017-11-20-onelab-open-numerical-engineering-labo.md:title,софта, (Open Numerical Engineering LABoratory) - готовый бесплатный кросс платформенный набор инженерного ,софита | софа | кофта | сорта | соф та,LOW,SPELLING
2017-11-20-onelab-open-numerical-engineering-labo.md:title,решателями, (Open Numerical Engineering LABoratory) - готовый бесплатный кросс платформенный набор инженерного ,вешателями | решат елями | решат-елями | вешателям | предателями,LOW,SPELLING
2017-11-20-onelab-open-numerical-engineering-labo.md:body,Сохранённая,"В комплекте есть собственный решатель . Заявлена поддержка  и 

Все это хозяйство есть под Windows, ",Сохраненная | Сохранная | Сохраненный | Сохранный,LOW,SPELLING
2017-11-20-onelab-open-numerical-engineering-labo.md:body,Сохранённая,"В комплекте есть собственный решатель . Заявлена поддержка  и 

Все это хозяйство есть под Windows, ",Сохраненная | Сохранная | Сохраненный | Сохранный,LOW,SPELLING
2017-11-22-privet-vsem-kto-pishet-svoy-dvizhok-topol.md:body,что-то,"Так уж сейчас обстоят дела, что написать алгоритм линейной топологической оптимизации - это уровень ",ото | тот | что | фото | лото,LOW,SPELLING
2017-11-24-a-chto-esli-nauchit-mashinu-uskoryat-zadach.md:body,Сосновик,"И получить при этом многократное сокращение времени решения задачи?

Статья двух русских студентов (",Осиновик | Сословию | Сословие | Сословии | Сословий,LOW,SPELLING
2017-11-24-a-chto-esli-nauchit-mashinu-uskoryat-zadach.md:body,Оселедец,"И получить при этом многократное сокращение времени решения задачи?

Статья двух русских студентов (",Поселенец | Поселенце | Поселенца | Поселенцу | Поселенцы,LOW,SPELLING
2017-11-24-a-chto-esli-nauchit-mashinu-uskoryat-zadach.md:body,сгенерированных,"И получить при этом многократное сокращение времени решения задачи?

Статья двух русских студентов (",генерированных | генерированные | генерированный | генерированным | регенерированных,LOW,SPELLING
2017-11-26-kompaniya-metariver-technology-co-ltd.md:title,специлизируется,"Компания Metariver Technology co., ltd ( ) специлизируется на создани  софта  максмально использующе",специализируется | специализироваться | специализируются,LOW,SPELLING
2017-11-26-kompaniya-metariver-technology-co-ltd.md:title,создани,"Компания Metariver Technology co., ltd ( ) специлизируется на создани  софта  максмально использующе",созданию | создание | создании | созданий | создания,LOW,SPELLING
2017-11-26-kompaniya-metariver-technology-co-ltd.md:title,софта,"Компания Metariver Technology co., ltd ( ) специлизируется на создани  софта  максмально использующе",софита | софа | кофта | сорта | соф та,LOW,SPELLING
2017-11-26-kompaniya-metariver-technology-co-ltd.md:title,максмально,"Компания Metariver Technology co., ltd ( ) специлизируется на создани  софта  максмально использующе",максимально | максимальною | максимальное | максимальной | максимальном,LOW,SPELLING
2017-11-26-kompaniya-metariver-technology-co-ltd.md:body,чисть,"Сейчас у них есть:
- samadii/sciv (Statistical Contact in Vacuum) - моделирование процессов в вакуум",чист | кисть | часть | честь | чиста,LOW,SPELLING
2017-11-27-uskorenie-ansys-fluent-pri-pomoschi-gpg.md:body,том-же,"Как показывают тесты NVIDIA, на одном и том-же пуле лицензии главный  решатель ANSYS может ускоритьс",томе | тоже | бомже,LOW,SPELLING
2017-11-27-uskorenie-ansys-fluent-pri-pomoschi-gpg.md:body,софт,"Как показывают тесты NVIDIA, на одном и том-же пуле лицензии главный  решатель ANSYS может ускоритьс",софит | соф | сот | кофт | софа,LOW,SPELLING
2017-11-28-3d-model-iz-jpeg-kartinki-v-paru-klikov.md:title,кликов,"3D модель из jpeg-картинки в пару кликов, спасибо  SpaceClame DirectModeler 🐥)",клинков | куликов | ликов | окликов | бликов,LOW,SPELLING
2017-11-28-statya-instruktsiya-o-tom-kak-reshit-zada.md:title,парметрической,"Статья-инструкция о том, как решить задачу парметрической оптимизации конструкции используя решатели",параметрической | пар метрической | пар-метрической | барометрической | параметрический,LOW,SPELLING
2017-11-29-eeeeeeeee-ansys-discovery-teper-dostu.md:body,онлайн, Discovery теперь доступен для расчета онлайн! теперь можно моделировать онлайн ( правда есть ограни,орлан | облаян | сплайн | облаянный,LOW,SPELLING
2017-11-29-eeeeeeeee-ansys-discovery-teper-dostu.md:body,онлайн, Discovery теперь доступен для расчета онлайн! теперь можно моделировать онлайн ( правда есть ограни,орлан | облаян | сплайн | облаянный,LOW,SPELLING
2017-11-29-eeeeeeeee-ansys-discovery-teper-dostu.md:body,где-то, Discovery теперь доступен для расчета онлайн! теперь можно моделировать онлайн ( правда есть ограни,одето | вдето | одетый | вдетый,LOW,SPELLING
2017-11-30-hotite-schitat-no-net-deneg-na-soft-to.md:title,софт,"Хотите считать, но нет денег на софт?",софит | соф | сот | кофт | софа,LOW,SPELLING
2017-12-02-dannoe-video-prizvano-prodemonstrirovat.md:body,ЛикБез,"Всем, кому надо, срочно читать документацию на карту *MESH_SIZE_SHAPE

Для остальных небольшой ЛикБе",Ликбез | Ликбеза | Ликбезе | Ликбезу | Лик Без,LOW,SPELLING
2017-12-02-dannoe-video-prizvano-prodemonstrirovat.md:body,решателем,"Всем, кому надо, срочно читать документацию на карту *MESH_SIZE_SHAPE

Для остальных небольшой ЛикБе",вешателем | вешателе | предателем | вешатель | делателем,LOW,SPELLING
2017-12-05-ochen-krutoy-doklad-ot-ochen-krutogo-dyad.md:body,теплопереносе,Перед нами Ole Sigmunt - один из отцов всего направления топологической оптимизации. Он рассказывает,тепло переносе | тепло-переносе,LOW,SPELLING
2017-12-07-gde-to-seychas-v-ssha-idet-ocherednaya-ochere.md:title,Где-то,Где-то сейчас в США идет очередная очередная главная  выставка-конференция . И на ней уважаемые  пок,Одето | Вдето | Одетый | Вдетый,LOW,SPELLING
2017-12-07-gde-to-seychas-v-ssha-idet-ocherednaya-ochere.md:body,матчасть,"Хотите считать быстро - изучайте матчасть!

  Supermicro Booth Tour at SC17

 

 
 
 
 
 
 
ttp://if",мат часть | мат-часть | санчасть | зачастить | санчастью,LOW,SPELLING
2017-12-08-kak-pravilno-zapekat-indeyku-v-bar.md:title,барбекю,🍗🍗🍗 Как правильно запекать индейку в барбекю?,баррелю | баржей | баррель,LOW,SPELLING
2017-12-08-kak-pravilno-zapekat-indeyku-v-bar.md:body,барбекю,"🍗🍗🍗 Как правильно запекать индейку в барбекю?

Мастер-класс от Jacobs Analytics по моделированию воз",баррелю | баржей | баррель,LOW,SPELLING
2017-12-08-na-sc17-vmware-rasskazali-pro-ih-novy.md:title,виртуализации,"На   рассказали, про их новые продукты для виртуализации в .",визуализации | визуализация | визуализацию,LOW,SPELLING
2017-12-08-na-sc17-vmware-rasskazali-pro-ih-novy.md:body,виртуализация,"Вообще, виртуализация и HPC - это две стирающиеся не пересекаться прямые, но если очень хочется, то ",визуализация | визуализацию | визуализации,LOW,SPELLING
2017-12-09-ply-based-composite-modeling-with-the-ne.md:body,решателем," 

Статья от 2011 года про дружбу LS-DYNA и ANSYS Composite PrepPost и пара комментариев к ней от ме",вешателем | вешателе | предателем | вешатель | делателем,LOW,SPELLING
2017-12-09-ply-based-composite-modeling-with-the-ne.md:body,апелировать," 

Статья от 2011 года про дружбу LS-DYNA и ANSYS Composite PrepPost и пара комментариев к ней от ме",апеллировать | полировать | оперировать,LOW,SPELLING
2017-12-09-ply-based-composite-modeling-with-the-ne.md:body,дайновские," 

Статья от 2011 года про дружбу LS-DYNA и ANSYS Composite PrepPost и пара комментариев к ней от ме",дантовские | дантовский | дантовских | дантовским | дантовское,LOW,SPELLING
2017-12-10-mellanox-anonsirovali-hdr-infiniband.md:title,Гбит, анонсировали HDR  - это аж 200 Гбит/с.,Губит | Бит | Гит | Кбит | Обит,LOW,SPELLING
2017-12-11-podborka-vido-po-teme-probivaniya-pleteno.md:title,видо,Подборка видо по теме пробивания плетеной из кевларовых нитей ткани (Kevlar Style 706) от Гуарана Ни,видео | видно | видок | видом | видов,LOW,SPELLING
2017-12-11-podborka-vido-po-teme-probivaniya-pleteno.md:title,Гуарана,Подборка видо по теме пробивания плетеной из кевларовых нитей ткани (Kevlar Style 706) от Гуарана Ни,Гаранта | Гурмана | Грана | Угадана | Урана,LOW,SPELLING
2017-12-11-podborka-vido-po-teme-probivaniya-pleteno.md:title,Нилаканта,Подборка видо по теме пробивания плетеной из кевларовых нитей ткани (Kevlar Style 706) от Гуарана Ни,Нила канта | Нила-канта,LOW,SPELLING
2017-12-12-easa-eto-spetsializirovannaya-platforma.md:title,софтом,"EASA - это специализированная платформа для создания интерактивных рабочих методик, связывающих в ра",софитом | сотом | сортом | соф том | соф-том,LOW,SPELLING
2017-12-12-easa-eto-spetsializirovannaya-platforma.md:title,кто-то,"EASA - это специализированная платформа для создания интерактивных рабочих методик, связывающих в ра",Киото | котом | котов | кот | кто,LOW,SPELLING
2017-12-13-interesnyy-i-podrobnyy-dokument-po-prime.md:body,016_2015,"Приведены примеры k файловMedia💾 ODM 218 6 016_2015.pdf

 

 
 
ttp://ift.tt/2ACpi2s",а | и | к | о | я,LOW,SPELLING
2017-12-14-15-dney-adonis-besplatnaya-rusifits.md:title,геотехнических,"⏳: 15 дней / ADONIS - бесплатная русифицированная программа с открытым исходным кодом, предназначенн",гелиотехнических | лесотехнических | агротехнических | биотехнических | геотермических,LOW,SPELLING
2017-12-14-15-dney-adonis-besplatnaya-rusifits.md:body,верификационные,"Проект активно развивается. Разработчики ставят задачу выйти на уровень известных коммерческих ПК.

",сертификационные | тарификационные | сертификационный | тарификационный,LOW,SPELLING
2017-12-15-bolshoy-i-ochen-podrobnyy-video-urok-pro.md:body,решателем,"Интересные фишки урока -  используется для морфина сетки. Надо отметить, что та сетка, что вы видите",вешателем | вешателе | предателем | вешатель | делателем,LOW,SPELLING
2017-12-15-bolshoy-i-ochen-podrobnyy-video-urok-pro.md:body,описаный,"Интересные фишки урока -  используется для морфина сетки. Надо отметить, что та сетка, что вы видите",описанный | описаны | писаный | описаний,LOW,SPELLING
2017-12-15-bolshoy-i-ochen-podrobnyy-video-urok-pro.md:body,софт,"Интересные фишки урока -  используется для морфина сетки. Надо отметить, что та сетка, что вы видите",софит | соф | сот | кофт | софа,LOW,SPELLING
2017-12-18-kollegi-simware-inc-vylozhili-tselyy-pley.md:title,плейлист,Коллеги  INC выложили целый плейлист с выполнением всех 19-ти упражнений из стандартного учебного ку,плечист | флейтист | петлистый | плечистый,LOW,SPELLING
2017-12-18-kollegi-simware-inc-vylozhili-tselyy-pley.md:body,видеоряду,"И не надо пугаться иероглифов - все видео уроки выполнены без звука, так как все понятно уже по виде",видео ряду | видео-ряду,LOW,SPELLING
2017-12-19-nash-svezhiy-video-urok-po-vzaimodeystviyu.md:body,VL1726,Скажу так: EKM в 18-ой версии это прям годна штука. Я его уже поставил и почти до конца настроил. С ,А | И | К | О | Я,LOW,SPELLING
2017-12-20-kurs-po-metodu-konechnyh-elementov-dlya-pr.md:body,какие-то,"Обещают научить писать  код за 45 часов лекций.

Для прохождения курса понадобятся знания линейной а",карета | ракета | ракита | кассета | калиевый,LOW,SPELLING
2017-12-21-delal-uborku-na-kompyutere-v-preddverii.md:title,пре,Делал уборку на компьютере в преддверии нового года и откопал результаты одного пре интереснейшего п,пер | пюре | паре | пере | пире,LOW,SPELLING
2017-12-21-prezentatsiya-dlya-teh-kto-modeliruet-rass.md:title,Дайне,"Презентация для тех, кто моделирует расслоение в Дайне:",Дайте | Тайне | Дай не | Дай-не | Даней,LOW,SPELLING
2017-12-21-prezentatsiya-dlya-teh-kto-modeliruet-rass.md:body,Дайне,"Презентация для тех, кто моделирует расслоение в Дайне:
""TIEBREAK CONTACTS IN LS-DYNA""Media💾 tiebrea",Дайте | Тайне | Дай не | Дай-не | Даней,LOW,SPELLING
2017-12-24-ansys-discovery-live-pomozhet-issledovat.md:title,Санты,ANSYS Discovery Live поможет исследовать аэродинамику Санты.Media📼 ANSYS Discovery Live поможет иссл,Саны | Банты | Фанты | Ханты | Канты,LOW,SPELLING
2017-12-24-ansys-discovery-live-pomozhet-issledovat.md:title,аэродинам,ANSYS Discovery Live поможет исследовать аэродинамику Санты.Media📼 ANSYS Discovery Live поможет иссл,аэронам | родинам | уродинам | родина | аэродинамика,LOW,SPELLING
2017-12-24-seychas-na-rynke-hpc-interkonnektov-idet.md:body,Гбит,"Хотя на мой вкус, Mellanox так далеко впереди, что за ним уже никому не угнаться. Посудите сами: у н",Губит | Бит | Гит | Кбит | Обит,LOW,SPELLING
2017-12-25-izogeometricheskiy-analiz-iga-isogeome.md:title,Изогеометрический,"Изогеометрический анализ (, isogeometric analysis) - это один из перспективных методов выполнения ра",Изо геометрический | Изо-геометрический,LOW,SPELLING
2017-12-25-izogeometricheskiy-analiz-iga-isogeome.md:body,пописаны,"Преимущества данного метода перед традиционным  подробно пописаны а прилагаемой статье.

Если кратко",подписаны | прописаны | описаны | дописаны | по писаны,LOW,SPELLING
2017-12-26-intervyu-s-prezidentom-i-ceo-kompanii-a.md:title,Эйджеем,Интервью с Президентом и CEO компании  - Эйджеем Гапалом (Ajei Gopal) на канале  в програме MAD Mone,Эйде | Раджей,LOW,SPELLING
2017-12-26-intervyu-s-prezidentom-i-ceo-kompanii-a.md:title,Гапалом,Интервью с Президентом и CEO компании  - Эйджеем Гапалом (Ajei Gopal) на канале  в програме MAD Mone,Запалом | Га палом | Га-палом | Палом | Капралом,LOW,SPELLING
2017-12-26-intervyu-s-prezidentom-i-ceo-kompanii-a.md:title,програме,Интервью с Президентом и CEO компании  - Эйджеем Гапалом (Ajei Gopal) на канале  в програме MAD Mone,программе | программ | погром,LOW,SPELLING
2017-12-26-intervyu-s-prezidentom-i-ceo-kompanii-a.md:title,Крамером,Интервью с Президентом и CEO компании  - Эйджеем Гапалом (Ajei Gopal) на канале  в програме MAD Mone,Кратером | Кратер | Амер,LOW,SPELLING
2017-12-26-intervyu-s-prezidentom-i-ceo-kompanii-a.md:body,Зазговор,"Зазговор скорее за деньги и инвестиции, чем за .

Мораль: не покупайте BTC на хайпе - покупайте ANSS",Заговор | Разговор | Наговор,LOW,SPELLING
2017-12-26-intervyu-s-prezidentom-i-ceo-kompanii-a.md:body,хайпе,"Зазговор скорее за деньги и инвестиции, чем за .

Мораль: не покупайте BTC на хайпе - покупайте ANSS",хайле | хайте | Хайфе | хай пе | хай-пе,LOW,SPELLING
2017-12-27-nakonets-to-stala-dostupna-prezentatsiya-s.md:title,Наконец-то,"Наконец-то стала доступна презентация с обзором новых возможностей  R10. Я ее очень ждал, ведь сам р",Наконец | Наконечный | Наконечною | Наконечное | Наконечной,LOW,SPELLING
2017-12-27-nakonets-to-stala-dostupna-prezentatsiya-s.md:body,что-то,"Вкусностей очень много, и мне трудно выделить 3 основные. Я надеюсь, что каждый найдет для себя что-",ото | тот | что | фото | лото,LOW,SPELLING
2017-12-28-neskolko-uchebnyh-videourokov-ot-rossiys.md:title,видеоуроков,Несколько учебных видеоуроков от российского дистрибьютера LS-DYNA,видео уроков | видео-уроков,LOW,SPELLING
2017-12-28-neskolko-uchebnyh-videourokov-ot-rossiys.md:title,дистрибьютера,Несколько учебных видеоуроков от российского дистрибьютера LS-DYNA,дистрибьютора | дистрибьюторах | дистрибьюторам | дистрибьютор | дистрибьюторе,LOW,SPELLING
2017-12-28-shapr3d-polnotsennyy-cad-dlya-ipad-pr.md:title,мажерную, - полноценный  для  Pro получил новую мажерную версию.,манерную | матерную | мажорную | мазерную | манерный,LOW,SPELLING
2017-12-28-shapr3d-polnotsennyy-cad-dlya-ipad-pr.md:body,Самои,"Самои важно в этой версии, это реализована поддержка работы с форматом .

Приложение стоит денег, но",Сами | Само | Самки | Самою | Самое,LOW,SPELLING
2017-12-28-shapr3d-polnotsennyy-cad-dlya-ipad-pr.md:body,Сохранённая,"Самои важно в этой версии, это реализована поддержка работы с форматом .

Приложение стоит денег, но",Сохраненная | Сохранная | Сохраненный | Сохранный,LOW,SPELLING
2017-12-28-shapr3d-polnotsennyy-cad-dlya-ipad-pr.md:body,Сохранённая,"Самои важно в этой версии, это реализована поддержка работы с форматом .

Приложение стоит денег, но",Сохраненная | Сохранная | Сохраненный | Сохранный,LOW,SPELLING
2017-12-29-zcfd-cfd-kod-ot-zenotech-dlya-raschet.md:body,использвоание,"Итак, ключевые особенности ПО:
- эффективность - обычно присутствует у любого, уважающего себя кода
",использование | использованием | использованию | использовании | использования,LOW,SPELLING
2017-12-29-zcfd-cfd-kod-ot-zenotech-dlya-raschet.md:body,что-то,"Итак, ключевые особенности ПО:
- эффективность - обычно присутствует у любого, уважающего себя кода
",ото | тот | что | фото | лото,LOW,SPELLING
2017-12-29-zcfd-cfd-kod-ot-zenotech-dlya-raschet.md:body,Гелеркина,"Итак, ключевые особенности ПО:
- эффективность - обычно присутствует у любого, уважающего себя кода
",Пелерина | Пелеринах | Пелеринам | Пелерин | Пелерине,LOW,SPELLING
2017-12-29-zcfd-cfd-kod-ot-zenotech-dlya-raschet.md:body,что-то,"Итак, ключевые особенности ПО:
- эффективность - обычно присутствует у любого, уважающего себя кода
",ото | тот | что | фото | лото,LOW,SPELLING
2017-12-29-zcfd-cfd-kod-ot-zenotech-dlya-raschet.md:body,полифункциональную,"Итак, ключевые особенности ПО:
- эффективность - обычно присутствует у любого, уважающего себя кода
",полнофункциональную | полнофункциональною | полнофункциональный,LOW,SPELLING
2017-12-29-zcfd-cfd-kod-ot-zenotech-dlya-raschet.md:body,Верификационные,"Итак, ключевые особенности ПО:
- эффективность - обычно присутствует у любого, уважающего себя кода
",Сертификационные | Тарификационные | Сертификационный | Тарификационный,LOW,SPELLING
2017-12-29-zcfd-cfd-kod-ot-zenotech-dlya-raschet.md:body,Сохранённая,"Итак, ключевые особенности ПО:
- эффективность - обычно присутствует у любого, уважающего себя кода
",Сохраненная | Сохранная | Сохраненный | Сохранный,LOW,SPELLING
2017-12-29-zcfd-cfd-kod-ot-zenotech-dlya-raschet.md:body,Сохранённая,"Итак, ключевые особенности ПО:
- эффективность - обычно присутствует у любого, уважающего себя кода
",Сохраненная | Сохранная | Сохраненный | Сохранный,LOW,SPELLING
2018-01-02-sandiyskie-natsionalny-laboratorii-kak-v.md:title,Сандийские,Сандийские национальны лаборатории как всегда красиво раасказывают о своих возможностях в области ад,Индийские | Руандийские | Угандийские | Бандитские | Мансийские,LOW,SPELLING
2018-01-02-sandiyskie-natsionalny-laboratorii-kak-v.md:title,раасказывают,Сандийские национальны лаборатории как всегда красиво раасказывают о своих возможностях в области ад,рассказывают | рассказывать | раскалывают | раскапывают | раскатывают,LOW,SPELLING
2018-01-04-mashinnyy-intellekt-proektiruet-stulya.md:body,концепт,"Машинный интеллект проектирует стулья
История о том, как при помощи программного обеспечения Autodes",концерт | концерта | концерте | концерту | концерты,LOW,SPELLING
2018-01-04-mashinnyy-intellekt-proektiruet-stulya.md:body,обучени,"Машинный интеллект проектирует стулья
История о том, как при помощи программного обеспечения Autodes",обучению | обучение | обучении | обучения | обучен,LOW,SPELLING
2018-01-04-mashinnyy-intellekt-proektiruet-stulya.md:body,хайпа,"Машинный интеллект проектирует стулья
История о том, как при помощи программного обеспечения Autodes",хайла | Хайфа | хай па | хай-па | храпа,LOW,SPELLING
2018-01-05-demonstratsiya-effekta-magnusa-v-xflow-cfd.md:title,Магнуса,Демонстрация Эффекта Магнуса в XFlow CFD,Магн уса | Магн-уса | Мангуста | Ануса | Гнуса,LOW,SPELLING
2018-01-05-demonstratsiya-effekta-magnusa-v-xflow-cfd.md:body,Магнуса,"Демонстрация Эффекта Магнуса в XFlow CFD
Эффект Магнуса — физическое явление, возникающее при обтека",Магн уса | Магн-уса | Мангуста | Ануса | Гнуса,LOW,SPELLING
2018-01-05-demonstratsiya-effekta-magnusa-v-xflow-cfd.md:body,Магнуса,"Демонстрация Эффекта Магнуса в XFlow CFD
Эффект Магнуса — физическое явление, возникающее при обтека",Магн уса | Магн-уса | Мангуста | Ануса | Гнуса,LOW,SPELLING
2018-01-05-demonstratsiya-effekta-magnusa-v-xflow-cfd.md:body,проедмонстрировали,"Демонстрация Эффекта Магнуса в XFlow CFD
Эффект Магнуса — физическое явление, возникающее при обтека",продемонстрировали | продемонстрировал | продемонстрировала | продемонстрировало | продемонстрировать,LOW,SPELLING
2018-01-05-demonstratsiya-effekta-magnusa-v-xflow-cfd.md:body,зрамотно,"Демонстрация Эффекта Магнуса в XFlow CFD
Эффект Магнуса — физическое явление, возникающее при обтека",грамотно | замотано | грамотною | грамотное | грамотной,LOW,SPELLING
2018-01-05-demonstratsiya-effekta-magnusa-v-xflow-cfd.md:body,блоге,"Демонстрация Эффекта Магнуса в XFlow CFD
Эффект Магнуса — физическое явление, возникающее при обтека",боге | логе | благе | блохе | блоке,LOW,SPELLING
2018-01-05-demonstratsiya-effekta-magnusa-v-xflow-cfd.md:body,чиленного,"Демонстрация Эффекта Магнуса в XFlow CFD
Эффект Магнуса — физическое явление, возникающее при обтека",численного | членного | пиленного | чиненного | чищенного,LOW,SPELLING
2018-01-05-demonstratsiya-effekta-magnusa-v-xflow-cfd.md:body,Магнуса,"Демонстрация Эффекта Магнуса в XFlow CFD
Эффект Магнуса — физическое явление, возникающее при обтека",Магн уса | Магн-уса | Мангуста | Ануса | Гнуса,LOW,SPELLING
2018-01-06-platforma fetchcfd.md:body,палтформы,"Платформа FetchCFD
Платформа FetchCFD позволяет пользователям публиковать и обмениваться своими CAD,",платформы | платформ | платформа | платформе | платформу,LOW,SPELLING
2018-01-06-platforma fetchcfd.md:body,качесвто,"Платформа FetchCFD
Платформа FetchCFD позволяет пользователям публиковать и обмениваться своими CAD,",качество | качеством | качеств | ткачество | качества,LOW,SPELLING
2018-01-07-mnogoshagovaya-shtampovka-v-ls-prepost.md:title,Многошаговая,Многошаговая штамповка в LS-PrePost,Много шаговая | Много-шаговая | Многоразовая | Многочасовая | Многоразовый,LOW,SPELLING
2018-01-07-mnogoshagovaya-shtampovka-v-ls-prepost.md:body,Многошаговая,"Многошаговая штамповка в LS-PrePost
Видео урок по подготовке модели многошаговой штамповки/глубококй",Много шаговая | Много-шаговая | Многоразовая | Многочасовая | Многоразовый,LOW,SPELLING
2018-01-07-mnogoshagovaya-shtampovka-v-ls-prepost.md:body,многошаговой,"Многошаговая штамповка в LS-PrePost
Видео урок по подготовке модели многошаговой штамповки/глубококй",много шаговой | много-шаговой | многоразовой | многочасовой | многоразовый,LOW,SPELLING
2018-01-07-mnogoshagovaya-shtampovka-v-ls-prepost.md:body,глубококй,"Многошаговая штамповка в LS-PrePost
Видео урок по подготовке модели многошаговой штамповки/глубококй",глубокой | глубоко | глубокий | глубокою | глубокое,LOW,SPELLING
2018-01-07-mnogoshagovaya-shtampovka-v-ls-prepost.md:body,пружинения,"Многошаговая штамповка в LS-PrePost
Видео урок по подготовке модели многошаговой штамповки/глубококй",пружинная | причинения | пружинный | причинение | пружинящий,LOW,SPELLING
2018-01-07-mnogoshagovaya-shtampovka-v-ls-prepost.md:body,деталеи,"Многошаговая штамповка в LS-PrePost
Видео урок по подготовке модели многошаговой штамповки/глубококй",детали | деталей | деталек | детален,LOW,SPELLING
2018-01-07-mnogoshagovaya-shtampovka-v-ls-prepost.md:body,полсностью,"Многошаговая штамповка в LS-PrePost
Видео урок по подготовке модели многошаговой штамповки/глубококй",полностью | поясностью | должность,LOW,SPELLING
2018-01-07-mnogoshagovaya-shtampovka-v-ls-prepost.md:body,технологическтх,"Многошаговая штамповка в LS-PrePost
Видео урок по подготовке модели многошаговой штамповки/глубококй",технологических | технологически | технологическая | технологические | технологический,LOW,SPELLING
2018-01-08-rabota-s-stl-v-spaceclaim.md:body,встроеному,"Работа с STL в SpaceClaim
ANSYS SpaceClaim Direct Modeller, теперь входящий в линейку Discovery, бла",встроенному | встроен ому | встроен-ому | выстроенному | строенному,LOW,SPELLING
2018-01-09-novyy-sayt.md:body,cегодня,"Новый сайт
Коллеги, сегодня первый рабочий день в году,  cегодня я хочу рассказать про развитие прое",сегодня | негодная | беготня | негодна | негодно,LOW,SPELLING
2018-01-09-novyy-sayt.md:body,Когда-то,"Новый сайт
Коллеги, сегодня первый рабочий день в году,  cегодня я хочу рассказать про развитие прое",Когда | Богато | Рогато | Космато | Поддато,LOW,SPELLING
2018-01-09-novyy-sayt.md:body,cовсем,"Новый сайт
Коллеги, сегодня первый рабочий день в году,  cегодня я хочу рассказать про развитие прое",совсем | овсе | всем | лосем | овсом,LOW,SPELLING
2018-01-09-novyy-sayt.md:body,интерете,"Новый сайт
Коллеги, сегодня первый рабочий день в году,  cегодня я хочу рассказать про развитие прое",интернете | интересе | дотереть,LOW,SPELLING
2018-01-09-novyy-sayt.md:body,блоги,"Новый сайт
Коллеги, сегодня первый рабочий день в году,  cегодня я хочу рассказать про развитие прое",боги | логи | блохи | блоки | слоги,LOW,SPELLING
2018-01-09-novyy-sayt.md:body,коллгами,"Новый сайт
Коллеги, сегодня первый рабочий день в году,  cегодня я хочу рассказать про развитие прое",коллегами | коллегам | колли | колами | коллажами,LOW,SPELLING
2018-01-09-novyy-sayt.md:body,паблики,"Новый сайт
Коллеги, сегодня первый рабочий день в году,  cегодня я хочу рассказать про развитие прое",публики | Павлики | па блики | па-блики | паб лики,LOW,SPELLING
2018-01-09-novyy-sayt.md:body,коникулах,"Новый сайт
Коллеги, сегодня первый рабочий день в году,  cегодня я хочу рассказать про развитие прое",каникулах | консулах | каникулам | каникул | каникулы,LOW,SPELLING
2018-01-09-novyy-sayt.md:body,пабликах,"Новый сайт
Коллеги, сегодня первый рабочий день в году,  cегодня я хочу рассказать про развитие прое",Павликах | па бликах | па-бликах | паб ликах | паб-ликах,LOW,SPELLING
2018-01-09-novyy-sayt.md:body,тэгами,"Новый сайт
Коллеги, сегодня первый рабочий день в году,  cегодня я хочу рассказать про развитие прое",тегами | тогами | тег | ТЭЦ,LOW,SPELLING
2018-01-09-novyy-sayt.md:body,личка,"Новый сайт
Коллеги, сегодня первый рабочий день в году,  cегодня я хочу рассказать про развитие прое",личика | лика | кличка | уличка | дичка,LOW,SPELLING
2018-01-09-nvidia-docker.md:body,суперкомпьютерах,"NVIDIA DOCKER
NVIDIA на конференции SC17 рассказала про свое новое видение того, как надо делать уда",супер компьютерах | супер-компьютерах,LOW,SPELLING
2018-01-09-nvidia-docker.md:body,Серверный,"NVIDIA DOCKER
NVIDIA на конференции SC17 рассказала про свое новое видение того, как надо делать уда",Северный | Сер верный | Сер-верный | Суеверный | Неверный,LOW,SPELLING
2018-01-09-nvidia-docker.md:body,конетйнер,"NVIDIA DOCKER
NVIDIA на конференции SC17 рассказала про свое новое видение того, как надо делать уда",контейнер | контейнера | контейнере | контейнеру | контейнеры,LOW,SPELLING
2018-01-10-ansys-ustraivaet-konkurs.md:body,новго,"ANSYS устраивает конкурс
ANSYS похоже готов дарить призы и подарки даже после новго года. Так, компа",нового | ново | нов го | нов-го | ногою,LOW,SPELLING
2018-01-10-ansys-ustraivaet-konkurs.md:body,февряля,"ANSYS устраивает конкурс
ANSYS похоже готов дарить призы и подарки даже после новго года. Так, компа",февраля | февралях | февралям | февралю | феврале,LOW,SPELLING
2018-01-11-limited-edittion.md:body,принтов,"Limited Edittion
Я не большой фанат принтов на кружках и одежде, но такую толстовку я бы себе заказа",приютов | спринт | приют | принц,LOW,SPELLING
2018-01-11-obuchenie-ls-dyna-online.md:body,Эмили,"Обучение LS-DYNA online
Университет штата Огайо (Ohio State University) совместно с Simulation Innov",Эмилию | Эмилии | Эмилий | Эмилия | Мили,LOW,SPELLING
2018-01-11-obuchenie-ls-dyna-online.md:body,Нутвелл,"Обучение LS-DYNA online
Университет штата Огайо (Ohio State University) совместно с Simulation Innov",Новелл | Новелла | Новелле | Новеллу | Новеллы,LOW,SPELLING
2018-01-11-obuchenie-ls-dyna-online.md:body,безопастности,"Обучение LS-DYNA online
Университет штата Огайо (Ohio State University) совместно с Simulation Innov",безопасности | безопасность | безучастности | безучастность,LOW,SPELLING
2018-01-11-obuchenie-ls-dyna-online.md:body,выполенние,"Обучение LS-DYNA online
Университет штата Огайо (Ohio State University) совместно с Simulation Innov",выполнение | выполнением | выполнению | выполнении | выполнения,LOW,SPELLING
2018-01-11-obuchenie-ls-dyna-online.md:body,интегрированя,"Обучение LS-DYNA online
Университет штата Огайо (Ohio State University) совместно с Simulation Innov",интегрирования | интегрирован | интегрирована | интегрировано | интегрированы,LOW,SPELLING
2018-01-12-dinamika-plavayuschih-tel.md:body,швартовыми,"Динамика плавающих тел
Вашему вниманию предлагается примеры расчета движения тела на поверхности жид",швартовными | швартовами | швартовы ми | швартовы-ми | шатровыми,LOW,SPELLING
2018-01-12-dinamika-plavayuschih-tel.md:body,швартовых,"Динамика плавающих тел
Вашему вниманию предлагается примеры расчета движения тела на поверхности жид",швартовных | швартовы | швартовах,LOW,SPELLING
2018-01-15-novye-proekty-v-ansys-hall-of-fame.md:body,Васа,"Новые проекты в ANSYS Hall of Fame
На сайте ANSYS опубликованы победители конкурса ANSYS Hall of Fam",Вакса | Власа | Аса | Вас | Кваса,LOW,SPELLING
2018-01-15-novye-proekty-v-ansys-hall-of-fame.md:body,превращён,"Новые проекты в ANSYS Hall of Fame
На сайте ANSYS опубликованы победители конкурса ANSYS Hall of Fam",превращен | превращена | превращено | превращены | превращу,LOW,SPELLING
2018-01-16-tendentsii-mira-matematicheskogo-modelirov.md:body,демо,"Тенденции мира математического моделирования
Портал engineering.com подвел итоги ушедшего года и пос",демон | дело | депо | немо | семо,LOW,SPELLING
2018-01-16-tendentsii-mira-matematicheskogo-modelirov.md:body,Тренды,"Тенденции мира математического моделирования
Портал engineering.com подвел итоги ушедшего года и пос",Аренды | Торены | Стенды | Тред | Трудны,LOW,SPELLING
2018-01-16-tendentsii-mira-matematicheskogo-modelirov.md:body,что-то,"Тенденции мира математического моделирования
Портал engineering.com подвел итоги ушедшего года и пос",ото | тот | что | фото | лото,LOW,SPELLING
2018-01-17-nasa-schitaet-aerodinamiku-kvadrokopterov.md:body,дронов,"NASA считает аэродинамику квадрокоптеров
Специалисты NASA рассказали о своем проекте по расчету дрон",донов | адронов | тронов | дон | Дон,LOW,SPELLING
2018-01-17-nasa-schitaet-aerodinamiku-kvadrokopterov.md:body,дронов,"NASA считает аэродинамику квадрокоптеров
Специалисты NASA рассказали о своем проекте по расчету дрон",донов | адронов | тронов | дон | Дон,LOW,SPELLING
2018-01-17-nasa-schitaet-aerodinamiku-kvadrokopterov.md:body,химерных,"NASA считает аэродинамику квадрокоптеров
Специалисты NASA рассказали о своем проекте по расчету дрон",химеричных | мерных | гримерных | примерных | бисерных,LOW,SPELLING
2018-01-17-nasa-schitaet-aerodinamiku-kvadrokopterov.md:body,химерных,"NASA считает аэродинамику квадрокоптеров
Специалисты NASA рассказали о своем проекте по расчету дрон",химеричных | мерных | гримерных | примерных | бисерных,LOW,SPELLING
2018-01-17-vebinary-po-am-ot-ansys.md:body,соответсвуюющим,"Вебинары по AM от ANSYS
23 января ANSYS приглашает всех на вебинар по аддитивным технологиям произво",соответствующим | соответствующий | соответствующими | соответствующем | соответствующие,LOW,SPELLING
2018-01-19-u-nas-poyavilsya-redaktor.md:body,по-другому,"У нас появился редактор
Я долго и упорно пытался бороться со своими ошибками в орфографии и пунктуац",другому | подругу | подручному | подругам | подругою,LOW,SPELLING
2018-01-19-u-nas-poyavilsya-redaktor.md:body,Когда-то,"У нас появился редактор
Я долго и упорно пытался бороться со своими ошибками в орфографии и пунктуац",Когда | Богато | Рогато | Космато | Поддато,LOW,SPELLING
2018-01-19-u-nas-poyavilsya-redaktor.md:body,Хаимовича,"У нас появился редактор
Я долго и упорно пытался бороться со своими ошибками в орфографии и пунктуац",Акимовича | Вадимовича | Ефимовича | Климовича | Наумовича,LOW,SPELLING
2018-01-19-u-nas-poyavilsya-redaktor.md:body,Флориана,"У нас появился редактор
Я долго и упорно пытался бороться со своими ошибками в орфографии и пунктуац",Флорина | Флоринах | Флоринам | Флорин | Флоридина,LOW,SPELLING
2018-01-19-u-nas-poyavilsya-redaktor.md:body,Ментера,"У нас появился редактор
Я долго и упорно пытался бороться со своими ошибками в орфографии и пунктуац",Ментора | Монтера | Мент ера | Мент-ера | Метеора,LOW,SPELLING
2018-01-19-u-nas-poyavilsya-redaktor.md:body,QA-отдел,"У нас появился редактор
Я долго и упорно пытался бороться со своими ошибками в орфографии и пунктуац",Отдел | Отдела | Отделе | Отделу | Отделы,LOW,SPELLING
2018-01-21-spectre-i-meltdown-protiv-ansys.md:body,уязвимостей,"Spectre и Meltdown против ANSYS
В начале этого года прогремели новости об обнаружении уязвимостей пр",уязвим остей | уязвим-остей | уязвимости | уязвимость | уязвимостью,LOW,SPELLING
2018-01-21-spectre-i-meltdown-protiv-ansys.md:body,x86_64,"Spectre и Meltdown против ANSYS
В начале этого года прогремели новости об обнаружении уязвимостей пр",а | и | к | о | я,LOW,SPELLING
2018-01-21-spectre-i-meltdown-protiv-ansys.md:body,уязвимостей,"Spectre и Meltdown против ANSYS
В начале этого года прогремели новости об обнаружении уязвимостей пр",уязвим остей | уязвим-остей | уязвимости | уязвимость | уязвимостью,LOW,SPELLING
2018-01-21-spectre-i-meltdown-protiv-ansys.md:body,уязвимостей,"Spectre и Meltdown против ANSYS
В начале этого года прогремели новости об обнаружении уязвимостей пр",уязвим остей | уязвим-остей | уязвимости | уязвимость | уязвимостью,LOW,SPELLING
2018-01-21-spectre-i-meltdown-protiv-ansys.md:body,баг,"Spectre и Meltdown против ANSYS
В начале этого года прогремели новости об обнаружении уязвимостей пр",благ | баю | баб | бац | бае,LOW,SPELLING
2018-01-21-spectre-i-meltdown-protiv-ansys.md:body,1Rx4,"Spectre и Meltdown против ANSYS
В начале этого года прогремели новости об обнаружении уязвимостей пр",А | И | К | О | Я,LOW,SPELLING
2018-01-21-spectre-i-meltdown-protiv-ansys.md:body,вообще-то,"Spectre и Meltdown против ANSYS
В начале этого года прогремели новости об обнаружении уязвимостей пр",вообще,HIGH,SPELLING
2018-01-21-spectre-i-meltdown-protiv-ansys.md:body,высокооптимизированного,"Spectre и Meltdown против ANSYS
В начале этого года прогремели новости об обнаружении уязвимостей пр",высоко оптимизированного | высоко-оптимизированного,LOW,SPELLING
2018-01-21-spectre-i-meltdown-protiv-ansys.md:body,уязвимостей,"Spectre и Meltdown против ANSYS
В начале этого года прогремели новости об обнаружении уязвимостей пр",уязвим остей | уязвим-остей | уязвимости | уязвимость | уязвимостью,LOW,SPELLING
2018-01-21-spectre-i-meltdown-protiv-ansys.md:body,оказыват,"Spectre и Meltdown против ANSYS
В начале этого года прогремели новости об обнаружении уязвимостей пр",оказывают | оказывает | оказывать | оказываю | оказывай,LOW,SPELLING
2018-01-22-tvitni-svoy-raschet.md:title,Твитни,Твитни свой расчет,Отвинти | Свинти | Твин | Вини | Втисни,LOW,SPELLING
2018-01-22-tvitni-svoy-raschet.md:body,Твитни,"Твитни свой расчет
В то время, как я удивляюсь, что Instagram и WhatsApp стоят на несколько порядков",Отвинти | Свинти | Твин | Вини | Втисни,LOW,SPELLING
2018-01-22-tvitni-svoy-raschet.md:body,расшаривания,"Твитни свой расчет
В то время, как я удивляюсь, что Instagram и WhatsApp стоят на несколько порядков",расшаркивания | распаривания | расхаживание,LOW,SPELLING
2018-01-23-elektromagnitnyy-reshatel-ls-dyna.md:body,решателем,"Электромагнитный решатель LS-DYNA
LSTC очень скрупулезно подходят к подготовке своих учебных материа",вешателем | вешателе | предателем | вешатель | делателем,LOW,SPELLING
2018-01-23-elektromagnitnyy-reshatel-ls-dyna.md:body,гаусовой,"Электромагнитный решатель LS-DYNA
LSTC очень скрупулезно подходят к подготовке своих учебных материа",гауссовой | гауссов | басовой,LOW,SPELLING
2018-01-23-elektromagnitnyy-reshatel-ls-dyna.md:body,решателем,"Электромагнитный решатель LS-DYNA
LSTC очень скрупулезно подходят к подготовке своих учебных материа",вешателем | вешателе | предателем | вешатель | делателем,LOW,SPELLING
2018-01-24-kak-napechatat-velosiped.md:body,Евротур,"Как напечатать велосипед
Компания из Братиславы (тут сразу вспоминается образ города из фильма ""Евро",Евро тур | Евро-тур | Верхотура | Верхотуре | Верхотуру,LOW,SPELLING
2018-01-24-kak-napechatat-velosiped.md:body,стартап,"Как напечатать велосипед
Компания из Братиславы (тут сразу вспоминается образ города из фильма ""Евро",старта | стартах | стартам,LOW,SPELLING
2018-01-26-video-instruktsii-po-ustanovke-ansys-19.md:body,устновке,"Видео инструкции по установке ANSYS 19
Разработчики ANSYS уже опубликовали на своем официальном YouT",установке | остановке | установка | установки | установку,LOW,SPELLING
2018-01-29-ansys-r19-ofitsialno.md:body,что-то,"ANSYS R19 официально
Итак, свершилось! ANSYS R19 стал доступен, о чем нам сообщает официальный сайт ",ото | тот | что | фото | лото,LOW,SPELLING
2018-01-29-ansys-r19-ofitsialno.md:body,преднапряженного,"ANSYS R19 официально
Итак, свершилось! ANSYS R19 стал доступен, о чем нам сообщает официальный сайт ",пред напряженного | пред-напряженного | перенапряженного | перенапряженный | перенапряженною,LOW,SPELLING
2018-01-30-glubokaya-vytyazhka-urok.md:body,пружинения,"Глубокая вытяжка - урок
Не полный, но очень полезный видео урок по моделированию процесса глубокой в",пружинная | причинения | пружинный | причинение | пружинящий,LOW,SPELLING
2018-01-30-glubokaya-vytyazhka-urok.md:body,загрублением,"Глубокая вытяжка - урок
Не полный, но очень полезный видео урок по моделированию процесса глубокой в",заглублением | огрублением | заглубление | награблением | закруглением,LOW,SPELLING
2018-01-31-delaem-27-mi-uzlovye-elementy-v-ls-prepo.md:body,видеоурок,"Делаем 27-ми узловые элементы в LS-PrePost
Малюсенький видеоурок, показывающий как построить 27 узло",видео урок | видео-урок | видеотека | видеотек | видеотеке,LOW,SPELLING
2018-02-01-ushel-iz-zhizni-richard-maknil-odin-iz-otts.md:title,МакНил,"Ушел из жизни Ричард МакНил, один из отцов MSC и Nastran",Макни | Манил | Макнул | Мак Нил | Мак-Нил,LOW,SPELLING
2018-02-01-ushel-iz-zhizni-richard-maknil-odin-iz-otts.md:body,МакНил,"Ушел из жизни Ричард МакНил, один из отцов MSC и Nastran


Доктор Ричард МакНил (Dr. Richard H. MacN",Макни | Манил | Макнул | Мак Нил | Мак-Нил,LOW,SPELLING
2018-02-01-ushel-iz-zhizni-richard-maknil-odin-iz-otts.md:body,МакНил,"Ушел из жизни Ричард МакНил, один из отцов MSC и Nastran


Доктор Ричард МакНил (Dr. Richard H. MacN",Макни | Манил | Макнул | Мак Нил | Мак-Нил,LOW,SPELLING
2018-02-01-ushel-iz-zhizni-richard-maknil-odin-iz-otts.md:body,Швендлер,"Ушел из жизни Ричард МакНил, один из отцов MSC и Nastran


Доктор Ричард МакНил (Dr. Richard H. MacN",Швеллер | Швеллера | Швеллере | Швеллеру | Швеллеры,LOW,SPELLING
2018-02-01-ushel-iz-zhizni-richard-maknil-odin-iz-otts.md:body,МакНил,"Ушел из жизни Ричард МакНил, один из отцов MSC и Nastran


Доктор Ричард МакНил (Dr. Richard H. MacN",Макни | Манил | Макнул | Мак Нил | Мак-Нил,LOW,SPELLING
2018-02-01-ushel-iz-zhizni-richard-maknil-odin-iz-otts.md:body,МакНил,"Ушел из жизни Ричард МакНил, один из отцов MSC и Nastran


Доктор Ричард МакНил (Dr. Richard H. MacN",Макни | Манил | Макнул | Мак Нил | Мак-Нил,LOW,SPELLING
2018-02-01-ushel-iz-zhizni-richard-maknil-odin-iz-otts.md:body,Швендлер,"Ушел из жизни Ричард МакНил, один из отцов MSC и Nastran


Доктор Ричард МакНил (Dr. Richard H. MacN",Швеллер | Швеллера | Швеллере | Швеллеру | Швеллеры,LOW,SPELLING
2018-02-01-ushel-iz-zhizni-richard-maknil-odin-iz-otts.md:body,МакНила,"Ушел из жизни Ричард МакНил, один из отцов MSC и Nastran


Доктор Ричард МакНил (Dr. Richard H. MacN",Манила | Макнула | Мак Нила | Мак-Нила | Манить,LOW,SPELLING
2018-02-01-ushel-iz-zhizni-richard-maknil-odin-iz-otts.md:body,МакНил,"Ушел из жизни Ричард МакНил, один из отцов MSC и Nastran


Доктор Ричард МакНил (Dr. Richard H. MacN",Макни | Манил | Макнул | Мак Нил | Мак-Нил,LOW,SPELLING
2018-02-02-znakomimsya-s-metafor.md:body,Льежского,"Знакомимся с METAFOR
Сегодня у нас в меню Metafor - бесплатный решатель с открытым исходным кодом от",Ленского | Онежского | Ленский | Онежский,LOW,SPELLING
2018-02-02-znakomimsya-s-metafor.md:body,решателем,"Знакомимся с METAFOR
Сегодня у нас в меню Metafor - бесплатный решатель с открытым исходным кодом от",вешателем | вешателе | предателем | вешатель | делателем,LOW,SPELLING
2018-02-02-znakomimsya-s-metafor.md:body,слошинг,"Знакомимся с METAFOR
Сегодня у нас в меню Metafor - бесплатный решатель с открытым исходным кодом от",слябинг | смокинг | блошиный,LOW,SPELLING
2018-02-02-znakomimsya-s-metafor.md:body,рашателя,"Знакомимся с METAFOR
Сегодня у нас в меню Metafor - бесплатный решатель с открытым исходным кодом от",гадателя | карателя | радетеля | ругателя | вешателя,LOW,SPELLING
2018-02-03-samoe-vkusnoe-v-ansys-19-po-versii-ansys.md:body,блоге,"Самое вкусное в ANSYS 19 по версии ANSYS
Компания ANSYS в своем блоге представила свой список самых ",боге | логе | благе | блохе | блоке,LOW,SPELLING
2018-02-03-samoe-vkusnoe-v-ansys-19-po-versii-ansys.md:body,площадьи,"Самое вкусное в ANSYS 19 по версии ANSYS
Компания ANSYS в своем блоге представила свой список самых ",площади | площадь | площадки | площадью,LOW,SPELLING
2018-02-03-samoe-vkusnoe-v-ansys-19-po-versii-ansys.md:body,объекста,"Самое вкусное в ANSYS 19 по версии ANSYS
Компания ANSYS в своем блоге представила свой список самых ",объекта | объектах | объектам | объект | объест,LOW,SPELLING
2018-02-03-samoe-vkusnoe-v-ansys-19-po-versii-ansys.md:body,встраемого,"Самое вкусное в ANSYS 19 по версии ANSYS
Компания ANSYS в своем блоге представила свой список самых ",стираемого | втираемого | встречаемого | вытираемого | вбираемого,LOW,SPELLING
2018-02-04-random-vibration-i-fatigue-analisys-v-od.md:body,видеоурок,"Random vibration и Fatigue analisys в одном расчете
Итак, сегодня у нас видеоурок по расчету усталос",видео урок | видео-урок | видеотека | видеотек | видеотеке,LOW,SPELLING
2018-02-04-random-vibration-i-fatigue-analisys-v-od.md:body,определённой,"Random vibration и Fatigue analisys в одном расчете
Итак, сегодня у нас видеоурок по расчету усталос",определенной | определенно | определенней | определенною | определенное,LOW,SPELLING
2018-02-05-podrobnosti-o-raschete-effektivnoy-otrazh.md:body,Эффекти,Одним из наиболее значимых нововведений 19-ого релиза ANSYS стала возможность рассчитывать эффективн,Эффект | Эффекта | Эффекте | Эффекту | Эффекты,LOW,SPELLING
2018-02-05-podrobnosti-o-raschete-effektivnoy-otrazh.md:body,вная,Одним из наиболее значимых нововведений 19-ого релиза ANSYS стала возможность рассчитывать эффективн,Ваня | явная | юная | иная | оная,LOW,SPELLING
2018-02-05-podrobnosti-o-raschete-effektivnoy-otrazh.md:body,пло,Одним из наиболее значимых нововведений 19-ого релиза ANSYS стала возможность рассчитывать эффективн,пол | пало | пело | пило | плод,LOW,SPELLING
2018-02-05-podrobnosti-o-raschete-effektivnoy-otrazh.md:body,щадь,Одним из наиболее значимых нововведений 19-ого релиза ANSYS стала возможность рассчитывать эффективн,гадь | ладь | щади | щадя | гадить,LOW,SPELLING
2018-02-05-podrobnosti-o-raschete-effektivnoy-otrazh.md:body,рассе,Одним из наиболее значимых нововведений 19-ого релиза ANSYS стала возможность рассчитывать эффективн,рассею | рассей | рассек | рассев | расе,LOW,SPELLING
2018-02-05-podrobnosti-o-raschete-effektivnoy-otrazh.md:body,яния,Одним из наиболее значимых нововведений 19-ого релиза ANSYS стала возможность рассчитывать эффективн,уния | янки | линя | ни | няня,LOW,SPELLING
2018-02-05-podrobnosti-o-raschete-effektivnoy-otrazh.md:body,пове,Одним из наиболее значимых нововведений 19-ого релиза ANSYS стала возможность рассчитывать эффективн,поев | плове | повел | повес | повез,LOW,SPELLING
2018-02-05-podrobnosti-o-raschete-effektivnoy-otrazh.md:body,рхность,Одним из наиболее значимых нововведений 19-ого релиза ANSYS стала возможность рассчитывать эффективн,разность | ревность | ровность | рядность | рьяность,LOW,SPELLING
2018-02-05-podrobnosti-o-raschete-effektivnoy-otrazh.md:body,попере,Одним из наиболее значимых нововведений 19-ого релиза ANSYS стала возможность рассчитывать эффективн,поперед | поперек | опере | попер | покере,LOW,SPELLING
2018-02-05-podrobnosti-o-raschete-effektivnoy-otrazh.md:body,чник,Одним из наиболее значимых нововведений 19-ого релиза ANSYS стала возможность рассчитывать эффективн,ник | чик | очник | сник | вник,LOW,SPELLING
2018-02-05-podrobnosti-o-raschete-effektivnoy-otrazh.md:body,отража,Одним из наиболее значимых нововведений 19-ого релиза ANSYS стала возможность рассчитывать эффективн,отражаю | отражай | отражал | отражая | отрада,LOW,SPELLING
2018-02-05-podrobnosti-o-raschete-effektivnoy-otrazh.md:body,ющая,Одним из наиболее значимых нововведений 19-ого релиза ANSYS стала возможность рассчитывать эффективн,юная | юаня | щадя | юлящая | юркая,LOW,SPELLING
2018-02-05-podrobnosti-o-raschete-effektivnoy-otrazh.md:body,переизлучателем,Одним из наиболее значимых нововведений 19-ого релиза ANSYS стала возможность рассчитывать эффективн,пере излучателем | пере-излучателем,LOW,SPELLING
2018-02-05-podrobnosti-o-raschete-effektivnoy-otrazh.md:body,создаёт,Одним из наиболее значимых нововведений 19-ого релиза ANSYS стала возможность рассчитывать эффективн,создают | создает | создаст | создавать | сознавать,LOW,SPELLING
2018-02-06-modelirovanie-rezki-metalla-bessetochnym.md:title,бессеточным,Моделирование резки металла бессеточным методом Галеркина,бессточным | бес сеточным | бес-сеточным | бессточными | беседочным,LOW,SPELLING
2018-02-06-modelirovanie-rezki-metalla-bessetochnym.md:title,Галеркина,Моделирование резки металла бессеточным методом Галеркина,Галерки на | Галерки-на | Галерка | Галерки | Балерина,LOW,SPELLING
2018-02-06-modelirovanie-rezki-metalla-bessetochnym.md:body,бессеточным,"Моделирование резки металла бессеточным методом Галеркина
EFG - ElementFree Galerkin Method, он же б",бессточным | бес сеточным | бес-сеточным | бессточными | беседочным,LOW,SPELLING
2018-02-06-modelirovanie-rezki-metalla-bessetochnym.md:body,Галеркина,"Моделирование резки металла бессеточным методом Галеркина
EFG - ElementFree Galerkin Method, он же б",Галерки на | Галерки-на | Галерка | Галерки | Балерина,LOW,SPELLING
2018-02-06-modelirovanie-rezki-metalla-bessetochnym.md:body,бессеточный,"Моделирование резки металла бессеточным методом Галеркина
EFG - ElementFree Galerkin Method, он же б",бессточный | бес сеточный | бес-сеточный | беседочный | бессрочный,LOW,SPELLING
2018-02-06-modelirovanie-rezki-metalla-bessetochnym.md:body,Галеркина,"Моделирование резки металла бессеточным методом Галеркина
EFG - ElementFree Galerkin Method, он же б",Галерки на | Галерки-на | Галерка | Галерки | Балерина,LOW,SPELLING
2018-02-06-modelirovanie-rezki-metalla-bessetochnym.md:body,видеопример,"Моделирование резки металла бессеточным методом Галеркина
EFG - ElementFree Galerkin Method, он же б",видео пример | видео-пример,LOW,SPELLING
2018-02-07-raschet-podryva-zhb-plity-s-uchetom-fragmen.md:body,заморачиваться,"Расчет подрыва ЖБ плиты с учетом фрагментации
Очень красивый пример от LSTC, демонстрирующий работу ",замораживаться | заворачиваться | наворачиваться,LOW,SPELLING
2018-02-07-raschet-podryva-zhb-plity-s-uchetom-fragmen.md:body,эйлеров,"Расчет подрыва ЖБ плиты с учетом фрагментации
Очень красивый пример от LSTC, демонстрирующий работу ",эклеров | Эйлером | эклер,LOW,SPELLING
2018-02-09-elektromagnitnyy-reshatel-ls-dyna-dobav.md:body,видеоурок,"Электромагнитный решатель LS-DYNA: добавим больше физики
Продолжаем знакомиться с  возможностями реш",видео урок | видео-урок | видеотека | видеотек | видеотеке,LOW,SPELLING
2018-02-10-poschitaem-badminton.md:body,демо,"Посчитаем бадминтон
Отличное техническое демо от Altair по моделированию динамики взаимодействия вал",демон | дело | депо | немо | семо,LOW,SPELLING
2018-02-10-poschitaem-badminton.md:body,валанчика,"Посчитаем бадминтон
Отличное техническое демо от Altair по моделированию динамики взаимодействия вал",воланчика | воланчиках | воланчикам | калачика | планчика,LOW,SPELLING
2018-02-10-poschitaem-badminton.md:body,cделана,"Посчитаем бадминтон
Отличное техническое демо от Altair по моделированию динамики взаимодействия вал",делана | сделана | вделана,LOW,SPELLING
2018-02-10-poschitaem-badminton.md:body,фотореалистичная,"Посчитаем бадминтон
Отличное техническое демо от Altair по моделированию динамики взаимодействия вал",фото реалистичная | фото-реалистичная,LOW,SPELLING
2018-02-11-izuchaem-femap-i-nx-nastran.md:body,cерию,"Изучаем Femap и NX Nastran
Коллеги из CADIS подготовили cерию обучающих вебинаров по NX и Femap

 Бу",церию | серию | арию,LOW,SPELLING
2018-02-12-drop-testy-s-ansysls-dyna.md:title,Дроп-тесты,Дроп-тесты с ANSYS/LS-DYNA,Протесты | Протест | Протеста | Протесте | Протесту,LOW,SPELLING
2018-02-12-drop-testy-s-ansysls-dyna.md:body,Дроп-тесты,"Дроп-тесты с ANSYS/LS-DYNA
Коллеги из британо-ирландского CADFEM собрали небольшую презентацию по ра",Протесты | Протест | Протеста | Протесте | Протесту,LOW,SPELLING
2018-02-12-drop-testy-s-ansysls-dyna.md:body,дроп-тестов,"Дроп-тесты с ANSYS/LS-DYNA
Коллеги из британо-ирландского CADFEM собрали небольшую презентацию по ра",протестов | протест | протестом,LOW,SPELLING
2018-02-12-drop-testy-s-ansysls-dyna.md:body,дроп-тестов,"Дроп-тесты с ANSYS/LS-DYNA
Коллеги из британо-ирландского CADFEM собрали небольшую презентацию по ра",протестов | протест | протестом,LOW,SPELLING
2018-02-12-drop-testy-s-ansysls-dyna.md:body,дроп-тесты,"Дроп-тесты с ANSYS/LS-DYNA
Коллеги из британо-ирландского CADFEM собрали небольшую презентацию по ра",протесты | протест | протеста | протесте | протесту,LOW,SPELLING
2018-02-13-optimizatsiya-formy-cherez-caeses-dlya-ansys.md:body,схематику,"Оптимизация формы через CAESES для ANSYS
Сегодня мы посмотрим, как встроить CAESES в схематику проек",схема тику | схема-тику | семантику | схематизму | схизматику,LOW,SPELLING
2018-02-14-zadacha-gertsa-dlya-teh-kto-nachinaet-izucha.md:body,по-русски,"Задача Герца для тех, кто начинает изучать контакты
Один из базовых тестовых примеров, позволяющих п",пруссаки | прусские | прусских | прусский | прусским,LOW,SPELLING
2018-02-14-zadacha-gertsa-dlya-teh-kto-nachinaet-izucha.md:body,аналитикой,"Задача Герца для тех, кто начинает изучать контакты
Один из базовых тестовых примеров, позволяющих п",аналитиком | аналитиков | аналитик ой | аналитик-ой | аналитик,LOW,SPELLING
2018-02-15-izuchaem-rabotu-menedzhera-litsenziy-ansys.md:body,нечно,"Изучаем работу менеджера лицензий ANSYS
Лицензии ANSYS — сетевые, плавающие, с конкурентной моделью ",нежно | нечто | вечно | небный | нежный,LOW,SPELLING
2018-02-17-k-slovu-o-rezke-metalla-v-ls-dyna.md:body,бессеточному,"К слову о резке металла в LS-DYNA
Разберем небольшой пример по моделированию процесса резки металла ",бессточному | бес сеточному | бес-сеточному | бессточном | беседочному,LOW,SPELLING
2018-02-17-k-slovu-o-rezke-metalla-v-ls-dyna.md:body,Галеркина,"К слову о резке металла в LS-DYNA
Разберем небольшой пример по моделированию процесса резки металла ",Галерки на | Галерки-на | Галерка | Галерки | Балерина,LOW,SPELLING
2018-02-17-k-slovu-o-rezke-metalla-v-ls-dyna.md:body,видеодемонстрация,"К слову о резке металла в LS-DYNA
Разберем небольшой пример по моделированию процесса резки металла ",видео демонстрация | видео-демонстрация,LOW,SPELLING
2018-02-18-opisanie-biblioteki-materialov-autodyn.md:body,Чемезова,"Описание библиотеки материалов AUTODYN
На днях я искал теорию по одной хорошей модели материала для ",Кемерово | Пемзовый | Березовый,LOW,SPELLING
2018-02-19-nado-bolshe-uzlov.md:body,невышедшим,"!!
Совсем недавно я писал про то, как LSTC реализовали новые чудесные 27-узловые solid элементы в LS",не вышедшим | не-вышедшим | вышедшим | вышедший | вышедшими,LOW,SPELLING
2018-02-19-nado-bolshe-uzlov.md:body,елементам,"!!
Совсем недавно я писал про то, как LSTC реализовали новые чудесные 27-узловые solid элементы в LS",элементам | еле ментам | еле-ментам | элементами | элемент,LOW,SPELLING
2018-02-20-ansys-discovery-aim-19.md:body,нововедений,"ANSYS Discovery AIM 19
ANSYS AIM с 19-ого релиза входит в состав семейства продуктов Discovery. Сам ",нововведений | нововведению | нововведение | нововведении | нововведения,LOW,SPELLING
2018-02-20-ansys-discovery-aim-19.md:body,наконец-то,"ANSYS Discovery AIM 19
ANSYS AIM с 19-ого релиза входит в состав семейства продуктов Discovery. Сам ",наконец | наконечный | наконечною | наконечное | наконечной,LOW,SPELLING
2018-02-21-topologicheskaya-optimizatsiya-v-featool.md:body,Шинтаро,"Топологическая оптимизация в FEATool
В связке FEATool Multiphysics + Matlab или Octave оказывается д",Гитара | Чинара | Гитарою | Гитарой | Чинарою,LOW,SPELLING
2018-02-21-topologicheskaya-optimizatsiya-v-featool.md:body,Ямасаки,"Топологическая оптимизация в FEATool
В связке FEATool Multiphysics + Matlab или Octave оказывается д",Мастаки | Маски | Макаки | Ямайки | Ямайский,LOW,SPELLING
2018-02-21-topologicheskaya-optimizatsiya-v-featool.md:body,Осаки,"Топологическая оптимизация в FEATool
В связке FEATool Multiphysics + Matlab или Octave оказывается д",Осадки | Осанки | Осади | Осами | Осоки,LOW,SPELLING
2018-02-23-elektromagnitnyy-reshatel-ls-dyna-svyazk.md:body,решателем,Сегодня 4-ая часть серии учебных видео по работе с EM решателем LS-DYNA. И сегодня мы перейдем к раз,вешателем | вешателе | предателем | вешатель | делателем,LOW,SPELLING
2018-02-23-elektromagnitnyy-reshatel-ls-dyna-svyazk.md:body,осуществлятеся,Сегодня 4-ая часть серии учебных видео по работе с EM решателем LS-DYNA. И сегодня мы перейдем к раз,осуществляется | осуществляться | осуществляются,LOW,SPELLING
2018-02-23-elektromagnitnyy-reshatel-ls-dyna-svyazk.md:body,свзка,Сегодня 4-ая часть серии учебных видео по работе с EM решателем LS-DYNA. И сегодня мы перейдем к раз,свозка | связка | явка,LOW,SPELLING
2018-02-23-elektromagnitnyy-reshatel-ls-dyna-svyazk.md:body,электромагнитизма,Сегодня 4-ая часть серии учебных видео по работе с EM решателем LS-DYNA. И сегодня мы перейдем к раз,электромагнетизма | электромагнетизм | электромагнетизме | электромагнетизму,LOW,SPELLING
2018-02-23-elektromagnitnyy-reshatel-ls-dyna-svyazk.md:body,допущеня,Сегодня 4-ая часть серии учебных видео по работе с EM решателем LS-DYNA. И сегодня мы перейдем к раз,допущения | допущен | допущена | допущено | допущены,LOW,SPELLING
2018-02-23-elektromagnitnyy-reshatel-ls-dyna-svyazk.md:body,Максвела,Сегодня 4-ая часть серии учебных видео по работе с EM решателем LS-DYNA. И сегодня мы перейдем к раз,Максвелла | Максвелл | Мак свела | Мак-свела | Макс вела,LOW,SPELLING
2018-02-23-elektromagnitnyy-reshatel-ls-dyna-svyazk.md:body,постновке,Сегодня 4-ая часть серии учебных видео по работе с EM решателем LS-DYNA. И сегодня мы перейдем к раз,постановке | подстановке | остановке | постановка | постановки,LOW,SPELLING
2018-02-23-elektromagnitnyy-reshatel-ls-dyna-svyazk.md:body,поравилась,Сегодня 4-ая часть серии учебных видео по работе с EM решателем LS-DYNA. И сегодня мы перейдем к раз,оправилась | понравилась | поправилась | правилась | подавилась,LOW,SPELLING
2018-02-23-elektromagnitnyy-reshatel-ls-dyna-svyazk.md:body,незваисимо,Сегодня 4-ая часть серии учебных видео по работе с EM решателем LS-DYNA. И сегодня мы перейдем к раз,независимо | независимою | независимое | независимой | независимом,LOW,SPELLING
2018-02-23-elektromagnitnyy-reshatel-ls-dyna-svyazk.md:body,прочтости,Сегодня 4-ая часть серии учебных видео по работе с EM решателем LS-DYNA. И сегодня мы перейдем к раз,прочности | порочности | кротости | прорости | прочисти,LOW,SPELLING
2018-02-23-elektromagnitnyy-reshatel-ls-dyna-svyazk.md:body,постновки,Сегодня 4-ая часть серии учебных видео по работе с EM решателем LS-DYNA. И сегодня мы перейдем к раз,постановки | подстановки | остановки | постанови | постановка,LOW,SPELLING
2018-02-23-elektromagnitnyy-reshatel-ls-dyna-svyazk.md:body,вожный,Сегодня 4-ая часть серии учебных видео по работе с EM решателем LS-DYNA. И сегодня мы перейдем к раз,кожный | ложный | важный | водный,LOW,SPELLING
2018-02-23-elektromagnitnyy-reshatel-ls-dyna-svyazk.md:body,постновку,Сегодня 4-ая часть серии учебных видео по работе с EM решателем LS-DYNA. И сегодня мы перейдем к раз,постановку | подстановку | остановку | постановка | постановке,LOW,SPELLING
2018-02-23-elektromagnitnyy-reshatel-ls-dyna-svyazk.md:body,решателем,Сегодня 4-ая часть серии учебных видео по работе с EM решателем LS-DYNA. И сегодня мы перейдем к раз,вешателем | вешателе | предателем | вешатель | делателем,LOW,SPELLING
2018-02-23-elektromagnitnyy-reshatel-ls-dyna-svyazk.md:body,электромагнитизма,Сегодня 4-ая часть серии учебных видео по работе с EM решателем LS-DYNA. И сегодня мы перейдем к раз,электромагнетизма | электромагнетизм | электромагнетизме | электромагнетизму,LOW,SPELLING
2018-02-24-optimizatsiya-topologii-ot-caess-protop.md:body,распространённых,"Оптимизация топологии от CAESS ProTOp
Сегодня у нас на повестке дня очередное решение по поиску опти",распространенных | распространенные | распространенный | распространенным,LOW,SPELLING
2018-02-24-optimizatsiya-topologii-ot-caess-protop.md:body,ферменных,"Оптимизация топологии от CAESS ProTOp
Сегодня у нас на повестке дня очередное решение по поиску опти",ферментных | фирменных | форменных | фурменных,LOW,SPELLING
2018-02-24-optimizatsiya-topologii-ot-caess-protop.md:body,какие-то,"Оптимизация топологии от CAESS ProTOp
Сегодня у нас на повестке дня очередное решение по поиску опти",карета | ракета | ракита | кассета | калиевый,LOW,SPELLING
2018-02-24-optimizatsiya-topologii-ot-caess-protop.md:body,полупластические,"Оптимизация топологии от CAESS ProTOp
Сегодня у нас на повестке дня очередное решение по поиску опти",полу пластические | полу-пластические,LOW,SPELLING
2018-02-24-optimizatsiya-topologii-ot-caess-protop.md:body,полуконтактные,"Оптимизация топологии от CAESS ProTOp
Сегодня у нас на повестке дня очередное решение по поиску опти",полу контактные | полу-контактные,LOW,SPELLING
2018-02-27-chto-mozhet-ansys-v-additivnyh-tehnologiyah.md:body,демо,"Что может ANSYS в аддитивных технологиях
Аддитивные технологии сейчас переживают бурный расцвет — вс",демон | дело | депо | немо | семо,LOW,SPELLING
2018-02-27-chto-mozhet-ansys-v-additivnyh-tehnologiyah.md:body,видеоурок,"Что может ANSYS в аддитивных технологиях
Аддитивные технологии сейчас переживают бурный расцвет — вс",видео урок | видео-урок | видеотека | видеотек | видеотеке,LOW,SPELLING
2018-02-27-chto-mozhet-ansys-v-additivnyh-tehnologiyah.md:body,видеоурок,"Что может ANSYS в аддитивных технологиях
Аддитивные технологии сейчас переживают бурный расцвет — вс",видео урок | видео-урок | видеотека | видеотек | видеотеке,LOW,SPELLING
2018-02-28-zadachi-mehaniki-na-poliedralnyh-setkah.md:body,высоконелинейных,"Задачи механики на полиэдральных сетках
Что бы вы сказали, если бы нашелся explicit или implicit реш",высоко нелинейных | высоко-нелинейных,LOW,SPELLING
2018-02-28-zadachi-mehaniki-na-poliedralnyh-setkah.md:body,полиэдальных,"Задачи механики на полиэдральных сетках
Что бы вы сказали, если бы нашелся explicit или implicit реш",поливальных | поливальный | поливальные | поливальным,LOW,SPELLING
2018-03-01-beton-v-ansys-182.md:body,бетонов,"Бетон в ANSYS 18.2
Бетон — это, можно сказать, моя страсть! В ANSYS 18.2 появился целый Geomechanica",батонов | бетонок | бетоном | бутонов | кетонов,LOW,SPELLING
2018-03-01-beton-v-ansys-182.md:body,кубиковой,"Бетон в ANSYS 18.2
Бетон — это, можно сказать, моя страсть! В ANSYS 18.2 появился целый Geomechanica",кубковой | кубиков ой | кубиков-ой | кубиков | кубовой,LOW,SPELLING
2018-03-01-beton-v-ansys-182.md:body,просность,"Бетон в ANSYS 18.2
Бетон — это, можно сказать, моя страсть! В ANSYS 18.2 появился целый Geomechanica",пресность | прочность | броскость,LOW,SPELLING
2018-03-01-beton-v-ansys-182.md:body,вощники,"Бетон в ANSYS 18.2
Бетон — это, можно сказать, моя страсть! В ANSYS 18.2 появился целый Geomechanica",водники | вощанки | вощении | гонщики | лощинки,LOW,SPELLING
2018-03-02-perehod-ot-vof-k-dpm-vo-fluent-190.md:body,распыла,"Переход от VOF к DPM во Fluent 19.0
Очередная крутая функция ANSYS Fluent 19.0 — теперь для расчета ",распила | распяла | распылю | распыли | рас пыла,LOW,SPELLING
2018-03-03-modelirovanie-kompozitsionnogo-materiala.md:body,расчитывать,Центр композиционных материалов Делавэрского университета разработал очень интересную модель материа,рассчитывать | насчитывать | засчитывать | рас читывать | рас-читывать,LOW,SPELLING
2018-03-04-rabota-s-kompozitami-v-hypermesh.md:body,как-то,"Работа с композитами в HyperMesh
У Altair в рамках проекта Altair University вышли уроки по работе с",факто | какао | акт,LOW,SPELLING
2018-03-04-rabota-s-kompozitami-v-hypermesh.md:body,неинтуитивно,"Работа с композитами в HyperMesh
У Altair в рамках проекта Altair University вышли уроки по работе с",не интуитивно | не-интуитивно | интуитивно | интуитивною | интуитивное,LOW,SPELLING
2018-03-04-rabota-s-kompozitami-v-hypermesh.md:body,интефейс,"Работа с композитами в HyperMesh
У Altair в рамках проекта Altair University вышли уроки по работе с",интерфейс | интерфейса | интерфейсе | интерфейсу | интерфейсы,LOW,SPELLING
2018-03-05-snaryad-i-sph-plita.md:body,недеформируемого,"Снаряд и SPH плита
Ничего особенного: просто красивые результаты попадания недеформируемого снаряда ",не деформируемого | не-деформируемого | деформируемого | деформируемый | деформируемою,LOW,SPELLING
2018-03-06-likbez-po-additivnym-tehnologiyam-proizvo.md:title,ЛикБез,ЛикБез по аддитивным технологиям производства,Ликбез | Ликбеза | Ликбезе | Ликбезу | Лик Без,LOW,SPELLING
2018-03-06-likbez-po-additivnym-tehnologiyam-proizvo.md:body,ЛикБез,"ЛикБез по аддитивным технологиям производства
Сейчас я активное разбираюсь с аддитивными технологиям",Ликбез | Ликбеза | Ликбезе | Ликбезу | Лик Без,LOW,SPELLING
2018-03-06-likbez-po-additivnym-tehnologiyam-proizvo.md:body,Довбыш,"ЛикБез по аддитивным технологиям производства
Сейчас я активное разбираюсь с аддитивными технологиям",Добыт | Добыча | Добытый,LOW,SPELLING
2018-03-06-likbez-po-additivnym-tehnologiyam-proizvo.md:body,Забеднов,"ЛикБез по аддитивным технологиям производства
Сейчас я активное разбираюсь с аддитивными технологиям",Забегов | Забреду | Забег | Забей | Забеги,LOW,SPELLING
2018-03-06-likbez-po-additivnym-tehnologiyam-proizvo.md:body,Внештехника,"ЛикБез по аддитивным технологиям производства
Сейчас я активное разбираюсь с аддитивными технологиям",Внеш техника | Внеш-техника,LOW,SPELLING
2018-03-06-likbez-po-additivnym-tehnologiyam-proizvo.md:body,Зленко,"ЛикБез по аддитивным технологиям производства
Сейчас я активное разбираюсь с аддитивными технологиям",Ленок | Зеленкою | Зеленкой | Зенок | Ленком,LOW,SPELLING
2018-03-06-likbez-po-additivnym-tehnologiyam-proizvo.md:body,Зленко,"ЛикБез по аддитивным технологиям производства
Сейчас я активное разбираюсь с аддитивными технологиям",Ленок | Зеленкою | Зеленкой | Зенок | Ленком,LOW,SPELLING
2018-03-06-likbez-po-additivnym-tehnologiyam-proizvo.md:body,припекаться,"ЛикБез по аддитивным технологиям производства
Сейчас я активное разбираюсь с аддитивными технологиям",припекать | привлекаться | приедаться | припекутся | пререкаться,LOW,SPELLING
2018-03-06-likbez-po-additivnym-tehnologiyam-proizvo.md:body,последующиз,"ЛикБез по аддитивным технологиям производства
Сейчас я активное разбираюсь с аддитивными технологиям",последующие | последующих | последующий | последующим,LOW,SPELLING
2018-03-06-likbez-po-additivnym-tehnologiyam-proizvo.md:body,Симонс,"ЛикБез по аддитивным технологиям производства
Сейчас я активное разбираюсь с аддитивными технологиям",Лимон | Сифон | Силос | Кимоно | Лимона,LOW,SPELLING
2018-03-06-likbez-po-additivnym-tehnologiyam-proizvo.md:body,моллионов,"ЛикБез по аддитивным технологиям производства
Сейчас я активное разбираюсь с аддитивными технологиям",миллионов | миллион | биллион,LOW,SPELLING
2018-03-06-likbez-po-additivnym-tehnologiyam-proizvo.md:body,большинсвто,"ЛикБез по аддитивным технологиям производства
Сейчас я активное разбираюсь с аддитивными технологиям",большинство | большинством | большинства | большинстве | большинству,LOW,SPELLING
2018-03-06-likbez-po-additivnym-tehnologiyam-proizvo.md:body,зананий,"ЛикБез по аддитивным технологиям производства
Сейчас я активное разбираюсь с аддитивными технологиям",знаний | заданий | аханье,LOW,SPELLING
2018-03-10-live-parts-ot-desktop-metal-optimizatsi.md:body,mp4,"Desktop Metal Lab ( ) показали технологию оптимизации формы конструкции в реальном времени!





sou",а | и | к | о | я,LOW,SPELLING
2018-03-10-live-parts-ot-desktop-metal-optimizatsi.md:body,mp4,"Desktop Metal Lab ( ) показали технологию оптимизации формы конструкции в реальном времени!





sou",а | и | к | о | я,LOW,SPELLING
2018-03-10-live-parts-ot-desktop-metal-optimizatsi.md:body,демо,"Desktop Metal Lab ( ) показали технологию оптимизации формы конструкции в реальном времени!





sou",демон | дело | депо | немо | семо,LOW,SPELLING
2018-03-10-live-parts-ot-desktop-metal-optimizatsi.md:body,оптимизаию,"Desktop Metal Lab ( ) показали технологию оптимизации формы конструкции в реальном времени!





sou",оптимизацию | оптимизациею | оптимизации | оптимизаций | оптимизация,LOW,SPELLING
2018-03-11-dva-uroka-po-rabote-s-ls-dyna-keyword-v.md:body,публикацияи,"Если вы следите за публикацияи MDPD, то вы занете о существовании замечатьельной бесплатной открытой",публикациями | публикации | публикация | публикациях | публикациям,LOW,SPELLING
2018-03-11-dva-uroka-po-rabote-s-ls-dyna-keyword-v.md:body,занете,"Если вы следите за публикацияи MDPD, то вы занете о существовании замечатьельной бесплатной открытой",знаете | загнете | замнете | заноете | заснете,LOW,SPELLING
2018-03-11-dva-uroka-po-rabote-s-ls-dyna-keyword-v.md:body,замечатьельной,"Если вы следите за публикацияи MDPD, то вы занете о существовании замечатьельной бесплатной открытой",замечательной | замечательно | замечательней | замечательною | замечательное,LOW,SPELLING
2018-03-11-dva-uroka-po-rabote-s-ls-dyna-keyword-v.md:body,Сегодя,"Если вы следите за публикацияи MDPD, то вы занете о существовании замечатьельной бесплатной открытой",Сегодня | Сего | Негодяю | Негодяе | Негодяи,LOW,SPELLING
2018-03-11-dva-uroka-po-rabote-s-ls-dyna-keyword-v.md:body,билиотека,"Если вы следите за публикацияи MDPD, то вы занете о существовании замечатьельной бесплатной открытой",библиотека | били отека | били-отека | библиотеках | библиотекам,LOW,SPELLING
2018-03-19-osnovy-sph.md:body,блоге,"Основы SPH
Altair в своем блоге подготовил первую часть рассказа про метод гидродинамики сглаженных ",боге | логе | благе | блохе | блоке,LOW,SPELLING
2018-03-19-osnovy-sph.md:body,основые,"Основы SPH
Altair в своем блоге подготовил первую часть рассказа про метод гидродинамики сглаженных ",осиновые | основные | основе | основы | сосновые,LOW,SPELLING
2018-03-20-sph-v-ls-dyna-proryv-platiny-i-sloshing.md:title,слошинг,SPH в LS-DYNA: прорыв платины и слошинг,слябинг | смокинг | блошиный,LOW,SPELLING
2018-03-20-sph-v-ls-dyna-proryv-platiny-i-sloshing.md:body,слошинг,"SPH в LS-DYNA: прорыв платины и слошинг
Продолжая разговор о SHP методе, стоит отметить, что он реал",слябинг | смокинг | блошиный,LOW,SPELLING
2018-03-21-modelirovanie-treschin-v-ansys-osnovy.md:body,трещенообразования,"Моделирование трещин в ANSYS: основы
На днях я нашел серию учебных видео по моделированию процессов ",трещинообразования | трещинообразованию | трещинообразование | трещинообразовании,LOW,SPELLING
2018-03-22-kak-ls-dyna-rabotaet-s-fld-diagrammoy.md:body,кое-что,"Как LS-DYNA работает с FLD диаграммой
Диаграмма предельного формоизменения (FLD, Forming Limit Diagr",коечкою | коечкой | коечною | коечное | коечной,LOW,SPELLING
2018-03-24-raschety-passivnoy-bezopastnosti.md:title,безопастности,Расчеты пассивной безопастности,безопасности | безопасность | безучастности | безучастность,LOW,SPELLING
2018-03-24-raschety-passivnoy-bezopastnosti.md:body,безопастности,"Расчеты пассивной безопастности
Неплохой видеоурок по теме, но не без странностей. Автор строит сетк",безопасности | безопасность | безучастности | безучастность,LOW,SPELLING
2018-03-24-raschety-passivnoy-bezopastnosti.md:body,видеоурок,"Расчеты пассивной безопастности
Неплохой видеоурок по теме, но не без странностей. Автор строит сетк",видео урок | видео-урок | видеотека | видеотек | видеотеке,LOW,SPELLING
2018-03-25-ansys-kupil-optis.md:body,софта,"ANSYS купил OPTIS
Когда раньше меня спрашивали на совещаниях что можно посчитать в ANSYS, я отвечал ",софита | софа | кофта | сорта | соф та,LOW,SPELLING
2018-03-26-uchebnyy-kurs-po-sharp3d.md:body,плейлист,"Учебный курс по Sharp3D
Shapr3D — полноценный CAD для iPad Pro. Недавно на их канале появился специа",плечист | флейтист | петлистый | плечистый,LOW,SPELLING
2018-03-26-uchebnyy-kurs-po-sharp3d.md:body,испоьзования,"Учебный курс по Sharp3D
Shapr3D — полноценный CAD для iPad Pro. Недавно на их канале появился специа",использования | использованию | использование | использовании,LOW,SPELLING
2018-03-27-mofem-znakomstvo.md:body,библотека,"MoFEM - знакомство
MoFEM (Mesh Oriented Finite Element Method) это сразу и библотека на C++ для выпо",библиотека | библ отека | библ-отека | библиотеках | библиотекам,LOW,SPELLING
2018-03-27-mofem-znakomstvo.md:body,исходны,"MoFEM - знакомство
MoFEM (Mesh Oriented Finite Element Method) это сразу и библотека на C++ для выпо",исходные | исходных | исходный | исходным | исходы,LOW,SPELLING
2018-03-27-mofem-znakomstvo.md:body,уничерсистете,"MoFEM - знакомство
MoFEM (Mesh Oriented Finite Element Method) это сразу и библотека на C++ для выпо",университете | университет | университета | университету | университеты,LOW,SPELLING
2018-03-27-mofem-znakomstvo.md:body,Гласго,"MoFEM - знакомство
MoFEM (Mesh Oriented Finite Element Method) это сразу и библотека на C++ для выпо",Гласно | Глазго | Глас го | Глас-го | Гласный,LOW,SPELLING
2018-03-27-mofem-znakomstvo.md:body,трещенообразование,"MoFEM - знакомство
MoFEM (Mesh Oriented Finite Element Method) это сразу и библотека на C++ для выпо",трещинообразование | трещинообразованием | трещинообразованию | трещинообразовании | трещинообразования,LOW,SPELLING
2018-03-27-mofem-znakomstvo.md:body,постновке,"MoFEM - знакомство
MoFEM (Mesh Oriented Finite Element Method) это сразу и библотека на C++ для выпо",постановке | подстановке | остановке | постановка | постановки,LOW,SPELLING
2018-03-27-mofem-znakomstvo.md:body,Восстновление,"MoFEM - знакомство
MoFEM (Mesh Oriented Finite Element Method) это сразу и библотека на C++ для выпо",Восстановление | Восстановлением | Восстановлению | Восстановлении | Восстановления,LOW,SPELLING
2018-03-27-mofem-znakomstvo.md:body,модлеей,"MoFEM - знакомство
MoFEM (Mesh Oriented Finite Element Method) это сразу и библотека на C++ для выпо",моделей | модулей | молей | мотелей | подлещей,LOW,SPELLING
2018-03-27-mofem-znakomstvo.md:body,матреиалов,"MoFEM - знакомство
MoFEM (Mesh Oriented Finite Element Method) это сразу и библотека на C++ для выпо",материалов | материалом | материал | Матрена,LOW,SPELLING
2018-03-27-mofem-znakomstvo.md:body,4th,"MoFEM - знакомство
MoFEM (Mesh Oriented Finite Element Method) это сразу и библотека на C++ для выпо",а | и | к | о | я,LOW,SPELLING
2018-03-27-mofem-znakomstvo.md:body,1st,"MoFEM - знакомство
MoFEM (Mesh Oriented Finite Element Method) это сразу и библотека на C++ для выпо",а | и | к | о | я,LOW,SPELLING
2018-03-28-nu-ochen-uproschennyy-intefeys-ansys-meshi.md:title,интефейс,Ну очень упрощенный интефейс ANSYS Meshing GUI,интерфейс | интерфейса | интерфейсе | интерфейсу | интерфейсы,LOW,SPELLING
2018-03-28-nu-ochen-uproschennyy-intefeys-ansys-meshi.md:body,интефейс,"Ну очень упрощенный интефейс ANSYS Meshing GUI
Одно из нововведений ANSYS Meshing 19 — возможность в",интерфейс | интерфейса | интерфейсе | интерфейсу | интерфейсы,LOW,SPELLING
2018-03-28-nu-ochen-uproschennyy-intefeys-ansys-meshi.md:body,интефейс,"Ну очень упрощенный интефейс ANSYS Meshing GUI
Одно из нововведений ANSYS Meshing 19 — возможность в",интерфейс | интерфейса | интерфейсе | интерфейсу | интерфейсы,LOW,SPELLING
2018-03-28-nu-ochen-uproschennyy-intefeys-ansys-meshi.md:body,настроки,"Ну очень упрощенный интефейс ANSYS Meshing GUI
Одно из нововведений ANSYS Meshing 19 — возможность в",настройки | настрочи | на строки | на-строки | настроить,LOW,SPELLING
2018-03-29-forum-ansys-19.md:body,будуте,"Форум ANSYS 19
В последнюю неделю у меня совсем нет времени писать хорошие посты. А причиной тому сл",будут | будете | будите | будьте | буду те,LOW,SPELLING
2018-03-29-forum-ansys-19.md:body,кое-что,"Форум ANSYS 19
В последнюю неделю у меня совсем нет времени писать хорошие посты. А причиной тому сл",коечкою | коечкой | коечною | коечное | коечной,LOW,SPELLING
2018-03-29-forum-ansys-19.md:body,зарегистрироватсья,"Форум ANSYS 19
В последнюю неделю у меня совсем нет времени писать хорошие посты. А причиной тому сл",зарегистрироваться | зарегистрировать | зарегистрировался | зарегистрировавший,LOW,SPELLING
2018-03-30-chto-takoe-cfd-democratization.md:body,Ханна,"Что такое ""CFD Democratization""
Определение понятия «CFD Democratization» от Кита Ханна (Keith Hanna",Хана | Анна | Ханжа | Манна | Панна,LOW,SPELLING
2018-04-05-ansys-cad-interface.md:body,промышленых,"ANSYS CAD interface
Еще до появления всеядного SpaceClaim компания ANSYS реализовала интерфейсы для ",промышленных | промышленные | промышленный | промышленным | промышленно,LOW,SPELLING
2018-04-05-ansys-cad-interface.md:body,сущесвование,"ANSYS CAD interface
Еще до появления всеядного SpaceClaim компания ANSYS реализовала интерфейсы для ",существование | существованием | существованию | существовании | существований,LOW,SPELLING
2018-04-05-ansys-cad-interface.md:body,интефейса,"ANSYS CAD interface
Еще до появления всеядного SpaceClaim компания ANSYS реализовала интерфейсы для ",интерфейса | интерфейсах | интерфейсам | интерфейс | интерфейсе,LOW,SPELLING
2018-04-06-realizatsiya-raid-algoritmov-na-gpu.md:body,алгоримов,"Реализация RAID алгоритмов на GPU
Пост на тему HPC — компания Nyriad демонстрирует работу их решения",алгоритмов | алгоритм | алгоритмом,LOW,SPELLING
2018-04-08-dva-tipa-cae.md:body,Бьёрн,"Два типа CAE
Бьёрн Страуструп как-то заметил, что есть два типа языков программирования: те, про кот",Берн | Борн | Берна | Берне | Берну,LOW,SPELLING
2018-04-08-dva-tipa-cae.md:body,Страуструп,"Два типа CAE
Бьёрн Страуструп как-то заметил, что есть два типа языков программирования: те, про кот",Страус труп | Страус-труп,LOW,SPELLING
2018-04-08-dva-tipa-cae.md:body,как-то,"Два типа CAE
Бьёрн Страуструп как-то заметил, что есть два типа языков программирования: те, про кот",факто | какао | акт,LOW,SPELLING
2018-04-08-elektromagnitnyy-reshatel-ls-dyna-ispol.md:body,посвящённых,"Шестая часть цикла уроков, посвящённых работе EM решателя LS-DYNA в приложении к задачам электромагн",посвященных | освященных | посвященные | посвященный | посвященным,LOW,SPELLING
2018-04-08-elektromagnitnyy-reshatel-ls-dyna-ispol.md:body,Почему-то,"Шестая часть цикла уроков, посвящённых работе EM решателя LS-DYNA в приложении к задачам электромагн",Почему | Почемучка | Почесуха,LOW,SPELLING
2018-04-09-modelirovanie-treschin-v-ansys-kiny-i-ene.md:title,кины,Моделирование трещин в ANSYS: кины и энергия,каины | кинзы | дины | хины | килы,LOW,SPELLING
2018-04-09-modelirovanie-treschin-v-ansys-kiny-i-ene.md:body,кины,"Моделирование трещин в ANSYS: кины и энергия
Второе видео из серии материалов, посвященных моделиров",каины | кинзы | дины | хины | килы,LOW,SPELLING
2018-04-09-modelirovanie-treschin-v-ansys-kiny-i-ene.md:body,кинах,"Моделирование трещин в ANSYS: кины и энергия
Второе видео из серии материалов, посвященных моделиров",каинах | динах | кипах | кисах | китах,LOW,SPELLING
2018-04-10-modelirovanie-sharovoy-zasypki-v-ls-dyna.md:body,Бирин,"Моделирование шаровой засыпки в LS-DYNA
Неплохие результаты расчетов в DEM постановке опубликовал на",Ирин | Барин | Сирин,LOW,SPELLING
2018-04-13-modeliruem-svarku-vzryvom.md:body,анектод,"Моделируем сварку взрывом
Если немного перефразировать один анектод, то ключевой вопрос взучит следу",некто | нектон | анекдот,LOW,SPELLING
2018-04-13-modeliruem-svarku-vzryvom.md:body,взучит,"Моделируем сварку взрывом
Если немного перефразировать один анектод, то ключевой вопрос взучит следу",звучит | изучит | вручит | всучит | выучит,LOW,SPELLING
2018-04-13-modeliruem-svarku-vzryvom.md:body,универсистеа,"Моделируем сварку взрывом
Если немного перефразировать один анектод, то ключевой вопрос взучит следу",университета | университет | университетах | университетам | университете,LOW,SPELLING
2018-04-16-analiticheski-krivye-v-spaceclaim.md:body,что-то,"Аналитически кривые в SpaceClaim
Хотел построить параболу, но что-то пошло не так…

  
 

 ",ото | тот | что | фото | лото,LOW,SPELLING
2018-04-18-3-maya-ansys-sovmestno-s-multimechanics-p.md:body,решателем,MultiMechanics позиционируют себя как лидеров в области работы с композитами на микроуровне. Для пла,вешателем | вешателе | предателем | вешатель | делателем,LOW,SPELLING
2018-04-19-chetvertaya-i-poka-zaklyuchitelnaya-chast-se.md:body,из-за,"Собственно из-за этого видео и был задуман весь цикл публикаций. Итак, встречайте: ANSYS SMART Fract",изба | извоза | изюма | из | низа,LOW,SPELLING
2018-04-19-chetvertaya-i-poka-zaklyuchitelnaya-chast-se.md:body,бессеточные,"Собственно из-за этого видео и был задуман весь цикл публикаций. Итак, встречайте: ANSYS SMART Fract",бессточные | бес сеточные | бес-сеточные | беседочные | бессрочные,LOW,SPELLING
2018-04-19-chetvertaya-i-poka-zaklyuchitelnaya-chast-se.md:body,трещенообразования,"Собственно из-за этого видео и был задуман весь цикл публикаций. Итак, встречайте: ANSYS SMART Fract",трещинообразования | трещинообразованию | трещинообразование | трещинообразовании,LOW,SPELLING
2018-04-19-chetvertaya-i-poka-zaklyuchitelnaya-chast-se.md:body,отличае,"Собственно из-за этого видео и был задуман весь цикл публикаций. Итак, встречайте: ANSYS SMART Fract",отличаем | отличает | отличаю | отличай | отличал,LOW,SPELLING
2018-04-19-chetvertaya-i-poka-zaklyuchitelnaya-chast-se.md:body,разрывный,"Собственно из-за этого видео и был задуман весь цикл публикаций. Итак, встречайте: ANSYS SMART Fract",разрывной | разрывные | разрывных | разрывным,LOW,SPELLING
2018-04-21-magazin-aksessuarov-ansys-httpsifttt.md:body,принтом,"Магазин аксессуаров ANSYS  
Если вы были в крупных международных аэропортах, то вы могли встречать ф",принятом | притом | спринтом | приютом | спринт,LOW,SPELLING
2018-04-21-usilennyy-beton.md:body,Видеопример,"Усиленный бетон
Видеопример результатов расчета армированной железобетонной балки, работающей на кру",Видео пример | Видео-пример,LOW,SPELLING
2018-04-22-gnem-gofru.md:body,гофруНебольшой,"Гнем гофру
Гнем гофруНебольшой пример по «3-х точечному» изгибу оболочек сложной формы в LS-DYNA. Ос",гофру Небольшой | гофру-Небольшой,LOW,SPELLING
2018-04-25-zadacha-udara-ptitsy-v-krylo-samoleta.md:body,видеоурок,"Задача удара птицы в крыло самолета

Подробный видеоурок по моделированию стандартного прочностного ",видео урок | видео-урок | видеотека | видеотек | видеотеке,LOW,SPELLING
2018-04-25-zadacha-udara-ptitsy-v-krylo-samoleta.md:body,реологически,"Задача удара птицы в крыло самолета

Подробный видеоурок по моделированию стандартного прочностного ",реологические | реологических | реологический | реологическим | геологически,LOW,SPELLING
2018-04-25-zadacha-udara-ptitsy-v-krylo-samoleta.md:body,эйлеровой,"Задача удара птицы в крыло самолета

Подробный видеоурок по моделированию стандартного прочностного ",флеровой | флеровый | Эйлер | элерон,LOW,SPELLING
2018-04-26-proektirovanie-ugleplastikovogo-sportivn.md:title,углепластикового,Проектирование углепластикового спортивного диска,угле пластикового | угле-пластикового,LOW,SPELLING
2018-04-26-proektirovanie-ugleplastikovogo-sportivn.md:body,углепластикового,"Проектирование углепластикового спортивного диска

Небольшое, но ёмкое видео, демонстрирующее возмож",угле пластикового | угле-пластикового,LOW,SPELLING
2018-04-26-proektirovanie-ugleplastikovogo-sportivn.md:body,ёмкое,"Проектирование углепластикового спортивного диска

Небольшое, но ёмкое видео, демонстрирующее возмож",емкое | кое | мое | омское | ямское,LOW,SPELLING
2018-04-26-proektirovanie-ugleplastikovogo-sportivn.md:body,углепластика,"Проектирование углепластикового спортивного диска

Небольшое, но ёмкое видео, демонстрирующее возмож",угле пластика | угле-пластика,LOW,SPELLING
2018-04-28-modelirovanie-turbulentnogo-techeniya-i-n.md:body,реалзирует,Видео в данном посте — результат работы библиотеки с открытым исходным кодом SPlisHSPlasH ( ). Данна,реализует | реагирует | реализовать | реагировать,LOW,SPELLING
2018-04-28-modelirovanie-turbulentnogo-techeniya-i-n.md:body,прямо-таки,Видео в данном посте — результат работы библиотеки с открытым исходным кодом SPlisHSPlasH ( ). Данна,прямота | прямоток | прямотока | примотали | промотали,LOW,SPELLING
2018-04-28-modelirovanie-turbulentnogo-techeniya-i-n.md:body,Библотека,Видео в данном посте — результат работы библиотеки с открытым исходным кодом SPlisHSPlasH ( ). Данна,Библиотека | Библ отека | Библ-отека | Библиотеках | Библиотекам,LOW,SPELLING
2018-04-28-modelirovanie-turbulentnogo-techeniya-i-n.md:body,вязкозть,Видео в данном посте — результат работы библиотеки с открытым исходным кодом SPlisHSPlasH ( ). Данна,вязкость | вязкостью | вязкости | вязкостный,LOW,SPELLING
2018-05-01-elektromagnitnyy-reshatel-ls-dyna-model.md:body,видеоурок,"Электромагнитный решатель LS-DYNA: моделируем рельсотрон

Сегодня у нас 7-ой видеоурок, посвященный ",видео урок | видео-урок | видеотека | видеотек | видеотеке,LOW,SPELLING
2018-05-01-elektromagnitnyy-reshatel-ls-dyna-model.md:body,полуфантастического,"Электромагнитный решатель LS-DYNA: моделируем рельсотрон

Сегодня у нас 7-ой видеоурок, посвященный ",полу фантастического | полу-фантастического,LOW,SPELLING
2018-05-03-obzor-sredstv-snizheniya-materialoemkosti.md:body,паблике,"Обзор средств снижения материалоемкости

В паблике Суровый технарь на неделе было горячее обсуждение",публике | Павлике | па блике | па-блике | паб лике,LOW,SPELLING
2018-05-03-obzor-sredstv-snizheniya-materialoemkosti.md:body,средст,"Обзор средств снижения материалоемкости

В паблике Суровый технарь на неделе было горячее обсуждение",средств | предст | сред ст | сред-ст | сердит,LOW,SPELLING
2018-05-03-obzor-sredstv-snizheniya-materialoemkosti.md:body,аддитивку,"Обзор средств снижения материалоемкости

В паблике Суровый технарь на неделе было горячее обсуждение",аддитивную | аддитивен | аддитивна | аддитивно | аддитивны,LOW,SPELLING
2018-05-03-obzor-sredstv-snizheniya-materialoemkosti.md:body,коментированию,"Обзор средств снижения материалоемкости

В паблике Суровый технарь на неделе было горячее обсуждение",комментированию | комментирование | комментировании | комментирования | цементированию,LOW,SPELLING
2018-05-05-betacae-meta-dlya-postprotsessinga-zadach-p.md:body,де-факто,Meta практически является стандартом де-факто для обработки результатов расчетов краштестов. Данный ,факто | дефектом | дефектов | дефект | дефекта,LOW,SPELLING
2018-05-05-betacae-meta-dlya-postprotsessinga-zadach-p.md:body,счиатет,Meta практически является стандартом де-факто для обработки результатов расчетов краштестов. Данный ,считает | считаете | считают | считаем | считать,LOW,SPELLING
2018-05-06-vebinary-po-gtamgsam-v16-optimizatsiya.md:body,морфинга,"На случай если вы пропустили данный вебинар, стоит пересмотреть его сейчас. Компания Vanderplaats Re",морфина | морфин га | морфин-га | морфин | морфине,LOW,SPELLING
2018-05-06-vebinary-po-gtamgsam-v16-optimizatsiya.md:body,выштамповок,"На случай если вы пропустили данный вебинар, стоит пересмотреть его сейчас. Компания Vanderplaats Re",штамповка | штамповке | штамповки | штамповкою | штамповкой,LOW,SPELLING
2018-05-06-vebinary-po-gtamgsam-v16-optimizatsiya.md:body,софт,"На случай если вы пропустили данный вебинар, стоит пересмотреть его сейчас. Компания Vanderplaats Re",софит | соф | сот | кофт | софа,LOW,SPELLING
2018-05-07-prorock-dlya-rascheta-razrusheniya-gornyh-po.md:body,Отечесветнная,"PROROCK для расчета разрушения горных пород

Отечесветнная комапнаия Teretau представляет нашему вни",Отечественная | Отечественный | Отечественною | Отечественное | Отечественной,LOW,SPELLING
2018-05-07-prorock-dlya-rascheta-razrusheniya-gornyh-po.md:body,комапнаия,"PROROCK для расчета разрушения горных пород

Отечесветнная комапнаия Teretau представляет нашему вни",компания | компаниях | компаниям | компанию | компании,LOW,SPELLING
2018-05-07-prorock-dlya-rascheta-razrusheniya-gornyh-po.md:body,вычслительный,"PROROCK для расчета разрушения горных пород

Отечесветнная комапнаия Teretau представляет нашему вни",вычислительный | вычислительной | вычислительные | вычислительных | вычислительным,LOW,SPELLING
2018-05-07-prorock-dlya-rascheta-razrusheniya-gornyh-po.md:body,склаенных,"PROROCK для расчета разрушения горных пород

Отечесветнная комапнаия Teretau представляет нашему вни",склеенных | каленных | оскаленных | скаженных | слаженных,LOW,SPELLING
2018-05-07-prorock-dlya-rascheta-razrusheniya-gornyh-po.md:body,констакты,"PROROCK для расчета разрушения горных пород

Отечесветнная комапнаия Teretau представляет нашему вни",контакты | константы | конспект,LOW,SPELLING
2018-05-07-prorock-dlya-rascheta-razrusheniya-gornyh-po.md:body,когезивные,"PROROCK для расчета разрушения горных пород

Отечесветнная комапнаия Teretau представляет нашему вни",когезионные | когезионный | когезионное | когезионных | когезионным,LOW,SPELLING
2018-05-07-prorock-dlya-rascheta-razrusheniya-gornyh-po.md:body,поглащения,"PROROCK для расчета разрушения горных пород

Отечесветнная комапнаия Teretau представляет нашему вни",поглощения | оглашения | погашения | поглощению | поглощение,LOW,SPELLING
2018-05-07-prorock-dlya-rascheta-razrusheniya-gornyh-po.md:body,разрушениии,"PROROCK для расчета разрушения горных пород

Отечесветнная комапнаия Teretau представляет нашему вни",разрушении | разрушениями | разрешении | разрушению | разрушение,LOW,SPELLING
2018-05-07-prorock-dlya-rascheta-razrusheniya-gornyh-po.md:body,такакя,"PROROCK для расчета разрушения горных пород

Отечесветнная комапнаия Teretau представляет нашему вни",такая | таская | Акакия | акая | какая,LOW,SPELLING
2018-05-07-prorock-dlya-rascheta-razrusheniya-gornyh-po.md:body,кндидатская,"PROROCK для расчета разрушения горных пород

Отечесветнная комапнаия Teretau представляет нашему вни",кандидатская | кандидатский | кандидатские | кандидатских | кандидатским,LOW,SPELLING
2018-05-17-upravlenie-zhestami-v-spaceclaim.md:body,Тренеруем,"Управление жестами в SpaceClaim

В свое время (лет 10-15 назад) была очень популярна тема с управлен",Тренируем | Тренер уем | Тренер-уем | Тренеру ем | Тренеру-ем,LOW,SPELLING
2018-05-17-upravlenie-zhestami-v-spaceclaim.md:body,боримся,"Управление жестами в SpaceClaim

В свое время (лет 10-15 назад) была очень популярна тема с управлен",бодримся | боимся | боремся | божимся | моримся,LOW,SPELLING
2018-05-17-upravlenie-zhestami-v-spaceclaim.md:body,тунельным,"Управление жестами в SpaceClaim

В свое время (лет 10-15 назад) была очень популярна тема с управлен",туннельным | туфельным | турельным,LOW,SPELLING
2018-05-18-obyasnenie-zakona-guka-s-pomoschyu-kota.md:body,идёт,"Объяснение закона Гука с помощью кота

Небольшая и очень занимательная заметка от коллеги из Enterfe",идет | идут | издать | дать | кидать,LOW,SPELLING
2018-05-19-mehanika-razrusheniya-v-abaqus.md:body,трещенообразования,"Механика разрушения в ABAQUS

Серия учебных видео, рассказывающих о решении задач механики разрушени",трещинообразования | трещинообразованию | трещинообразование | трещинообразовании,LOW,SPELLING
2018-05-20-altair-pokupaet-fluidyna.md:body,бессеточными,"Altair покупает FluiDyna

Altair объявил о покупке компании German Computation Fluid Dynamics, разра",бессточными | бес сеточными | бес-сеточными | бессточным | беседочными,LOW,SPELLING
2018-05-20-altair-pokupaet-fluidyna.md:body,Соответсвенно,"Altair покупает FluiDyna

Altair объявил о покупке компании German Computation Fluid Dynamics, разра",Соответственно | Соответственною | Соответственное | Соответственной | Соответственном,LOW,SPELLING
2018-05-21-istoriya-sozdaniya-abaqus.md:body,Спойлер,"История создания ABAQUS

ABAQUS — один из лиги «больших» — код, в точности и работоспособности котор",Бойлер | Бройлер | Бойлера | Бойлере | Бойлеру,LOW,SPELLING
2018-05-22-vyshla-vtoraya-versiya-algoryx-momentum.md:body,наконец-то,"Вышла вторая версия Algoryx Momentum

Вторая версия данного RBD кода дает возможность расширенного п",наконец | наконечный | наконечною | наконечное | наконечной,LOW,SPELLING
2018-05-24-istoriya-sovremennogo-ke.md:body,софта,"История современного КЭ

В школе я очень не любил историю — мне было не очень интересно, и я соверше",софита | софа | кофта | сорта | соф та,LOW,SPELLING
2018-05-25-featool-multiphysics-18-teper-druzhit-s.md:body,нанализа,"FEATool Multiphysics 1.8 теперь дружит с OpenFOAM

Пакет для КЭ нанализа на FEATool Multiphysics — э",анализа | анализах | анализам | анализ | анализе,LOW,SPELLING
2018-05-25-featool-multiphysics-18-teper-druzhit-s.md:body,опверх,"FEATool Multiphysics 1.8 теперь дружит с OpenFOAM

Пакет для КЭ нанализа на FEATool Multiphysics — э",поверх | оп верх | оп-верх | поверху | операх,LOW,SPELLING
2018-05-25-featool-multiphysics-18-teper-druzhit-s.md:body,собстенного,"FEATool Multiphysics 1.8 теперь дружит с OpenFOAM

Пакет для КЭ нанализа на FEATool Multiphysics — э",собственного | сотенного | сочтенного | толстенного | собственный,LOW,SPELLING
2018-05-25-featool-multiphysics-18-teper-druzhit-s.md:body,популятность,"FEATool Multiphysics 1.8 теперь дружит с OpenFOAM

Пакет для КЭ нанализа на FEATool Multiphysics — э",популярность | популярностью | популярности,LOW,SPELLING
2018-05-26-sovershenstvovanie-konstruktsii-zaschitnyh-e.md:title,Уипла,Совершенствование конструкции защитных экранов Уипла,Липла | Сипла | Лип | Сип | Тип,LOW,SPELLING
2018-05-26-sovershenstvovanie-konstruktsii-zaschitnyh-e.md:body,Уипла,"Совершенствование конструкции защитных экранов Уипла

Новая публикация от моего коллеги Александра Ч",Липла | Сипла | Лип | Сип | Тип,LOW,SPELLING
2018-05-26-sovershenstvovanie-konstruktsii-zaschitnyh-e.md:body,Черняева,"Совершенствование конструкции защитных экранов Уипла

Новая публикация от моего коллеги Александра Ч",Черневая | Чернявая | Черневый | Чернявый | Чернеца,LOW,SPELLING
2018-05-28-ls-dyna-aerospace-working-group.md:body,агенств,"LS-DYNA Aerospace Working Group

LS-DYNA Aerospace Working Group (AWG), это группа специалистов феде",агентств | агентства | агентстве | агентство | агентству,LOW,SPELLING
2018-05-28-ls-dyna-aerospace-working-group.md:body,совместо,"LS-DYNA Aerospace Working Group

LS-DYNA Aerospace Working Group (AWG), это группа специалистов феде",совместно | совмести | со вместо | со-вместо | сов место,LOW,SPELLING
2018-05-28-ls-dyna-aerospace-working-group.md:body,балистики,"LS-DYNA Aerospace Working Group

LS-DYNA Aerospace Working Group (AWG), это группа специалистов феде",баллистики | баллистик | листики | Балтики | баллистика,LOW,SPELLING
2018-05-28-ls-dyna-aerospace-working-group.md:body,лопости,"LS-DYNA Aerospace Working Group

LS-DYNA Aerospace Working Group (AWG), это группа специалистов феде",лопасти | липкости | ломкости | ложности | ловкости,LOW,SPELLING
2018-05-29-laytracks3d-novyy-algoritm-generatsii-a.md:body,Сандийских,"LayTracks3D — новый алгоритм генерации ALL-HEX сетки

Периодически я просматриваю интернет на тему н",Индийских | Руандийских | Угандийских | Бандитских | Мансийских,LOW,SPELLING
2018-06-20-vosstanovlenie-raboty-proekta-na-novoy-p.md:body,где-то,"Восстановление работы проекта на новой платформе
После 2-х дней простоя проект MDPD начинает оживать",одето | вдето | одетый | вдетый,LOW,SPELLING
2018-06-20-vosstanovlenie-raboty-proekta-na-novoy-p.md:body,проложать,"Восстановление работы проекта на новой платформе
После 2-х дней простоя проект MDPD начинает оживать",проложат | пролежать | проломать | проложить | провожать,LOW,SPELLING
2018-06-21-hvac-raschety-v-simscale.md:body,по-русски,"HVAC расчеты в SimScale
Коллеги из SimScale совместно со специалистами Rhino записали вебинар по CFD",пруссаки | прусские | прусских | прусский | прусским,LOW,SPELLING
2018-06-23-kto-ispolzuet-sci-hub.md:body,хабре,"Кто использует sci-hub
На хабре недавно была опубликована большая аналитическая статья, основанная н",хабаре | харе | жабре,LOW,SPELLING
2018-06-23-kto-ispolzuet-sci-hub.md:body,билиотеки,"Кто использует sci-hub
На хабре недавно была опубликована большая аналитическая статья, основанная н",библиотеки | били отеки | били-отеки | библиотечки | библиотек,LOW,SPELLING
2018-06-24-gibrid-uzha-i-ezha-ptc-vstraivaet-tehnolo.md:body,однy,Есть у ANSYS среди прочих очень интересный и действительно уникальный продукт: ANSYS Discovery Live.,одна | одни | одно | одну,LOW,SPELLING
2018-06-24-gibrid-uzha-i-ezha-ptc-vstraivaet-tehnolo.md:body,Когда-то,Есть у ANSYS среди прочих очень интересный и действительно уникальный продукт: ANSYS Discovery Live.,Когда | Богато | Рогато | Космато | Поддато,LOW,SPELLING
2018-06-24-gibrid-uzha-i-ezha-ptc-vstraivaet-tehnolo.md:body,Сохранённая,Есть у ANSYS среди прочих очень интересный и действительно уникальный продукт: ANSYS Discovery Live.,Сохраненная | Сохранная | Сохраненный | Сохранный,LOW,SPELLING
2018-06-24-gibrid-uzha-i-ezha-ptc-vstraivaet-tehnolo.md:body,Сохранённая,Есть у ANSYS среди прочих очень интересный и действительно уникальный продукт: ANSYS Discovery Live.,Сохраненная | Сохранная | Сохраненный | Сохранный,LOW,SPELLING
2018-06-25-udary-i-droptesty-generatsiya-spektra-otk.md:title,дроптесты,Удары и дроптесты: генерация спектра отклика,протесты | протест | протеста | протесте | протесту,LOW,SPELLING
2018-06-25-udary-i-droptesty-generatsiya-spektra-otk.md:body,дроптесты,"Удары и дроптесты: генерация спектра отклика
Собственно, учебное видео по теме для пользователей ANS",протесты | протест | протеста | протесте | протесту,LOW,SPELLING
2018-06-26-materialy-15-oy-konferentsii-ls-dyna.md:body,паблике,"Материалы 15-ой конференции LS-DYNA
Стали доступны материалы конференции, проведенной две недели наз",публике | Павлике | па блике | па-блике | паб лике,LOW,SPELLING
2018-06-26-materialy-15-oy-konferentsii-ls-dyna.md:body,Вычислительно,"Материалы 15-ой конференции LS-DYNA
Стали доступны материалы конференции, проведенной две недели наз",Вычислительною | Вычислительное | Вычислительной | Вычислительном | Вычислитель но,LOW,SPELLING
2018-06-26-materialy-15-oy-konferentsii-ls-dyna.md:body,бетонов,"Материалы 15-ой конференции LS-DYNA
Стали доступны материалы конференции, проведенной две недели наз",батонов | бетонок | бетоном | бутонов | кетонов,LOW,SPELLING
2018-06-26-materialy-15-oy-konferentsii-ls-dyna.md:body,какой-то,"Материалы 15-ой конференции LS-DYNA
Стали доступны материалы конференции, проведенной две недели наз",какой | какого | каково | каковой | какова,LOW,SPELLING
2018-06-26-materialy-15-oy-konferentsii-ls-dyna.md:body,матералы,"Материалы 15-ой конференции LS-DYNA
Стали доступны материалы конференции, проведенной две недели наз",материалы | материал | маралы | материала | материале,LOW,SPELLING
2018-06-27-civilfem-190-for-ansys-190.md:body,опазадли,"CivilFEM 19.0 for ANSYS 19.0
Видео по установке CivilFEM под ANSYS. И тут сразу два примечательных м",опадали | опоздали | оказали | опадать | назад,LOW,SPELLING
2018-06-29-uchebnye-video-ot-algoryx.md:body,видеоуроков,"Учебные видео от Algoryx
Коллеги выложили на своем канале серию коротких видеоуроков по работе в их ",видео уроков | видео-уроков,LOW,SPELLING
2018-06-29-uchebnye-video-ot-algoryx.md:body,Визулизация,"Учебные видео от Algoryx
Коллеги выложили на своем канале серию коротких видеоуроков по работе в их ",Визуализация | Визуализацию | Визуализации,LOW,SPELLING
2018-06-29-uchebnye-video-ot-algoryx.md:body,блог,"Учебные видео от Algoryx
Коллеги выложили на своем канале серию коротких видеоуроков по работе в их ",бог | лог | благ | блох | блок,LOW,SPELLING
2018-06-29-uchebnye-video-ot-algoryx.md:body,коментариях,"Учебные видео от Algoryx
Коллеги выложили на своем канале серию коротких видеоуроков по работе в их ",комментариях | комментария | комментариям | комментарий,LOW,SPELLING
2018-06-29-uchebnye-video-ot-algoryx.md:body,скачивание,"Учебные видео от Algoryx
Коллеги выложили на своем канале серию коротких видеоуроков по работе в их ",скашивание | смачивание | стачивание | укачивание | вкачивание,LOW,SPELLING
2018-06-30-modelirovanie-posloynogo-sinteza-v-simuf.md:body,по-хорошему,"Моделирование послойного синтеза в Simufact
MSC всерьез взялись за маркетинг. В сети появляется боль",похорошеем | поборовшему | похорошею | похорошел | похорошев,LOW,SPELLING
2018-07-02-surovaya-rabota-v-compose.md:body,видеоуроков,"Суровая работа в Compose
Серия видеоуроков от Altair по работе в их Integrated Development Environme",видео уроков | видео-уроков,LOW,SPELLING
2018-07-02-surovaya-rabota-v-compose.md:body,какая-то,"Суровая работа в Compose
Серия видеоуроков от Altair по работе в их Integrated Development Environme",какао | какая | какают | какает | какало,LOW,SPELLING
2018-07-03-kak-korrektno-ostanovit-reshatel-na-hod.md:body,удалён,"Как корректно остановить решатель на ходу
Есть очень часто встречающаяся задача - запуск решателя в ",удален | удал | удалена | удалено | удалены,LOW,SPELLING
2018-07-03-kak-korrektno-ostanovit-reshatel-na-hod.md:body,соответсвенно,"Как корректно остановить решатель на ходу
Есть очень часто встречающаяся задача - запуск решателя в ",соответственно | соответственною | соответственное | соответственной | соответственном,LOW,SPELLING
2018-07-03-kak-korrektno-ostanovit-reshatel-na-hod.md:body,решателем,"Как корректно остановить решатель на ходу
Есть очень часто встречающаяся задача - запуск решателя в ",вешателем | вешателе | предателем | вешатель | делателем,LOW,SPELLING
2018-07-03-kak-korrektno-ostanovit-reshatel-na-hod.md:body,определнный,"Как корректно остановить решатель на ходу
Есть очень часто встречающаяся задача - запуск решателя в ",определенный | определенны | определенней | определенной | определенные,LOW,SPELLING
2018-07-03-kak-korrektno-ostanovit-reshatel-na-hod.md:body,sw1,"Как корректно остановить решатель на ходу
Есть очень часто встречающаяся задача - запуск решателя в ",а | и | к | о | я,LOW,SPELLING
2018-07-03-kak-korrektno-ostanovit-reshatel-na-hod.md:body,sw2,"Как корректно остановить решатель на ходу
Есть очень часто встречающаяся задача - запуск решателя в ",а | и | к | о | я,LOW,SPELLING
2018-07-03-kak-korrektno-ostanovit-reshatel-na-hod.md:body,sw3,"Как корректно остановить решатель на ходу
Есть очень часто встречающаяся задача - запуск решателя в ",а | и | к | о | я,LOW,SPELLING
2018-07-03-kak-korrektno-ostanovit-reshatel-na-hod.md:body,соответсвующий,"Как корректно остановить решатель на ходу
Есть очень часто встречающаяся задача - запуск решателя в ",соответствующий | соответствующей | соответствующие | соответствующих | соответствующим,LOW,SPELLING
2018-07-03-kak-korrektno-ostanovit-reshatel-na-hod.md:body,рестартовать,"Как корректно остановить решатель на ходу
Есть очень часто встречающаяся задача - запуск решателя в ",ре стартовать | ре-стартовать | стартовать | стартовал | стартовав,LOW,SPELLING
2018-07-05-hexalabnet-besplatnyy-servis-otsenki-k.md:body,браузеле,"HexaLab.net - бесплатный сервис оценки качества hex сеток
Коллеги из MeshLab представили сервис, поз",Базеле | брамселе | Базель | брамсель,LOW,SPELLING
2018-07-07-optimizatsiya-dlya-zadach-dinamiki-sypuchih-s.md:body,софта,"Оптимизация для задач динамики сыпучих сред
Большой вебинар от Dynardo GmbH по работе Rocky DEM в св",софита | софа | кофта | сорта | соф та,LOW,SPELLING
2018-07-08-kak-naschet-prikupit-sebe-nemnogo-cae.md:body,вендоров,"Как насчет прикупить себе немного CAE?
Акции наших любимых вендоров CAE софта растут не хуже Apple и",военкоров | теноров | венгров | Федоров | цензоров,LOW,SPELLING
2018-07-08-kak-naschet-prikupit-sebe-nemnogo-cae.md:body,софта,"Как насчет прикупить себе немного CAE?
Акции наших любимых вендоров CAE софта растут не хуже Apple и",софита | софа | кофта | сорта | соф та,LOW,SPELLING
2018-07-09-custom-key-binding-dlya-ansys.md:body,софте,"Custom key binding для ANSYS
Горячие клавиши в софте - это хорошо. Это позволяет существенно повысит",софите | софе | соте | кофте | сорте,LOW,SPELLING
2018-07-09-custom-key-binding-dlya-ansys.md:body,своём,"Custom key binding для ANSYS
Горячие клавиши в софте - это хорошо. Это позволяет существенно повысит",своем | своим | авось,LOW,SPELLING
2018-07-11-nastroyka-ispolzovaniya-litsenziy-pri-rab.md:body,поджирает,"Настройка использования лицензий при работе RSM
ANSYS RSM (Remote Solve Manager) - отличное средство",пожирает | подбирает | подпирает | подтирает | поджидает,LOW,SPELLING
2018-07-12-lokalizatsiya-professionalnogo-softa.md:title,софта,Локализация профессионального софта,софита | софа | кофта | сорта | соф та,LOW,SPELLING
2018-07-12-lokalizatsiya-professionalnogo-softa.md:body,софта,"Локализация профессионального софта
Я очень часто слышу нарекания, почему ANSYS не переводят на русс",софита | софа | кофта | сорта | соф та,LOW,SPELLING
2018-07-12-lokalizatsiya-professionalnogo-softa.md:body,констрУкторов,"Локализация профессионального софта
Я очень часто слышу нарекания, почему ANSYS не переводят на русс",конструкторов | констрикторов | конструктором | констриктор,LOW,SPELLING
2018-07-12-lokalizatsiya-professionalnogo-softa.md:body,отмазок,"Локализация профессионального софта
Я очень часто слышу нарекания, почему ANSYS не переводят на русс",от мазок | от-мазок | помазок | обмазка | отмашка,LOW,SPELLING
2018-07-13-virtualnaya-aerodinamicheskaya-truba-airsh.md:body,узкозаточенное,"Виртуальная аэродинамическая труба AirShaper

Компания AirShaper предлагает всем желающим произвести",узко заточенное | узко-заточенное,LOW,SPELLING
2018-07-13-virtualnaya-aerodinamicheskaya-truba-airsh.md:body,мучался,"Виртуальная аэродинамическая труба AirShaper

Компания AirShaper предлагает всем желающим произвести",умчался | мчался | мужался | мучайся | мучатся,LOW,SPELLING
2018-07-13-virtualnaya-aerodinamicheskaya-truba-airsh.md:body,никако,"Виртуальная аэродинамическая труба AirShaper

Компания AirShaper предлагает всем желающим произвести",никакою | никакое | никакой | никаком | никак,LOW,SPELLING
2018-07-13-virtualnaya-aerodinamicheskaya-truba-airsh.md:body,выполненых,"Виртуальная аэродинамическая труба AirShaper

Компания AirShaper предлагает всем желающим произвести",выполненных | выполнены | выхоленных,LOW,SPELLING
2018-07-14-vebinar-po-signal-processing-ot-dynardo.md:body,посвящён,"Вебинар по Signal Processing от Dynardo
Очередной большой вебинар от Dynardo посвящён очень востребо",посвящен | посвящена | посвящено | посвящены | освящен,LOW,SPELLING
2018-07-15-solidprofessor-vvodit-sistemu-podpiski-n.md:body,монетизации,Пожалуй самая крупная из существующих платформ online обучения для инженеров вводит новую модель мон,демонетизации | демонетизация | демонетизацию,LOW,SPELLING
2018-07-16-modelirovanie-zhelezobetona-v-obolochechnoy.md:body,ражиме,"Моделирование железобетона в оболочечной постановке
В сеть попала презентация от LSTC и ARUP по испо",ражие | ражим | нажиме | ражими | режиме,LOW,SPELLING
2018-07-17-ntopology-act.md:body,наконец-то,"nTopology ACT
Команда Groupe Réaction Inc и nTopology - системы, позволяющей генерировать и редактир",наконец | наконечный | наконечною | наконечное | наконечной,LOW,SPELLING
2018-07-17-ntopology-act.md:body,придёт,"nTopology ACT
Команда Groupe Réaction Inc и nTopology - системы, позволяющей генерировать и редактир",придет | придут | предать | прижать | продать,LOW,SPELLING
2018-07-17-ntopology-act.md:body,морфинга,"nTopology ACT
Команда Groupe Réaction Inc и nTopology - системы, позволяющей генерировать и редактир",морфина | морфин га | морфин-га | морфин | морфине,LOW,SPELLING
2018-07-18-obzor-siemens-solidedge-2019.md:body,что-то,"Обзор Siemens SolidEdge 2019
Большой и хороший материал от Develop3D с обзором возможностей обновлен",ото | тот | что | фото | лото,LOW,SPELLING
2018-07-18-obzor-siemens-solidedge-2019.md:body,плагин,"Обзор Siemens SolidEdge 2019
Большой и хороший материал от Develop3D с обзором возможностей обновлен",план | плавни | паладин | плагиат | пластин,LOW,SPELLING
2018-07-18-obzor-siemens-solidedge-2019.md:body,плагины,"Обзор Siemens SolidEdge 2019
Большой и хороший материал от Develop3D с обзором возможностей обновлен",платины | планы | паладины | пластины | лагуны,LOW,SPELLING
2018-07-18-obzor-siemens-solidedge-2019.md:body,мультитула,"Обзор Siemens SolidEdge 2019
Большой и хороший материал от Develop3D с обзором возможностей обновлен",мультик | мультика | мультику,LOW,SPELLING
2018-07-19-modelirovanie-armirovaniya-v-bessetochnyh.md:title,бессеточных,Моделирование армирования в бессеточных методах,бессточных | бес сеточных | бес-сеточных | беседочных | бессрочных,LOW,SPELLING
2018-07-19-modelirovanie-armirovaniya-v-bessetochnyh.md:body,бессеточных,"Моделирование армирования в бессеточных методах
Хочу обратить ваше внимание на статью ""The Immersed ",бессточных | бес сеточных | бес-сеточных | беседочных | бессрочных,LOW,SPELLING
2018-07-19-modelirovanie-armirovaniya-v-bessetochnyh.md:body,бессеточный,"Моделирование армирования в бессеточных методах
Хочу обратить ваше внимание на статью ""The Immersed ",бессточный | бес сеточный | бес-сеточный | беседочный | бессрочный,LOW,SPELLING
2018-07-19-modelirovanie-armirovaniya-v-bessetochnyh.md:body,решателем,"Моделирование армирования в бессеточных методах
Хочу обратить ваше внимание на статью ""The Immersed ",вешателем | вешателе | предателем | вешатель | делателем,LOW,SPELLING
2018-07-19-modelirovanie-armirovaniya-v-bessetochnyh.md:body,бессеточной,"Моделирование армирования в бессеточных методах
Хочу обратить ваше внимание на статью ""The Immersed ",бессточной | бес сеточной | бес-сеточной | беседочной | бессрочной,LOW,SPELLING
2018-07-20-besplatnyy-bessetochnyy-reshatel-meshfree.md:title,бессеточный,Бесплатный бессеточный решатель MESHFREE от MIDASIT и Samsung Electronics,бессточный | бес сеточный | бес-сеточный | беседочный | бессрочный,LOW,SPELLING
2018-07-20-besplatnyy-bessetochnyy-reshatel-meshfree.md:body,флешки,"Очень громкое название, не правда ли? Давайте попробуем разобраться. Для начала есть маркетинговое в",флеши | плешки | Алешки,LOW,SPELLING
2018-07-20-besplatnyy-bessetochnyy-reshatel-meshfree.md:body,Вot,"Очень громкое название, не правда ли? Давайте попробуем разобраться. Для начала есть маркетинговое в",В | Во | Вы | Вт | ВЦ,LOW,SPELLING
2018-07-20-besplatnyy-bessetochnyy-reshatel-meshfree.md:body,бепроводных,"Очень громкое название, не правда ли? Давайте попробуем разобраться. Для начала есть маркетинговое в",беспроводных | проводных | беспроводные | беспроводный | беспроводным,LOW,SPELLING
2018-07-22-konvektsiya-releya-benara.md:body,коррелированными,"Конвекция Рэлея-Бенара
Как я специально узнавал, конвекция Рэлея-Бенара (Rayleigh-Benard Convection)",корректированными | корректированным | корректированный,LOW,SPELLING
2018-07-22-konvektsiya-releya-benara.md:body,позалипать,"Конвекция Рэлея-Бенара
Как я специально узнавал, конвекция Рэлея-Бенара (Rayleigh-Benard Convection)",побаливать | пошаливать | побаливают | побаливает | пошаливают,LOW,SPELLING
2018-07-23-mars-nasha-tsel.md:body,блога,"Марс - наша цель!
Постоянные читатели  этого блога скорее всего в курсе, что мы как-то моделировали ",бога | лога | блага | блоха | блока,LOW,SPELLING
2018-07-23-mars-nasha-tsel.md:body,как-то,"Марс - наша цель!
Постоянные читатели  этого блога скорее всего в курсе, что мы как-то моделировали ",факто | какао | акт,LOW,SPELLING
2018-07-24-nemnogo-istorii-parasolid-i-d-cubed.md:body,Кэмбриджа,"Немного истории Parasolid и D-Cubed
Если об этом начать задумываться, то невольно удивляешься тому, ",Кембриджа | Кембридж | Кембридже | Кембриджу | Кембриджем,LOW,SPELLING
2018-07-24-nemnogo-istorii-parasolid-i-d-cubed.md:body,поглащена,"Немного истории Parasolid и D-Cubed
Если об этом начать задумываться, то невольно удивляешься тому, ",поглажена | поглощена | позлащена,LOW,SPELLING
2018-07-24-vebinar-po-accs-ot-cadfem-uk.md:body,моделирвоанию,"Вебинар по ACCS от CADFEM UK
Чуть не пропустил! Сегодня вечером, с шести до семи, будет проходить бе",моделированию | моделирование | моделировании | моделирования | модулированию,LOW,SPELLING
2018-07-25-civilfem-dlya-ansys-191.md:body,посвящённые,"CivilFEM для ANSYS 19.1
Совсем недавно стал доступен CivilFEM для ANSYS 19.0, и вот: нас уже приглаш",посвященные | освященные | посвященное | посвященных | посвященный,LOW,SPELLING
2018-07-26-uravnenie-murnagana-dlya-modelirovaniya-zhi.md:title,Мурнагана,Уравнение Мурнагана для моделирования жидкостей в SPH,Урагана | Ураган | Ураганный,LOW,SPELLING
2018-07-26-uravnenie-murnagana-dlya-modelirovaniya-zhi.md:body,Мурнагана,"Уравнение Мурнагана для моделирования жидкостей в SPH
В LS-DYNA R10 появилось новое уравнение состоя",Урагана | Ураган | Ураганный,LOW,SPELLING
2018-07-26-uravnenie-murnagana-dlya-modelirovaniya-zhi.md:body,мучаться,"Уравнение Мурнагана для моделирования жидкостей в SPH
В LS-DYNA R10 появилось новое уравнение состоя",умчаться | мучатся | мчаться | мужаться | мучиться,LOW,SPELLING
2018-07-26-uravnenie-murnagana-dlya-modelirovaniya-zhi.md:body,Мурнагана,"Уравнение Мурнагана для моделирования жидкостей в SPH
В LS-DYNA R10 появилось новое уравнение состоя",Урагана | Ураган | Ураганный,LOW,SPELLING
2018-07-26-uravnenie-murnagana-dlya-modelirovaniya-zhi.md:body,слабосжимаемых,"Уравнение Мурнагана для моделирования жидкостей в SPH
В LS-DYNA R10 появилось новое уравнение состоя",слабо сжимаемых | слабо-сжимаемых,LOW,SPELLING
2018-07-26-uravnenie-murnagana-dlya-modelirovaniya-zhi.md:body,скалиброванный,"Уравнение Мурнагана для моделирования жидкостей в SPH
В LS-DYNA R10 появилось новое уравнение состоя",калиброванный | калиброванной | калиброванные | калиброванных | калиброванным,LOW,SPELLING
2018-07-27-true-load-nastoyasche-nagruzki-dlya-vashey.md:title,настояще,True-Load - настояще нагрузки для вашей КЭ модели,настоящею | настоящее | настоящей | настоящем | настоящие,LOW,SPELLING
2018-07-27-true-load-nastoyasche-nagruzki-dlya-vashey.md:body,настояще,"True-Load - настояще нагрузки для вашей КЭ модели
Как-то раз у меня уже проскакивала новость про Tru",настоящею | настоящее | настоящей | настоящем | настоящие,LOW,SPELLING
2018-07-27-true-load-nastoyasche-nagruzki-dlya-vashey.md:body,Как-то,"True-Load - настояще нагрузки для вашей КЭ модели
Как-то раз у меня уже проскакивала новость про Tru",Факто | Какао | Акт,LOW,SPELLING
2018-07-27-true-load-nastoyasche-nagruzki-dlya-vashey.md:body,даных,"True-Load - настояще нагрузки для вашей КЭ модели
Как-то раз у меня уже проскакивала новость про Tru",данных | дачных | драных | даны | данях,LOW,SPELLING
2018-07-28-esche-nemnogo-pro-parasolid.md:body,где-то,"Еще немного про Parasolid
Тема ""монополии"" ядра Parasolid очень меня заинтересовала. Особенно, его в",одето | вдето | одетый | вдетый,LOW,SPELLING
2018-07-28-esche-nemnogo-pro-parasolid.md:body,Гейтсу,"Еще немного про Parasolid
Тема ""монополии"" ядра Parasolid очень меня заинтересовала. Особенно, его в",Гейшу | Гетру | Кейсу | Пейсу | Рейсу,LOW,SPELLING
2018-07-29-ballisticheskaya-teploprovodnost.md:body,Политехе,"Баллистическая теплопроводность
Хочу обратить ваше внимание на очень интересную работу, которую веду",Политесе | Потехе | Политес | Политое | Политые,LOW,SPELLING
2018-08-01-modelirovanie-pozharov-teper-v-simscal.md:body,как-то,"Моделирование пожаров - теперь в SimScale
Компания SimScale, пожалуй, самый активный игрок рынка обл",факто | какао | акт,LOW,SPELLING
2018-08-02-zapis-vebinara-civifem-dlya-ansys-191.md:body,интефейсу,"Запись вебинара CiviFEM для ANSYS 19.1
Коллеги из Ingeciber взяли и выложили в публичный доступ запи",интерфейсу | интерфейс | интерфейса | интерфейсе | интерфейсы,LOW,SPELLING
2018-08-04-elamx².md:body,кроссплатформенная,"eLamX²
Эта бесплатная кроссплатформенная разработка кафедры авиастроения Технического университета Д",кросс платформенная | кросс-платформенная,LOW,SPELLING
2018-08-04-elamx².md:body,что-то,"eLamX²
Эта бесплатная кроссплатформенная разработка кафедры авиастроения Технического университета Д",ото | тот | что | фото | лото,LOW,SPELLING
2018-08-05-autodesk-netfabb-2019.md:body,как-то,"Autodesk Netfabb 2019
Обновился главный продукт Autodesk в области аддитивных технологий. В Netfabb ",факто | какао | акт,LOW,SPELLING
2018-08-06-fotorealistichnyy-krashtest.md:title,Фотореалистичный,Фотореалистичный краштест,Фото реалистичный | Фото-реалистичный,LOW,SPELLING
2018-08-06-fotorealistichnyy-krashtest.md:body,Фотореалистичный,"Фотореалистичный краштест
Dassault Systems хвастаются тем, как затащили в свою платформу 3DEXPERIENC",Фото реалистичный | Фото-реалистичный,LOW,SPELLING
2018-08-06-fotorealistichnyy-krashtest.md:body,фотореалистичного,"Фотореалистичный краштест
Dassault Systems хвастаются тем, как затащили в свою платформу 3DEXPERIENC",фото реалистичного | фото-реалистичного,LOW,SPELLING
2018-08-07-ansys-ekm-novyy-etap-razvitiya.md:body,врендрение,"ANSYS EKM - новый этап развития
Коллеги из МСК подготовили шикарное видео, в котором показали очень ",внедрение | внедрением | внедрению | внедрении | внедрений,LOW,SPELLING
2018-08-07-ansys-ekm-novyy-etap-razvitiya.md:body,руссификацию,"ANSYS EKM - новый этап развития
Коллеги из МСК подготовили шикарное видео, в котором показали очень ",русификацию | русификациею | русификации | русификация,LOW,SPELLING
2018-08-07-ansys-ekm-novyy-etap-razvitiya.md:body,неподдерживаемым,"ANSYS EKM - новый этап развития
Коллеги из МСК подготовили шикарное видео, в котором показали очень ",не поддерживаемым | не-поддерживаемым | поддерживаемым | поддерживаемый | поддерживаемыми,LOW,SPELLING
2018-08-09-cadfix-12.md:body,морфинга,"CADfix 12
CADfix 12 - это такой геометрический процессор, предназначенный для починки и подготовки г",морфина | морфин га | морфин-га | морфин | морфине,LOW,SPELLING
2018-08-09-cadfix-12.md:body,морфинга,"CADfix 12
CADfix 12 - это такой геометрический процессор, предназначенный для починки и подготовки г",морфина | морфин га | морфин-га | морфин | морфине,LOW,SPELLING
2018-08-10-cfd-toolbox-dlya-matlab.md:body,интефейс,"CFD Toolbox для MATLAB
CFDTool - это специализированное расширение к MATLAB, позволяющее решать зада",интерфейс | интерфейса | интерфейсе | интерфейсу | интерфейсы,LOW,SPELLING
2018-08-10-cfd-toolbox-dlya-matlab.md:body,стиционарные,"CFD Toolbox для MATLAB
CFDTool - это специализированное расширение к MATLAB, позволяющее решать зада",стационарные | стационарны | стационарное | стационарных | стационарный,LOW,SPELLING
2018-08-10-cfd-toolbox-dlya-matlab.md:body,тепломассообмена,"CFD Toolbox для MATLAB
CFDTool - это специализированное расширение к MATLAB, позволяющее решать зада",тепло массообмена | тепло-массообмена,LOW,SPELLING
2018-08-10-cfd-toolbox-dlya-matlab.md:body,R2011b,"CFD Toolbox для MATLAB
CFDTool - это специализированное расширение к MATLAB, позволяющее решать зада",А | И | К | О | Я,LOW,SPELLING
2018-08-11-modeliruem-sryv-plameni-v-turbine.md:body,блоге,"Моделируем срыв пламени в турбине
Согласно Википедии, срыв пламени — затухание пламени в камере сгор",боге | логе | благе | блохе | блоке,LOW,SPELLING
2018-08-11-modeliruem-sryv-plameni-v-turbine.md:body,фарсунок,"Моделируем срыв пламени в турбине
Согласно Википедии, срыв пламени — затухание пламени в камере сгор",форсунок | форсунка | барсенок,LOW,SPELLING
2018-08-14-vklyuchaem-implicit-reshatel-v-workbench-l.md:body,подготвлен,"Включаем Implicit решатель в Workbench LS-DYNA
Если очень надо, то можно и Workbench LS-DYNA  застав",подготовлен | подготовлена | подготовлено | подготовлены | подловлен,LOW,SPELLING
2018-08-14-vklyuchaem-implicit-reshatel-v-workbench-l.md:body,2nd,"Включаем Implicit решатель в Workbench LS-DYNA
Если очень надо, то можно и Workbench LS-DYNA  застав",а | и | к | о | я,LOW,SPELLING
2018-08-15-fortran-forever.md:body,кто-то,"Fortran forever
Сколько бы мы не говорили про современные языки программирования, но от Fortran отка",Киото | котом | котов | кот | кто,LOW,SPELLING
2018-08-15-fortran-forever.md:body,отважется,"Fortran forever
Сколько бы мы не говорили про современные языки программирования, но от Fortran отка",откажется | отмажется | отважатся | отважится | отвяжется,LOW,SPELLING
2018-08-15-fortran-forever.md:body,видеоуроков,"Fortran forever
Сколько бы мы не говорили про современные языки программирования, но от Fortran отка",видео уроков | видео-уроков,LOW,SPELLING
2018-08-16-ansys-am-doklad.md:body,Брента,"ANSYS AM - доклад
Получасовой доклад от доктора Брента Стакера (Dr. Brent Stucker), директора направ",Рента | Бренна | Бренча | Бреста | Бренный,LOW,SPELLING
2018-08-16-ansys-am-doklad.md:body,Стакера,"ANSYS AM - доклад
Получасовой доклад от доктора Брента Стакера (Dr. Brent Stucker), директора направ",Стайера | Стажера | Хакер,LOW,SPELLING
2018-08-16-ansys-am-doklad.md:body,поглащения,"ANSYS AM - доклад
Получасовой доклад от доктора Брента Стакера (Dr. Brent Stucker), директора направ",поглощения | оглашения | погашения | поглощению | поглощение,LOW,SPELLING
2018-08-18-ansys-workflow-designer.md:body,блоге,"ANSYS Workflow Designer
Очень полезный учебный пост в блоге ANSYS посвящен вышедшему из статуса beta",боге | логе | благе | блохе | блоке,LOW,SPELLING
2018-08-18-ansys-workflow-designer.md:body,интефейс,"ANSYS Workflow Designer
Очень полезный учебный пост в блоге ANSYS посвящен вышедшему из статуса beta",интерфейс | интерфейса | интерфейсе | интерфейсу | интерфейсы,LOW,SPELLING
2018-08-18-ansys-workflow-designer.md:body,схематику,"ANSYS Workflow Designer
Очень полезный учебный пост в блоге ANSYS посвящен вышедшему из статуса beta",схема тику | схема-тику | семантику | схематизму | схизматику,LOW,SPELLING
2018-08-18-ansys-workflow-designer.md:body,блоге,"ANSYS Workflow Designer
Очень полезный учебный пост в блоге ANSYS посвящен вышедшему из статуса beta",боге | логе | благе | блохе | блоке,LOW,SPELLING
2018-08-18-ansys-workflow-designer.md:body,видеопример,"ANSYS Workflow Designer
Очень полезный учебный пост в блоге ANSYS посвящен вышедшему из статуса beta",видео пример | видео-пример,LOW,SPELLING
2018-08-20-numeratsiya-i-vyravnivanie-formul-v-word-b.md:body,околонаучных,"Нумерация и выравнивание формул в Word без таблиц
Что бы вы сказали, если бы узнали, что можно нумер",около научных | около-научных,LOW,SPELLING
2018-08-20-numeratsiya-i-vyravnivanie-formul-v-word-b.md:body,должет,"Нумерация и выравнивание формул в Word без таблиц
Что бы вы сказали, если бы узнали, что можно нумер",долижет | должен | дольет | солжет | до лжет,LOW,SPELLING
2018-08-20-numeratsiya-i-vyravnivanie-formul-v-word-b.md:body,нарисованый,"Нумерация и выравнивание формул в Word без таблиц
Что бы вы сказали, если бы узнали, что можно нумер",нарисованный | нарисованы | нарисован,LOW,SPELLING
2018-08-20-numeratsiya-i-vyravnivanie-formul-v-word-b.md:body,втроенный,"Нумерация и выравнивание формул в Word без таблиц
Что бы вы сказали, если бы узнали, что можно нумер",встроенный | строенный | утроенный,LOW,SPELLING
2018-08-20-numeratsiya-i-vyravnivanie-formul-v-word-b.md:body,аккуранто,"Нумерация и выравнивание формул в Word без таблиц
Что бы вы сказали, если бы узнали, что можно нумер",аккуратно | аккуратною | аккуратное | аккуратной | аккуратном,LOW,SPELLING
2018-08-20-numeratsiya-i-vyravnivanie-formul-v-word-b.md:body,уравненем,"Нумерация и выравнивание формул в Word без таблиц
Что бы вы сказали, если бы узнали, что можно нумер",уравнением | уравнен ем | уравнен-ем | равнением | уравнение,LOW,SPELLING
2018-08-20-numeratsiya-i-vyravnivanie-formul-v-word-b.md:body,срандартных,"Нумерация и выравнивание формул в Word без таблиц
Что бы вы сказали, если бы узнали, что можно нумер",стандартных | стандартны | стандартные | стандартный | стандартным,LOW,SPELLING
2018-08-20-numeratsiya-i-vyravnivanie-formul-v-word-b.md:body,чезе,"Нумерация и выравнивание формул в Word без таблиц
Что бы вы сказали, если бы узнали, что можно нумер",безе | резе | тезе | чехе | чеке,LOW,SPELLING
2018-08-21-acum-2018.md:body,гавную,"ACUM 2018
Коллеги, началась регистрация на гавную конференцию CADFEM CIS, которая ежегодно проходит ",главную | гарную | равную | главный | гарный,LOW,SPELLING
2018-08-21-acum-2018.md:body,упеет,"ACUM 2018
Коллеги, началась регистрация на гавную конференцию CADFEM CIS, которая ежегодно проходит ",упечет | успеет | тупеет | спеет | умеет,LOW,SPELLING
2018-08-21-acum-2018.md:body,ехнические,"ACUM 2018
Коллеги, началась регистрация на гавную конференцию CADFEM CIS, которая ежегодно проходит ",технические | ернические | цинические,LOW,SPELLING
2018-08-21-acum-2018.md:body,мастеркласс,"ACUM 2018
Коллеги, началась регистрация на гавную конференцию CADFEM CIS, которая ежегодно проходит ",мастер класс | мастер-класс,LOW,SPELLING
2018-08-21-acum-2018.md:body,нвимания,"ACUM 2018
Коллеги, началась регистрация на гавную конференцию CADFEM CIS, которая ежегодно проходит ",внимания | невнимания | вжимания | взимания | снимания,LOW,SPELLING
2018-08-21-acum-2018.md:body,приглаение,"ACUM 2018
Коллеги, началась регистрация на гавную конференцию CADFEM CIS, которая ежегодно проходит ",приглашение | приглашением | приглашению | приглашении | приглашений,LOW,SPELLING
2018-08-22-simulyator-origami.md:title,Симулятор,Симулятор оригами,Стимулятор | Стимулятора | Стимуляторе | Стимулятору | Стимуляторы,LOW,SPELLING
2018-08-22-simulyator-origami.md:title,оригами,Симулятор оригами,ригами | бригами | ориг | орг | ори,LOW,SPELLING
2018-08-22-simulyator-origami.md:body,Симулятор,"Симулятор оригами




Аманда Гассаи (Amanda Ghassaei) на своем сайте публикует удивительные по качес",Стимулятор | Стимулятора | Стимуляторе | Стимулятору | Стимуляторы,LOW,SPELLING
2018-08-22-simulyator-origami.md:body,оригами,"Симулятор оригами




Аманда Гассаи (Amanda Ghassaei) на своем сайте публикует удивительные по качес",ригами | бригами | ориг | орг | ори,LOW,SPELLING
2018-08-22-simulyator-origami.md:body,Аманда,"Симулятор оригами




Аманда Гассаи (Amanda Ghassaei) на своем сайте публикует удивительные по качес",Армада | Мандат | Аммана | Тамада | Шамана,LOW,SPELLING
2018-08-22-simulyator-origami.md:body,Гассаи,"Симулятор оригами




Аманда Гассаи (Amanda Ghassaei) на своем сайте публикует удивительные по качес",Гаси | Кассами | Массами | Пассажи | Рассади,LOW,SPELLING
2018-08-22-simulyator-origami.md:body,симулятора,"Симулятор оригами




Аманда Гассаи (Amanda Ghassaei) на своем сайте публикует удивительные по качес",стимулятора | стимуляторах | стимуляторам | стимулятор | стимуляторе,LOW,SPELLING
2018-08-22-simulyator-origami.md:body,оригами,"Симулятор оригами




Аманда Гассаи (Amanda Ghassaei) на своем сайте публикует удивительные по качес",ригами | бригами | ориг | орг | ори,LOW,SPELLING
2018-08-22-simulyator-origami.md:body,симулятор,"Симулятор оригами




Аманда Гассаи (Amanda Ghassaei) на своем сайте публикует удивительные по качес",стимулятор | стимулятора | стимуляторе | стимулятору | стимуляторы,LOW,SPELLING
2018-08-22-simulyator-origami.md:body,симулятор,"Симулятор оригами




Аманда Гассаи (Amanda Ghassaei) на своем сайте публикует удивительные по качес",стимулятор | стимулятора | стимуляторе | стимулятору | стимуляторы,LOW,SPELLING
2018-08-22-simulyator-origami.md:body,интерактивая,"Симулятор оригами




Аманда Гассаи (Amanda Ghassaei) на своем сайте публикует удивительные по качес",интерактивная | интерактивный | интерактивною | интерактивное | интерактивной,LOW,SPELLING
2018-08-23-aktualnyy-fem-instrument.md:body,Шон,"Актуальный FEM инструмент
Предлагаю послушать выступление человека, который уже более четверти века ",Шпон | Он | Бон | Дон | Фон,LOW,SPELLING
2018-08-23-aktualnyy-fem-instrument.md:body,Харви,"Актуальный FEM инструмент
Предлагаю послушать выступление человека, который уже более четверти века ",Хари | Харчи | Нарви | Ха рви | Ха-рви,LOW,SPELLING
2018-08-23-aktualnyy-fem-instrument.md:body,интефейс,"Актуальный FEM инструмент
Предлагаю послушать выступление человека, который уже более четверти века ",интерфейс | интерфейса | интерфейсе | интерфейсу | интерфейсы,LOW,SPELLING
2018-08-24-impc-2018.md:body,посявещенная,"IMPC-2018
В середине сентября в Москве пройдет большая международная конференция / выставка посявеще",посвященная | просвещенная | освещенная | посещенная | повещенная,LOW,SPELLING
2018-08-27-kak-prevratit-neformatirovannyy-tekst-v.md:title,неформатированный,Как превратить неформатированный текст в формулы,не форматированный | не-форматированный | форматированный | отформатированный | форматированной,LOW,SPELLING
2018-08-27-kak-prevratit-neformatirovannyy-tekst-v.md:body,неформатированный,"Как превратить неформатированный текст в формулы
Еще одна заметка, посвященная созданию текстов, сод",не форматированный | не-форматированный | форматированный | отформатированный | форматированной,LOW,SPELLING
2018-08-29-kak-poluchilas-dassault-systemes.md:body,Франсису,"Как получилась DASSAULT SYSTEMES
Большая биографическая статья про то, как Франсису Бернару (Francis",Франциску | Франтиху | Франциск | Франсуа | Франциско,LOW,SPELLING
2018-08-29-kak-poluchilas-dassault-systemes.md:body,Бернару,"Как получилась DASSAULT SYSTEMES
Большая биографическая статья про то, как Франсису Бернару (Francis",Берн ару | Берн-ару | Бенуару | Берна | Берну,LOW,SPELLING
2018-08-30-novye-vozmozhnosti-s-ale-v-ls-dyna.md:body,эйлеровым,"Новые возможности S-ALE в LS-DYNA
S-ALE - это стремительно развивающаяся версия решателя ALE (все чт",Эйлером | флеровым | флеровый | Эйлер | элерон,LOW,SPELLING
2018-08-30-novye-vozmozhnosti-s-ale-v-ls-dyna.md:body,счёт,"Новые возможности S-ALE в LS-DYNA
S-ALE - это стремительно развивающаяся версия решателя ALE (все чт",счет | сечь | чуть | сдуть,LOW,SPELLING
2018-08-30-novye-vozmozhnosti-s-ale-v-ls-dyna.md:body,решателем,"Новые возможности S-ALE в LS-DYNA
S-ALE - это стремительно развивающаяся версия решателя ALE (все чт",вешателем | вешателе | предателем | вешатель | делателем,LOW,SPELLING
2018-08-30-novye-vozmozhnosti-s-ale-v-ls-dyna.md:body,Хао,"Новые возможности S-ALE в LS-DYNA
S-ALE - это стремительно развивающаяся версия решателя ALE (все чт",Хаос | Ха | Хо | АО | Дао,LOW,SPELLING
2018-08-30-novye-vozmozhnosti-s-ale-v-ls-dyna.md:body,Чена,"Новые возможности S-ALE в LS-DYNA
S-ALE - это стремительно развивающаяся версия решателя ALE (все чт",Челна | Черна | Четна | Члена | Учена,LOW,SPELLING
2018-08-30-novye-vozmozhnosti-s-ale-v-ls-dyna.md:body,эйлерового,"Новые возможности S-ALE в LS-DYNA
S-ALE - это стремительно развивающаяся версия решателя ALE (все чт",флерового | флеровый | флеровою | флеровое | флеровой,LOW,SPELLING
2018-08-30-novye-vozmozhnosti-s-ale-v-ls-dyna.md:body,морфинг,"Новые возможности S-ALE в LS-DYNA
S-ALE - это стремительно развивающаяся версия решателя ALE (все чт",морфин | морфина | морфине | морфину,LOW,SPELLING
2018-08-30-novye-vozmozhnosti-s-ale-v-ls-dyna.md:body,эйлеровых,"Новые возможности S-ALE в LS-DYNA
S-ALE - это стремительно развивающаяся версия решателя ALE (все чт",флеровых | флеровый | Эйлер | элерон,LOW,SPELLING
2018-08-30-novye-vozmozhnosti-s-ale-v-ls-dyna.md:body,небыстро,"Новые возможности S-ALE в LS-DYNA
S-ALE - это стремительно развивающаяся версия решателя ALE (все чт",не быстро | не-быстро | быстро | быстрый | неострый,LOW,SPELLING
2018-08-30-novye-vozmozhnosti-s-ale-v-ls-dyna.md:body,тяжёлых,"Новые возможности S-ALE в LS-DYNA
S-ALE - это стремительно развивающаяся версия решателя ALE (все чт",тяжелых | тяглых | тяжелы | тяжелые | тяжелый,LOW,SPELLING
2018-08-31-uchet-soprotivleniya-vozduha-pri-rabote-s.md:body,Кристоф,"Учет сопротивления воздуха при работе с SPH
Данное видео - результат работы ""Approximate Air-Fluid I",Крист | Христов | Криптон | Христом | Христос,LOW,SPELLING
2018-08-31-uchet-soprotivleniya-vozduha-pri-rabote-s.md:body,Гисслер,"Учет сопротивления воздуха при работе с SPH
Данное видео - результат работы ""Approximate Air-Fluid I",Глиссер | Гитлер | Глиссера | Глиссере | Глиссеру,LOW,SPELLING
2018-08-31-uchet-soprotivleniya-vozduha-pri-rabote-s.md:body,Стефан,"Учет сопротивления воздуха при работе с SPH
Данное видео - результат работы ""Approximate Air-Fluid I",Стеган | Стесан | Степан | Стеганный | Стесанный,LOW,SPELLING
2018-08-31-uchet-soprotivleniya-vozduha-pri-rabote-s.md:body,Андреас,"Учет сопротивления воздуха при работе с SPH
Данное видео - результат работы ""Approximate Air-Fluid I",Адреса | Адрес | Андрею | Андрее | Андреи,LOW,SPELLING
2018-08-31-uchet-soprotivleniya-vozduha-pri-rabote-s.md:body,Пеер,"Учет сопротивления воздуха при работе с SPH
Данное видео - результат работы ""Approximate Air-Fluid I",Пере | Пещер | Плеер | Пер | Леер,LOW,SPELLING
2018-08-31-uchet-soprotivleniya-vozduha-pri-rabote-s.md:body,Маркус,"Учет сопротивления воздуха при работе с SPH
Данное видео - результат работы ""Approximate Air-Fluid I",Марксу | Марку | Маркс | Маркую | Марк ус,LOW,SPELLING
2018-08-31-uchet-soprotivleniya-vozduha-pri-rabote-s.md:body,Имсмен,"Учет сопротивления воздуха при работе с SPH
Данное видео - результат работы ""Approximate Air-Fluid I",Им смен | Им-смен | Имен | Смен | Измен,LOW,SPELLING
2018-08-31-uchet-soprotivleniya-vozduha-pri-rabote-s.md:body,Маттиас,"Учет сопротивления воздуха при работе с SPH
Данное видео - результат работы ""Approximate Air-Fluid I",Матрас | Мантисс | Мантисса,LOW,SPELLING
2018-08-31-uchet-soprotivleniya-vozduha-pri-rabote-s.md:body,Тешнер,"Учет сопротивления воздуха при работе с SPH
Данное видео - результат работы ""Approximate Air-Fluid I",Тендер | Тренер | Тюнер | Тенет | Тенор,LOW,SPELLING
2018-09-02-trussoptimization2d.md:body,Аманды,"TrussOptimization2D
Еще одна увлекательная КЭ игра от Аманды Гассаи (Amanda Ghassaei). На этот раз м",Армады | Анды | Тамады | Шаманы | Амиды,LOW,SPELLING
2018-09-02-trussoptimization2d.md:body,Гассаи,"TrussOptimization2D
Еще одна увлекательная КЭ игра от Аманды Гассаи (Amanda Ghassaei). На этот раз м",Гаси | Кассами | Массами | Пассажи | Рассади,LOW,SPELLING
2018-09-03-lay-up-mapping-v-ansys-acp.md:body,пенерести,"Lay-up Mapping в ANSYS ACP
Отличное демонстрационное видео, показывающее работу новой функции ACP. Т",перегрести | перекрести | перенести | перемести | перерасти,LOW,SPELLING
2018-09-19-chto-novenkogo.md:body,Изогеометрический,"Что новенького
Коллеги, я наконец вернулся из отпуска и даже справился с завалом на рабочем месте. Д",Изо геометрический | Изо-геометрический,LOW,SPELLING
2018-09-19-chto-novenkogo.md:body,Бессеточные,"Что новенького
Коллеги, я наконец вернулся из отпуска и даже справился с завалом на рабочем месте. Д",Бессточные | Бес сеточные | Бес-сеточные | Беседочные | Бессрочные,LOW,SPELLING
2018-09-20-vyshel-ansys-192.md:body,пристеночных,"Вышел ANSYS 19.2
Главная новость осени для меня - выход новой версии ANSYS. И в третьей версии ANSYS",простеночных | пристрелочных | приставочных | простеночные | простеночный,LOW,SPELLING
2018-09-20-vyshel-ansys-192.md:body,софта,"Вышел ANSYS 19.2
Главная новость осени для меня - выход новой версии ANSYS. И в третьей версии ANSYS",софита | софа | кофта | сорта | соф та,LOW,SPELLING
2018-09-20-vyshel-ansys-192.md:body,интефейсе,"Вышел ANSYS 19.2
Главная новость осени для меня - выход новой версии ANSYS. И в третьей версии ANSYS",интерфейсе | интерфейс | интерфейса | интерфейсу | интерфейсы,LOW,SPELLING
2018-09-21-ls-dyna-des.md:body,даёт,"LS-DYNA DES
Видео от LSTC, знакомящее зрителей с работой DES (Discret Element Sphere) решателя, пред",дат | дают | дает | даст | давать,LOW,SPELLING
2018-09-22-spheric.md:body,сглаженых,"SPHERIC
Всем коллегам, заинтересованным в проведении расчетов с применением гидродинамики сглаженых ",сглаженных | глаженых | сглажены,LOW,SPELLING
2018-09-22-spheric.md:body,порно,"SPHERIC
Всем коллегам, заинтересованным в проведении расчетов с применением гидродинамики сглаженых ",опорно | спорно | упорно | горно | парно,LOW,SPELLING
2018-09-25-modelirovanie-fsi-dlya-parashyuta.md:body,решателем,"Моделирование FSI для парашюта

Для моделирования парашюта вам потребуется настроить FSI между прочн",вешателем | вешателе | предателем | вешатель | делателем,LOW,SPELLING
2018-09-26-proekt-exaam.md:body,Тёрнера,"Проект ExaAM
Сегодня у нас доклад Джона Тёрнера (John Turner,  ) с прошедшей в Детройте конференции ",Тренера | Тюнера | Тонера | Триера | Кернера,LOW,SPELLING
2018-09-29-ls-dyna-global-chat.md:body,чат,"LS-DYNA Global Chat
Индийский партнер LSTC, компания KAIZENAT Technologies Private Limited, запустил",чают | чает | част | ат | мчат,LOW,SPELLING
2018-09-29-ls-dyna-global-chat.md:body,чат,"LS-DYNA Global Chat
Индийский партнер LSTC, компания KAIZENAT Technologies Private Limited, запустил",чают | чает | част | ат | мчат,LOW,SPELLING
2018-09-29-novaya-versiya-particleworks.md:body,Залипательное,"Новая версия Particleworks
Залипательное видео по возможностям Particleworks от Prometech Software, ",Занимательное | Зажигательное | Занимательный | Зажигательный,LOW,SPELLING
2018-10-01-proekt-hextreme.md:body,Лувенского,"Проект HEXTREME
Группа сотрудников Лувенского католического университета (Université catholique de L",Ленского | Венского | Эвенского | Словенского | Ливанского,LOW,SPELLING
2018-10-02-dempfirovanie-v-ls-dyna.md:body,Релеевского,"Демпфирование в LS-DYNA
Правильный учет демпфирования - один из залогов успешного моделирования дина",Рэлеевского | Рэлеевскою | Рэлеевское | Рэлеевской | Рэлеевском,LOW,SPELLING
2018-10-02-dempfirovanie-v-ls-dyna.md:body,из-за,"Демпфирование в LS-DYNA
Правильный учет демпфирования - один из залогов успешного моделирования дина",изба | извоза | изюма | из | низа,LOW,SPELLING
2018-10-05-konferentsiya-ot-nikiet.md:title,НИКИЭТ,Конференция от НИКИЭТ,НИКИТ | НИКИТА | НИКИТЕ | НИКИТУ | НИКИТЫ,LOW,SPELLING
2018-10-05-konferentsiya-ot-nikiet.md:body,НИКИЭТ,"Конференция от НИКИЭТ
В последнее врем не удалятся писать регулярно. Виной тому большое количество п",НИКИТ | НИКИТА | НИКИТЕ | НИКИТУ | НИКИТЫ,LOW,SPELLING
2018-10-05-konferentsiya-ot-nikiet.md:body,НИКИЭТ,"Конференция от НИКИЭТ
В последнее врем не удалятся писать регулярно. Виной тому большое количество п",НИКИТ | НИКИТА | НИКИТЕ | НИКИТУ | НИКИТЫ,LOW,SPELLING
2018-10-07-modelirovanie-fermennyh-konstruktsiy-v-ls.md:title,ферменных,Моделирование ферменных конструкций в LS-DYNA,ферментных | фирменных | форменных | фурменных,LOW,SPELLING
2018-10-07-modelirovanie-fermennyh-konstruktsiy-v-ls.md:body,ферменных,"Моделирование ферменных конструкций в LS-DYNA
Видеоурок на 17 минут по моделированю конструкций из б",ферментных | фирменных | форменных | фурменных,LOW,SPELLING
2018-10-07-modelirovanie-fermennyh-konstruktsiy-v-ls.md:body,Видеоурок,"Моделирование ферменных конструкций в LS-DYNA
Видеоурок на 17 минут по моделированю конструкций из б",Видео урок | Видео-урок | Видеотека | Видеотек | Видеотеке,LOW,SPELLING
2018-10-07-modelirovanie-fermennyh-konstruktsiy-v-ls.md:body,моделированю,"Моделирование ферменных конструкций в LS-DYNA
Видеоурок на 17 минут по моделированю конструкций из б",моделированию | моделирован | моделирована | моделировано | моделированы,LOW,SPELLING
2018-10-08-ischu-uchenika.md:body,Старком,"Ищу ученика
Да, я снова его ищу, ибо хороших учеников много не бывает. Хотите побыть Тони Старком?

",Стариком | Сарком | Старом | Станком | Старкою,LOW,SPELLING
2018-10-08-ischu-uchenika.md:body,дефлаграции,"Ищу ученика
Да, я снова его ищу, ибо хороших учеников много не бывает. Хотите побыть Тони Старком?

",дефлорации | декларации | дефлорация | декларация,LOW,SPELLING
2018-10-08-ischu-uchenika.md:body,лагранжевой,"Ищу ученика
Да, я снова его ищу, ибо хороших учеников много не бывает. Хотите побыть Тони Старком?

",Лагранжем | Лагранж | Лагранже,LOW,SPELLING
2018-10-08-ischu-uchenika.md:body,эйлеровой,"Ищу ученика
Да, я снова его ищу, ибо хороших учеников много не бывает. Хотите побыть Тони Старком?

",флеровой | флеровый | Эйлер | элерон,LOW,SPELLING
2018-10-08-ischu-uchenika.md:body,Поробнее,"Ищу ученика
Да, я снова его ищу, ибо хороших учеников много не бывает. Хотите побыть Тони Старком?

",Подробнее | Порожнее | Поровнее | Порожний,LOW,SPELLING
2018-10-10-ls-dyna-r11.md:body,лагранжевых,"LS-DYNA R11
Вышла новая версия решателя! Полный текст релиза доступен по ссылке в конце поста. От ме",Лагранжем | Лагранж | Лагранже,LOW,SPELLING
2018-10-13-novye-vozmozhnosti-comsol.md:body,миниприложения,"Новые возможности COMSOL
Давно я не писал про COMSOL, а между тем он не останавливается в развитии.
",мини приложения | мини-приложения,LOW,SPELLING
2018-10-13-novye-vozmozhnosti-comsol.md:body,пытыется,"Новые возможности COMSOL
Давно я не писал про COMSOL, а между тем он не останавливается в развитии.
",пытается,HIGH,SPELLING
2018-10-14-ruchnoe-vydelenie-pamyati-v-ls-dyna.md:body,раскажет,"Ручное выделение памяти в LS-DYNA
По умолчанию решатель LS-DYNA не утруждает себя таким ""низким"" и """,расскажет | рас кажет | рас-кажет | раскатать | раскачу,LOW,SPELLING
2018-10-14-ruchnoe-vydelenie-pamyati-v-ls-dyna.md:body,распределённых,"Ручное выделение памяти в LS-DYNA
По умолчанию решатель LS-DYNA не утруждает себя таким ""низким"" и """,распределенных | распределенные | распределенный | распределенным,LOW,SPELLING
2018-10-16-frustum-pokazali-generate.md:body,что-то,"Frustum показали Generate
Frustum в своем новом релизе сделали что-то неверотно крутое. Если вы про ",ото | тот | что | фото | лото,LOW,SPELLING
2018-10-16-frustum-pokazali-generate.md:body,неверотно,"Frustum показали Generate
Frustum в своем новом релизе сделали что-то неверотно крутое. Если вы про ",невероятно | невероятною | невероятное | невероятной | невероятном,LOW,SPELLING
2018-10-16-frustum-pokazali-generate.md:body,софт,"Frustum показали Generate
Frustum в своем новом релизе сделали что-то неверотно крутое. Если вы про ",софит | соф | сот | кофт | софа,LOW,SPELLING
2018-10-17-midas-meshfree-kak-eto-rabotaet.md:body,расскзала,"midas MeshFree - как это работает
Предлагаю вашему вниманию запись первого вебинара по системе midas",рассказала | рассказал | рассказа | рассекала | рассказца,LOW,SPELLING
2018-10-17-midas-meshfree-kak-eto-rabotaet.md:body,стендартные,"midas MeshFree - как это работает
Предлагаю вашему вниманию запись первого вебинара по системе midas",стандартные | стандартны | стандартнее | стандартное | стандартных,LOW,SPELLING
2018-10-17-midas-meshfree-kak-eto-rabotaet.md:body,ститика,"midas MeshFree - как это работает
Предлагаю вашему вниманию запись первого вебинара по системе midas",статика | ситника | ситчика | сатирика | скитника,LOW,SPELLING
2018-10-17-midas-meshfree-kak-eto-rabotaet.md:body,ниенйная,"midas MeshFree - как это работает
Предлагаю вашему вниманию запись первого вебинара по системе midas",ничейная | линейная | ничейный | линейный,LOW,SPELLING
2018-10-17-midas-meshfree-kak-eto-rabotaet.md:body,пропатченным,"midas MeshFree - как это работает
Предлагаю вашему вниманию запись первого вебинара по системе midas",пропаренным | пропеченным | проперченным | пропаренный | пропеченный,LOW,SPELLING
2018-10-17-midas-meshfree-kak-eto-rabotaet.md:body,Эйлеровой,"midas MeshFree - как это работает
Предлагаю вашему вниманию запись первого вебинара по системе midas",Флеровой | Флеровый | Эйлер | Элерон,LOW,SPELLING
2018-10-17-midas-meshfree-kak-eto-rabotaet.md:body,повысают,"midas MeshFree - как это работает
Предлагаю вашему вниманию запись первого вебинара по системе midas",повисают | повышают | повисать | повысить | повышать,LOW,SPELLING
2018-10-17-midas-meshfree-kak-eto-rabotaet.md:body,где-то,"midas MeshFree - как это работает
Предлагаю вашему вниманию запись первого вебинара по системе midas",одето | вдето | одетый | вдетый,LOW,SPELLING
2018-10-17-midas-meshfree-kak-eto-rabotaet.md:body,верификационные,"midas MeshFree - как это работает
Предлагаю вашему вниманию запись первого вебинара по системе midas",сертификационные | тарификационные | сертификационный | тарификационный,LOW,SPELLING
2018-10-17-midas-meshfree-kak-eto-rabotaet.md:body,сранения,"midas MeshFree - как это работает
Предлагаю вашему вниманию запись первого вебинара по системе midas",сравнения | ранения | гранения | хранения | сражения,LOW,SPELLING
2018-10-17-midas-meshfree-kak-eto-rabotaet.md:body,что-то,"midas MeshFree - как это работает
Предлагаю вашему вниманию запись первого вебинара по системе midas",ото | тот | что | фото | лото,LOW,SPELLING
2018-10-17-midas-meshfree-kak-eto-rabotaet.md:body,сомнимаюсь,"midas MeshFree - как это работает
Предлагаю вашему вниманию запись первого вебинара по системе midas",сомни маюсь | сомни-маюсь | обнимаюсь | поднимаюсь | сомневаюсь,LOW,SPELLING
2018-10-17-midas-meshfree-kak-eto-rabotaet.md:body,напрядений,"midas MeshFree - как это работает
Предлагаю вашему вниманию запись первого вебинара по системе midas",напряжений | нападений | напряжению | напряжение | напряжении,LOW,SPELLING
2018-10-17-midas-meshfree-kak-eto-rabotaet.md:body,пластикой,"midas MeshFree - как это работает
Предлагаю вашему вниманию запись первого вебинара по системе midas",пластинкой | пластиком | пластиков | пластиной | пластик ой,LOW,SPELLING
2018-10-17-midas-meshfree-kak-eto-rabotaet.md:body,регуляроной,"midas MeshFree - как это работает
Предлагаю вашему вниманию запись первого вебинара по системе midas",регулярной | регуляторной | регулярно | регулярней | регулярною,LOW,SPELLING
2018-10-17-midas-meshfree-kak-eto-rabotaet.md:body,возмоность,"midas MeshFree - как это работает
Предлагаю вашему вниманию запись первого вебинара по системе midas",возможность | возможностью | возможности,LOW,SPELLING
2018-10-17-midas-meshfree-kak-eto-rabotaet.md:body,бессеточные,"midas MeshFree - как это работает
Предлагаю вашему вниманию запись первого вебинара по системе midas",бессточные | бес сеточные | бес-сеточные | беседочные | бессрочные,LOW,SPELLING
2018-10-17-midas-meshfree-kak-eto-rabotaet.md:body,бессеточный,"midas MeshFree - как это работает
Предлагаю вашему вниманию запись первого вебинара по системе midas",бессточный | бес сеточный | бес-сеточный | беседочный | бессрочный,LOW,SPELLING
2018-10-17-midas-meshfree-kak-eto-rabotaet.md:body,нелиенйные,"midas MeshFree - как это работает
Предлагаю вашему вниманию запись первого вебинара по системе midas",нелинейные | нелинейны | нелинейное | нелинейных | нелинейный,LOW,SPELLING
2018-10-17-midas-meshfree-kak-eto-rabotaet.md:body,инжерена,"midas MeshFree - как это работает
Предлагаю вашему вниманию запись первого вебинара по системе midas",интересна | инертна | интерна | инженера | интереса,LOW,SPELLING
2018-10-20-kak-zastavit-openfoam-schitat-mehaniku.md:body,Джибран,"Как заставить OpenFOAM считать механику в явной постановке
Джибран Хайдер (Jibran Haider) опубликова",Диборан | Прибран | Прибранный,LOW,SPELLING
2018-10-20-kak-zastavit-openfoam-schitat-mehaniku.md:body,Хайдер,"Как заставить OpenFOAM считать механику в явной постановке
Джибран Хайдер (Jibran Haider) опубликова",Хандре | Хакер | Баядер | Халдею | Халдее,LOW,SPELLING
2018-10-20-kak-zastavit-openfoam-schitat-mehaniku.md:body,окрытым,"Как заставить OpenFOAM считать механику в явной постановке
Джибран Хайдер (Jibran Haider) опубликова",открытым | крытым | покрытым | сокрытым | отрытым,LOW,SPELLING
2018-10-21-altair-anonsiroval-pokupku-simsolid.md:body,поглащение,"Altair анонсировал покупку SIMSOLID
На прошедшей неделе произошел один очень значительный анонс в ми",поглощение | поглощением | оглашение | погашение | поглощению,LOW,SPELLING
2018-10-21-altair-anonsiroval-pokupku-simsolid.md:body,паблике,"Altair анонсировал покупку SIMSOLID
На прошедшей неделе произошел один очень значительный анонс в ми",публике | Павлике | па блике | па-блике | паб лике,LOW,SPELLING
2018-10-21-altair-anonsiroval-pokupku-simsolid.md:body,бессеточным,"Altair анонсировал покупку SIMSOLID
На прошедшей неделе произошел один очень значительный анонс в ми",бессточным | бес сеточным | бес-сеточным | бессточными | беседочным,LOW,SPELLING
2018-10-21-altair-anonsiroval-pokupku-simsolid.md:body,решателем,"Altair анонсировал покупку SIMSOLID
На прошедшей неделе произошел один очень значительный анонс в ми",вешателем | вешателе | предателем | вешатель | делателем,LOW,SPELLING
2018-10-21-altair-anonsiroval-pokupku-simsolid.md:body,особенностяхи,"Altair анонсировал покупку SIMSOLID
На прошедшей неделе произошел один очень значительный анонс в ми",особенностях | особенностями | особенности,LOW,SPELLING
2018-10-21-altair-anonsiroval-pokupku-simsolid.md:body,Апановича,"Altair анонсировал покупку SIMSOLID
На прошедшей неделе произошел один очень значительный анонс в ми",Адамовича | Ивановича | Адамович | Иванович,LOW,SPELLING
2018-10-21-altair-anonsiroval-pokupku-simsolid.md:body,Белоруси,"Altair анонсировал покупку SIMSOLID
На прошедшей неделе произошел один очень значительный анонс в ми",Белоруски | Белорус | Белоруса | Белорусе | Белорусу,LOW,SPELLING
2018-10-23-modelirovanie-ustanovki-stenta-v-ls-dyna.md:title,стента,Моделирование установки стента в LS-DYNA Implicit,стена | тента | стенда | стенка | стерта,LOW,SPELLING
2018-10-23-modelirovanie-ustanovki-stenta-v-ls-dyna.md:body,стента,"Моделирование установки стента в LS-DYNA Implicit
Видео с невероятно крутым расчетом установки стент",стена | тента | стенда | стенка | стерта,LOW,SPELLING
2018-10-23-modelirovanie-ustanovki-stenta-v-ls-dyna.md:body,стента,"Моделирование установки стента в LS-DYNA Implicit
Видео с невероятно крутым расчетом установки стент",стена | тента | стенда | стенка | стерта,LOW,SPELLING
2018-10-23-modelirovanie-ustanovki-stenta-v-ls-dyna.md:body,надува,"Моделирование установки стента в LS-DYNA Implicit
Видео с невероятно крутым расчетом установки стент",наддува | надуваю | надувай | надувал | надувая,LOW,SPELLING
2018-10-25-tot-samyy-vebinar-po-generate.md:body,порно,"Тот самый вебинар по GENERATE
Наконец стала доступна для всеобщего просмотра запись показа новых воз",опорно | спорно | упорно | горно | парно,LOW,SPELLING
2018-10-26-19-yy-reliz-ot-beta-cae.md:body,софта,"19-ый релиз от BETA CAE
Разработчики в 3-х видео показали новые возможности своего обновленного набо",софита | софа | кофта | сорта | соф та,LOW,SPELLING
2018-10-28-multi-body-motion-v-rocky-dem.md:body,кто-то,"Multi-body motion в Rocky DEM
Наконец кто-то смог показать демо по работе Rocky с твердотельными мод",Киото | котом | котов | кот | кто,LOW,SPELLING
2018-10-28-multi-body-motion-v-rocky-dem.md:body,демо,"Multi-body motion в Rocky DEM
Наконец кто-то смог показать демо по работе Rocky с твердотельными мод",демон | дело | депо | немо | семо,LOW,SPELLING
2018-10-31-civilfem-apps-for-wb-video-primer.md:body,интрефейса,"CivilFEM APPs for WB - видео пример
Только нас пригласили на вебинар по данному долгожданному развит",интерфейса | интерфейсах | интерфейсам | интерфейс | интерфейсе,LOW,SPELLING
2018-11-02-obnovlennyy-ansys-appstore.md:title,Обновлённый,Обновлённый ANSYS AppStore,Обновленный | Обновленной | Обновленные | Обновленных | Обновленным,LOW,SPELLING
2018-11-02-obnovlennyy-ansys-appstore.md:body,Обновлённый,"Обновлённый ANSYS AppStore
Вместе с релизом ANSYS 19.2 незаметно произошло обновление магазина ACT р",Обновленный | Обновленной | Обновленные | Обновленных | Обновленным,LOW,SPELLING
2018-11-02-obnovlennyy-ansys-appstore.md:body,ещё,"Обновлённый ANSYS AppStore
Вместе с релизом ANSYS 19.2 незаметно произошло обновление магазина ACT р",еще | щей | щек | щеп | лещ,LOW,SPELLING
2018-11-04-sozdanie-voln-v-abaqus.md:body,эйлеровой,"Создание волн в Abaqus
Учебное видео на 25 минут, которое показывает, как при помощи подвижной грани",флеровой | флеровый | Эйлер | элерон,LOW,SPELLING
2018-11-07-mpcci-svyazka-lyubyh-raschetnyh-kodov-dlya.md:body,поволяет,Презентация от великого и ужасного общества Fraunhofer по их системе связки любых кодов для выполнен,позволяет | поваляет | дозволяет,LOW,SPELLING
2018-11-09-atena-dlya-modelirovaniya-betona.md:body,верификационных,"ATENA для моделирования бетона

Чешская система ATENA умеет моделировать железобетон во всех его про",сертификационных | тарификационных | сертификационный | тарификационный,LOW,SPELLING
2018-11-11-aerouprugost-mostov.md:body,Такомский,"Аэроупругость мостов
Мои коллеги уже несколько раз выполняли проекты, связанные с аэроупругостью мос",Таковский | Так омский | Так-омский | Томский | Каковский,LOW,SPELLING
2018-11-14-primenenie-spg-v-zadachah-frezirovki-i-pr.md:title,фрезировки,Применение SPG в задачах фрезировки и пробивания,фразировки | фрезеровки | фразировка,LOW,SPELLING
2018-11-14-primenenie-spg-v-zadachah-frezirovki-i-pr.md:body,фрезировки,"Применение SPG в задачах фрезировки и пробивания

Хорошая статья от LSTC, посвященная изучению работ",фразировки | фрезеровки | фразировка,LOW,SPELLING
2018-11-14-primenenie-spg-v-zadachah-frezirovki-i-pr.md:body,фрезировки,"Применение SPG в задачах фрезировки и пробивания

Хорошая статья от LSTC, посвященная изучению работ",фразировки | фрезеровки | фразировка,LOW,SPELLING
2018-11-14-primenenie-spg-v-zadachah-frezirovki-i-pr.md:body,бессеточных,"Применение SPG в задачах фрезировки и пробивания

Хорошая статья от LSTC, посвященная изучению работ",бессточных | бес сеточных | бес-сеточных | беседочных | бессрочных,LOW,SPELLING
2018-11-14-primenenie-spg-v-zadachah-frezirovki-i-pr.md:body,бессеточный,"Применение SPG в задачах фрезировки и пробивания

Хорошая статья от LSTC, посвященная изучению работ",бессточный | бес сеточный | бес-сеточный | беседочный | бессрочный,LOW,SPELLING
2018-11-15-luchistyy-teploobmen-v-mehanike.md:body,видеоуроке,"Лучистый теплообмен в механике
Мой московский коллега в своем 20-ти минутном видеоуроке раскрывает т",видео уроке | видео-уроке,LOW,SPELLING
2018-11-16-europlexus.md:body,межет,"EUROPLEXUS
Если верить описанию разработчиков, то EUROPLEXUS - это код, специализирующийся на решени",меже | мажет | мелет | метет | межей,LOW,SPELLING
2018-11-16-europlexus.md:body,можен,"EUROPLEXUS
Если верить описанию разработчиков, то EUROPLEXUS - это код, специализирующийся на решени",ложен | моден | морен | можем | может,LOW,SPELLING
2018-11-17-zapis-vebiniar-po-civilfem-apps.md:body,промодления,"Запись вебиниар по CivilFEM APPs
Ingeciber без лишнего промодления выложил на своем канале запись ве",промедления | продления | прободения | промедлению | промедление,LOW,SPELLING
2018-11-17-zapis-vebiniar-po-civilfem-apps.md:body,посмотеть,"Запись вебиниар по CivilFEM APPs
Ingeciber без лишнего промодления выложил на своем канале запись ве",посмотреть | подсмотреть | просмотреть | осмотреть | посметь,LOW,SPELLING
2018-11-17-zapis-vebiniar-po-civilfem-apps.md:body,интефейс,"Запись вебиниар по CivilFEM APPs
Ingeciber без лишнего промодления выложил на своем канале запись ве",интерфейс | интерфейса | интерфейсе | интерфейсу | интерфейсы,LOW,SPELLING
2018-11-17-zapis-vebiniar-po-civilfem-apps.md:body,качесвте,"Запись вебиниар по CivilFEM APPs
Ingeciber без лишнего промодления выложил на своем канале запись ве",качестве | качеств | ткачестве | качества | качество,LOW,SPELLING
2018-11-17-zapis-vebiniar-po-civilfem-apps.md:body,интефейс,"Запись вебиниар по CivilFEM APPs
Ingeciber без лишнего промодления выложил на своем канале запись ве",интерфейс | интерфейса | интерфейсе | интерфейсу | интерфейсы,LOW,SPELLING
2018-11-18-postroenie-setki-s-iskusstvennym-intelle.md:body,решателем,"Построение сетки с искусственным интеллектом
Компания Zenotech, провайдер облачных CFD расчетов на с",вешателем | вешателе | предателем | вешатель | делателем,LOW,SPELLING
2018-11-18-postroenie-setki-s-iskusstvennym-intelle.md:body,что-то,"Построение сетки с искусственным интеллектом
Компания Zenotech, провайдер облачных CFD расчетов на с",ото | тот | что | фото | лото,LOW,SPELLING
2018-11-18-postroenie-setki-s-iskusstvennym-intelle.md:body,хайпа,"Построение сетки с искусственным интеллектом
Компания Zenotech, провайдер облачных CFD расчетов на с",хайла | Хайфа | хай па | хай-па | храпа,LOW,SPELLING
2018-11-19-znakomimsya-s-diana.md:body,нефтянки,"Знакомимся с DIANA
Мои читатели рассказали мне, что есть такая штука, как DIANA, и я решил обратить ",нефтяник | нефтяники | нефтяника,LOW,SPELLING
2018-11-20-setochnyy-generator-meshworks-ot-dep.md:body,открым,"Сеточный генератор MeshWorks от DEP
Сегодня я хочу познакомить вас с разработкой компании Detroit En",открыл | открыт | открыв | окр | ОТК,LOW,SPELLING
2018-11-23-lammps-rasskazhet-o-razrushenii-materialov.md:body,Сандийскими,"LAMMPS расскажет о разрушении материалов
Молекулярная динамика (Molecular Dynamics Simulation, MDS) ",Индийскими | Руандийскими | Угандийскими | Бандитскими | Мансийскими,LOW,SPELLING
2018-11-23-lammps-rasskazhet-o-razrushenii-materialov.md:body,Ливерморской,"LAMMPS расскажет о разрушении материалов
Молекулярная динамика (Molecular Dynamics Simulation, MDS) ",Ливер морской | Ливер-морской,LOW,SPELLING
2018-11-23-lammps-rasskazhet-o-razrushenii-materialov.md:body,Булатова,"LAMMPS расскажет о разрушении материалов
Молекулярная динамика (Molecular Dynamics Simulation, MDS) ",Булата | Булава | Булатом | Булат | Хелатов,LOW,SPELLING
2018-11-23-lammps-rasskazhet-o-razrushenii-materialov.md:body,бессеточной,"LAMMPS расскажет о разрушении материалов
Молекулярная динамика (Molecular Dynamics Simulation, MDS) ",бессточной | бес сеточной | бес-сеточной | беседочной | бессрочной,LOW,SPELLING
2018-11-24-ptc-kupil-frustum.md:body,стартап,"PTC купил Frustum
И еще одна громкая покупка на этой неделе. PTC, один из пионеров и столпов CAD, а ",старта | стартах | стартам,LOW,SPELLING
2018-11-24-ptc-kupil-frustum.md:body,70m,"PTC купил Frustum
И еще одна громкая покупка на этой неделе. PTC, один из пионеров и столпов CAD, а ",а | и | к | о | я,LOW,SPELLING
2018-11-24-ptc-kupil-frustum.md:body,своб,"PTC купил Frustum
И еще одна громкая покупка на этой неделе. PTC, один из пионеров и столпов CAD, а ",сдоб | скоб | сноб | свою | свод,LOW,SPELLING
2018-11-24-ptc-kupil-frustum.md:body,перспективынх,"PTC купил Frustum
И еще одна громкая покупка на этой неделе. PTC, один из пионеров и столпов CAD, а ",перспективных | перспективны | перспективные | перспективный | перспективным,LOW,SPELLING
2018-11-24-ptc-kupil-frustum.md:body,молыдых,"PTC купил Frustum
И еще одна громкая покупка на этой неделе. PTC, один из пионеров и столпов CAD, а ",молодых | молодой | моленых,LOW,SPELLING
2018-11-24-ptc-kupil-frustum.md:body,угроков,"PTC купил Frustum
И еще одна громкая покупка на этой неделе. PTC, один из пионеров и столпов CAD, а ",уроков | игроков | юрок,LOW,SPELLING
2018-11-24-ptc-kupil-frustum.md:body,осбенно,"PTC купил Frustum
И еще одна громкая покупка на этой неделе. PTC, один из пионеров и столпов CAD, а ",особенно | особенною | особенное | особенной | особенном,LOW,SPELLING
2018-11-24-ptc-kupil-frustum.md:body,оптимизацби,"PTC купил Frustum
И еще одна громкая покупка на этой неделе. PTC, один из пионеров и столпов CAD, а ",оптимизации | оптимизацию | оптимизаций | оптимизация,LOW,SPELLING
2018-11-24-ptc-kupil-frustum.md:body,имногие,"PTC купил Frustum
И еще одна громкая покупка на этой неделе. PTC, один из пионеров и столпов CAD, а ",многие | миноге | миноги | многих | многий,LOW,SPELLING
2018-11-24-ptc-kupil-frustum.md:body,станетс,"PTC купил Frustum
И еще одна громкая покупка на этой неделе. PTC, один из пионеров и столпов CAD, а ",станется | станет | станете,LOW,SPELLING
2018-11-27-metodika-ispolzovaniya-null-shell.md:body,чего-то,"Методика использования NULL SHELL
Рассказываю о широко известном в узких кругах трюке, обеспечивающе",чего | неготов | чеботом | чеботов | чебот,LOW,SPELLING
2018-11-27-metodika-ispolzovaniya-null-shell.md:body,жеского,"Методика использования NULL SHELL
Рассказываю о широко известном в узких кругах трюке, обеспечивающе",женского | жесткого | веского,LOW,SPELLING
2018-11-27-metodika-ispolzovaniya-null-shell.md:body,чем-то,"Методика использования NULL SHELL
Рассказываю о широко известном в узких кругах трюке, обеспечивающе",четно | четою | четой | четок | чебот,LOW,SPELLING
2018-11-28-magicheskoe-proektirovanie.md:body,так-то,"Магическое проектирование
Я понимаю, что англоязычные термины нуждаются в переводе, и, что порою их ",тактом | тактов | такт | факто | такта,LOW,SPELLING
2018-11-28-magicheskoe-proektirovanie.md:body,базворд,"Магическое проектирование
Я понимаю, что англоязычные термины нуждаются в переводе, и, что порою их ",развод | развода | разводе | разводу | разводы,LOW,SPELLING
2018-11-28-magicheskoe-proektirovanie.md:body,что-то,"Магическое проектирование
Я понимаю, что англоязычные термины нуждаются в переводе, и, что порою их ",ото | тот | что | фото | лото,LOW,SPELLING
2018-11-28-magicheskoe-proektirovanie.md:body,вендоров,"Магическое проектирование
Я понимаю, что англоязычные термины нуждаются в переводе, и, что порою их ",военкоров | теноров | венгров | Федоров | цензоров,LOW,SPELLING
2018-11-28-magicheskoe-proektirovanie.md:body,аддитивки,"Магическое проектирование
Я понимаю, что англоязычные термины нуждаются в переводе, и, что порою их ",аддитивен | аддитивна | аддитивно | аддитивны | аддитивный,LOW,SPELLING
2018-11-28-magicheskoe-proektirovanie.md:body,ещё,"Магическое проектирование
Я понимаю, что англоязычные термины нуждаются в переводе, и, что порою их ",еще | щей | щек | щеп | лещ,LOW,SPELLING
2018-11-28-magicheskoe-proektirovanie.md:body,серьёзных,"Магическое проектирование
Я понимаю, что англоязычные термины нуждаются в переводе, и, что порою их ",серьезных | серозных | серьезны | серьезные | серьезный,LOW,SPELLING
2018-11-28-magicheskoe-proektirovanie.md:body,вендоров,"Магическое проектирование
Я понимаю, что англоязычные термины нуждаются в переводе, и, что порою их ",военкоров | теноров | венгров | Федоров | цензоров,LOW,SPELLING
2018-11-29-prosto-psihodelicheskie-kartinki.md:body,кончиились,"Просто психоделические картинки
Совсем кончиились силы - просто сижу и залипаю на эти GIF

 


 

 
",кончились | окончились | кончались | кончилась | кончилось,LOW,SPELLING
2018-11-29-prosto-psihodelicheskie-kartinki.md:body,залипаю,"Просто психоделические картинки
Совсем кончиились силы - просто сижу и залипаю на эти GIF

 


 

 
",закипаю | залапаю | заливаю | заляпаю | защипаю,LOW,SPELLING
2018-12-02-applied-science-international-i-chestnoe.md:body,вебнара,"Запись вебнара от Applied Science International, про то, как они при помощи своего кода ELS (Extreme",кенара | вебера | венгра | Венера | Веймара,LOW,SPELLING
2018-12-02-applied-science-international-i-chestnoe.md:body,знаменитов,"Запись вебнара от Applied Science International, про то, как они при помощи своего кода ELS (Extreme",знаменито | знаменитою | знаменитое | знаменитой | знаменитом,LOW,SPELLING
2018-12-02-applied-science-international-i-chestnoe.md:body,эксперимен,"Запись вебнара от Applied Science International, про то, как они при помощи своего кода ELS (Extreme",эксперимент | эксперимента | эксперименте | эксперименту | эксперименты,LOW,SPELLING
2018-12-02-applied-science-international-i-chestnoe.md:body,предсказывае,"Запись вебнара от Applied Science International, про то, как они при помощи своего кода ELS (Extreme",предсказываем | предсказывает | предсказываю | предсказывай | предсказывал,LOW,SPELLING
2018-12-02-applied-science-international-i-chestnoe.md:body,что-то,"Запись вебнара от Applied Science International, про то, как они при помощи своего кода ELS (Extreme",ото | тот | что | фото | лото,LOW,SPELLING
2018-12-02-applied-science-international-i-chestnoe.md:body,парметра,"Запись вебнара от Applied Science International, про то, как они при помощи своего кода ELS (Extreme",параметра | пар метра | пар-метра | параметрах | параметрам,LOW,SPELLING
2018-12-04-autodesk-cfd.md:body,кто-то,"Autodesk CFD
Небольшой ликбез по CFD решениям начального уровня от Autodesk

Разработчики сами позиц",Киото | котом | котов | кот | кто,LOW,SPELLING
2018-12-06-padenie-asteroida-v-okean.md:body,визулизация,"Падение астероида в океан
Спецы из  Los Alamos при помощи вычислительного кода RAGE провели очень лю",визуализация | визуализацию | визуализации,LOW,SPELLING
2018-12-07-uchebnaya-statya-lattice-optimization-v-a.md:body,пошагово,"Учебная статья: Lattice Optimization в ANSYS Mechanical
Коллеги из Padtinc написали отличный пост, г",пошаговою | пошаговое | пошаговой | пошаговом,LOW,SPELLING
2018-12-07-uchebnaya-statya-lattice-optimization-v-a.md:body,помомщи,"Учебная статья: Lattice Optimization в ANSYS Mechanical
Коллеги из Padtinc написали отличный пост, г",помощи | поморщи | поморщить,LOW,SPELLING
2018-12-07-uchebnaya-statya-lattice-optimization-v-a.md:body,расчётов,"Учебная статья: Lattice Optimization в ANSYS Mechanical
Коллеги из Padtinc написали отличный пост, г",расчетов | расчет | насчет,LOW,SPELLING
2018-12-08-lego-crash-test.md:body,недеформируемый,"LEGO crash test
На этот раз у нас очень серьезное испытание для LS-DYNA: моделирование удара в недеф",не деформируемый | не-деформируемый | деформируемый | деформируемой | деформируемые,LOW,SPELLING
2018-12-08-lego-crash-test.md:body,достпно,"LEGO crash test
На этот раз у нас очень серьезное испытание для LS-DYNA: моделирование удара в недеф",доступно | доступною | доступное | доступной | доступном,LOW,SPELLING
2018-12-08-lego-crash-test.md:body,реалного,"LEGO crash test
На этот раз у нас очень серьезное испытание для LS-DYNA: моделирование удара в недеф",реального | резального | резаного | ареального | раешного,LOW,SPELLING
2018-12-08-lego-crash-test.md:body,подтвержают,"LEGO crash test
На этот раз у нас очень серьезное испытание для LS-DYNA: моделирование удара в недеф",подтверждают | подтверждать | подтверждаю | подтверждает | подвергают,LOW,SPELLING
2018-12-08-lego-crash-test.md:body,впечетлающие,"LEGO crash test
На этот раз у нас очень серьезное испытание для LS-DYNA: моделирование удара в недеф",впечатляющие | впечатляющий | впечатляюще | впечатляющее | впечатляющих,LOW,SPELLING
2018-12-08-lego-crash-test.md:body,белопастности,"LEGO crash test
На этот раз у нас очень серьезное испытание для LS-DYNA: моделирование удара в недеф",безопасности | безопасность | безопасностью,LOW,SPELLING
2018-12-09-sopromat-dlya-ios.md:body,перерезывающих,"Сопромат для iOS

Очень полезное на первом курсе приложение Sketchalyze для iOS умеет считать эпюры ",перерезающих | переделывающих | пережевывающих | перевязывающих | перерезающий,LOW,SPELLING
2018-12-09-sopromat-dlya-ios.md:body,домашку,"Сопромат для iOS

Очень полезное на первом курсе приложение Sketchalyze для iOS умеет считать эпюры ",домишку | ромашку | домишек,LOW,SPELLING
2018-12-10-osnovy-teorii-kolebaniy-s-abaqus.md:body,грузика,"Основы теории колебаний с Abaqus
Очень простой и наглядный пример моделирования грузика на пружинке ",грузинка | грузчика | грузила | грузина | грузи ка,LOW,SPELLING
2018-12-11-shrink-wrapping-dlya-uproscheniya-stl.md:body,демо,"Shrink-wrapping для упрощения STL
Небольшое демо от Polygonica по работе Shrink-wrapping для существ",демон | дело | депо | немо | семо,LOW,SPELLING
2018-12-11-shrink-wrapping-dlya-uproscheniya-stl.md:body,полигональности,"Shrink-wrapping для упрощения STL
Небольшое демо от Polygonica по работе Shrink-wrapping для существ",политональности | политональность | политональностью,LOW,SPELLING
2018-12-16-sostoyalsya-reliz-3dexperience-r2019x.md:title,R2019x,Состоялся релиз 3DEXPERIENCE R2019x,А | И | К | О | Я,LOW,SPELLING
2018-12-16-sostoyalsya-reliz-3dexperience-r2019x.md:body,R2019x,"Состоялся релиз 3DEXPERIENCE R2019x
Вышла новая версия CAE платформы Dassault Systems. Ее основные б",А | И | К | О | Я,LOW,SPELLING
2018-12-16-sostoyalsya-reliz-3dexperience-r2019x.md:body,юниты,"Состоялся релиз 3DEXPERIENCE R2019x
Вышла новая версия CAE платформы Dassault Systems. Ее основные б",ниты | юницы | юлит,LOW,SPELLING
2018-12-16-sostoyalsya-reliz-3dexperience-r2019x.md:body,Юниты,"Состоялся релиз 3DEXPERIENCE R2019x
Вышла новая версия CAE платформы Dassault Systems. Ее основные б",Ниты | Юницы | Юлит,LOW,SPELLING
2018-12-16-sostoyalsya-reliz-3dexperience-r2019x.md:body,интресует,"Состоялся релиз 3DEXPERIENCE R2019x
Вышла новая версия CAE платформы Dassault Systems. Ее основные б",интересует | интересовать | интересуют,LOW,SPELLING
2018-12-16-sostoyalsya-reliz-3dexperience-r2019x.md:body,как-то,"Состоялся релиз 3DEXPERIENCE R2019x
Вышла новая версия CAE платформы Dassault Systems. Ее основные б",факто | какао | акт,LOW,SPELLING
2018-12-16-sostoyalsya-reliz-3dexperience-r2019x.md:body,R2019x,"Состоялся релиз 3DEXPERIENCE R2019x
Вышла новая версия CAE платформы Dassault Systems. Ее основные б",А | И | К | О | Я,LOW,SPELLING
2018-12-17-ls-dyna-kcc-r4.md:body,неармированной,"LS-DYNA KCC R4
Случайно наткнулся на материалы одной около военной конференции, где подробно рассмат",не армированной | не-армированной | армированной | ненормированной | нормированной,LOW,SPELLING
2018-12-20-retro-vecherinka.md:body,демонтрационными,"Ретро вечеринка




Пост для тех, кто знает что такое Fortran и помнит кто такой Вольтрон, специальн",демонстрационными | демонстрационным | демонстрационный,LOW,SPELLING
2018-12-20-retro-vecherinka.md:body,флешках,"Ретро вечеринка




Пост для тех, кто знает что такое Fortran и помнит кто такой Вольтрон, специальн",флешах | плешках | блеск,LOW,SPELLING
2018-12-20-retro-vecherinka.md:body,софта,"Ретро вечеринка




Пост для тех, кто знает что такое Fortran и помнит кто такой Вольтрон, специальн",софита | софа | кофта | сорта | соф та,LOW,SPELLING
2018-12-20-retro-vecherinka.md:body,фотки,"Ретро вечеринка




Пост для тех, кто знает что такое Fortran и помнит кто такой Вольтрон, специальн",фортки | фоки | фомки | лотки | мотки,LOW,SPELLING
2018-12-21-ansys-podruzhitsya-s-prometech-software-i.md:body,бессеточных,"ANSYS подружится с Prometech Software, Inc.

В прошедший понедельник на своей конференции японская к",бессточных | бес сеточных | бес-сеточных | беседочных | бессрочных,LOW,SPELLING
2018-12-21-ansys-podruzhitsya-s-prometech-software-i.md:body,бессеточный,"ANSYS подружится с Prometech Software, Inc.

В прошедший понедельник на своей конференции японская к",бессточный | бес сеточный | бес-сеточный | беседочный | бессрочный,LOW,SPELLING
2018-12-21-ansys-podruzhitsya-s-prometech-software-i.md:body,слошинш,"ANSYS подружится с Prometech Software, Inc.

В прошедший понедельник на своей конференции японская к",блошиный | блошиная | блошиною | блошиное | блошиной,LOW,SPELLING
2018-12-22-o-metode-konechnyh-elementov-40-let-nazad.md:body,суперкомпьютеров,"О методе конечных элементов 40 лет назад


 



Не знаю как, но в сети мне попался этот великолепный",супер компьютеров | супер-компьютеров,LOW,SPELLING
2018-12-23-modelirovanie-erozii-vo-fluent.md:body,присходит,"Моделирование эрозии во Fluent
Как по мне, так очень полезный урок по моделированию эрозионного изно",происходит | приходит | пр исходит | пр-исходит | при сходит,LOW,SPELLING
2018-12-23-modelirovanie-erozii-vo-fluent.md:body,морфинга,"Моделирование эрозии во Fluent
Как по мне, так очень полезный урок по моделированию эрозионного изно",морфина | морфин га | морфин-га | морфин | морфине,LOW,SPELLING
2018-12-24-smotrim-na-msc-apex-v-plane-podgotovki-s.md:body,блочноструктурированная,"Смотрим на MSC Apex в плане подготовки сетки

Всегда полезно знать, что там у конкурентов, и сегодня",блочно структурированная | блочно-структурированная,LOW,SPELLING
2018-12-25-creo-simulation-live-free-betatrial.md:body,встроеный,"Creo Simulation Live - free beta/trial

Результатом дружбы ANSYS и PTC стал замечательный продукт Cr",встроенный | встроены | строенный,LOW,SPELLING
2018-12-25-creo-simulation-live-free-betatrial.md:body,добавте,"Creo Simulation Live - free beta/trial

Результатом дружбы ANSYS и PTC стал замечательный продукт Cr",добавите | добавьте | добавке,LOW,SPELLING
2018-12-25-creo-simulation-live-free-betatrial.md:body,скачивание,"Creo Simulation Live - free beta/trial

Результатом дружбы ANSYS и PTC стал замечательный продукт Cr",скашивание | смачивание | стачивание | укачивание | вкачивание,LOW,SPELLING
2018-12-25-creo-simulation-live-free-betatrial.md:body,вермиии,"Creo Simulation Live - free beta/trial

Результатом дружбы ANSYS и PTC стал замечательный продукт Cr",фермии | вериги | верили | версии | вервии,LOW,SPELLING
2018-12-25-creo-simulation-live-free-betatrial.md:body,демо,"Creo Simulation Live - free beta/trial

Результатом дружбы ANSYS и PTC стал замечательный продукт Cr",демон | дело | депо | немо | семо,LOW,SPELLING
2018-12-26-bolshoy-vebinar-po-ansys-meshing.md:body,воможностей,"Большой вебинар по ANSYS Meshing

Mallett Technology записали часовое видео по работе с ANSYS Meshin",возможностей | возможность | волосность,LOW,SPELLING
2018-12-26-bolshoy-vebinar-po-ansys-meshing.md:body,сонове,"Большой вебинар по ANSYS Meshing

Mallett Technology записали часовое видео по работе с ANSYS Meshin",основе | основ | слоновое | слоновье | слоновые,LOW,SPELLING
2018-12-26-bolshoy-vebinar-po-ansys-meshing.md:body,снатдарных,"Большой вебинар по ANSYS Meshing

Mallett Technology записали часовое видео по работе с ANSYS Meshin",статарных | статуарных | статарный | статуарный,LOW,SPELLING
2018-12-26-bolshoy-vebinar-po-ansys-meshing.md:body,сетоных,"Большой вебинар по ANSYS Meshing

Mallett Technology записали часовое видео по работе с ANSYS Meshin",сеточных | сетных | сет оных | сет-оных | сетной,LOW,SPELLING
2018-12-26-bolshoy-vebinar-po-ansys-meshing.md:body,нельщя,"Большой вебинар по ANSYS Meshing

Mallett Technology записали часовое видео по работе с ANSYS Meshin",нельзя | келья | немощь | сельдь,LOW,SPELLING
2018-12-26-bolshoy-vebinar-po-ansys-meshing.md:body,влияни,"Большой вебинар по ANSYS Meshing

Mallett Technology записали часовое видео по работе с ANSYS Meshin",влиянию | влияние | влиянии | влияний | влияния,LOW,SPELLING
2018-12-27-generatsiya-hex-setok-v-meshworks.md:body,что-то,"Генерация HEX сеток в MeshWorks

Небольшая выдержка из вебинара DEP (Detroit Engineered Products) по",ото | тот | что | фото | лото,LOW,SPELLING
2018-12-28-setochnyy-generator-polycut.md:body,гененировать,"Сеточный генератор PolyCut




В 2013 году группа ученых из Университета Британской Колумбии впервые",генерировать | генерировал | генерировала | генерировали | генерировало,LOW,SPELLING
2018-12-28-setochnyy-generator-polycut.md:body,верию,"Сеточный генератор PolyCut




В 2013 году группа ученых из Университета Британской Колумбии впервые",версию | вервию | верю | церию | серию,LOW,SPELLING
2018-12-28-setochnyy-generator-polycut.md:body,где-то,"Сеточный генератор PolyCut




В 2013 году группа ученых из Университета Британской Колумбии впервые",одето | вдето | одетый | вдетый,LOW,SPELLING
2018-12-29-raylab-raschety-geometricheskoy-optiki-v.md:body,сипоьзования,"RayLab - расчеты геометрической оптики в iOS

Очередное серьезное CAE приложение для iPhone/iPad поз",использования | использование | использованию | использовании,LOW,SPELLING
2018-12-29-raylab-raschety-geometricheskoy-optiki-v.md:body,расшиенного,"RayLab - расчеты геометрической оптики в iOS

Очередное серьезное CAE приложение для iPhone/iPad поз",расширенного | расшибленного | расхищенного | распиленного | расчищенного,LOW,SPELLING
2018-12-29-raylab-raschety-geometricheskoy-optiki-v.md:body,производетелей,"RayLab - расчеты геометрической оптики в iOS

Очередное серьезное CAE приложение для iPhone/iPad поз",производителей | производителе | производителем | производитель,LOW,SPELLING
2018-12-31-c-novym-godom.md:body,Паблик,"C новым годом!
Уважаемые друзья, год подошел к концу, и нам всем пора немного отдохнуть - я думаю, м",Павлик | Па блик | Па-блик | Паб лик | Паб-лик,LOW,SPELLING
2018-12-31-c-novym-godom.md:body,паблик,"C новым годом!
Уважаемые друзья, год подошел к концу, и нам всем пора немного отдохнуть - я думаю, м",Павлик | па блик | па-блик | паб лик | паб-лик,LOW,SPELLING
2018-12-31-c-novym-godom.md:body,коникулы,"C новым годом!
Уважаемые друзья, год подошел к концу, и нам всем пора немного отдохнуть - я думаю, м",каникулы | конику | каникул | консулы | коник,LOW,SPELLING
2019-01-09-ansys-discovery-live-pri-proizvodstve-sp.md:body,использвоания,"ANSYS Discovery Live при производстве спортивных велосипедов

Начнем новый год с простых новостей: р",использования | использованию | использование | использовании,LOW,SPELLING
2019-01-09-ansys-discovery-live-pri-proizvodstve-sp.md:body,спотривных,"ANSYS Discovery Live при производстве спортивных велосипедов

Начнем новый год с простых новостей: р",спортивных | спортивные | спортивный | спортивным | спортивно,LOW,SPELLING
2019-01-10-openlsto-otkrytyy-kod-optimizatsii-topo.md:body,Сан-Диего,"OpenLSTO - открытый код оптимизации топологии

Летом 2018 года команда&nbsp;M2DO (Multiscale Multiph",Скандиевого | Скандиевою | Скандиевое | Скандиевой | Скандиевом,LOW,SPELLING
2019-01-10-openlsto-otkrytyy-kod-optimizatsii-topo.md:body,Хабре,"OpenLSTO - открытый код оптимизации топологии

Летом 2018 года команда&nbsp;M2DO (Multiscale Multiph",Хабаре | Харе | Жабре,LOW,SPELLING
2019-01-10-openlsto-otkrytyy-kod-optimizatsii-topo.md:body,добьётесь,"OpenLSTO - открытый код оптимизации топологии

Летом 2018 года команда&nbsp;M2DO (Multiscale Multiph",добьетесь | добиться | добриться | доиться,LOW,SPELLING
2019-01-11-magisterskaya-programma-madridskogo-tehni.md:body,прокачаться,Компания ANSYS совместно с Мадридским техническим университетом (Technical University of Madrid) зап,покачаться | про качаться | про-качаться | прокачать | прокачиваться,LOW,SPELLING
2019-01-11-magisterskaya-programma-madridskogo-tehni.md:body,по-моему,Компания ANSYS совместно с Мадридским техническим университетом (Technical University of Madrid) зап,помоем | поможем | моему | поймем | пожмем,LOW,SPELLING
2019-01-12-feconv-otkrytyy-konvertor-setochnyh-for.md:title,конвертор,FEconv - открытый конвертор сеточных форматов,конвертер | конвертом | конвертов,LOW,SPELLING
2019-01-12-feconv-otkrytyy-konvertor-setochnyh-for.md:body,конвертор,"FEconv - открытый конвертор сеточных форматов


В некоторых случаях любознательным CAE специалистам ",конвертер | конвертом | конвертов,LOW,SPELLING
2019-01-12-feconv-otkrytyy-konvertor-setochnyh-for.md:body,pf3,"FEconv - открытый конвертор сеточных форматов


В некоторых случаях любознательным CAE специалистам ",а | и | к | о | я,LOW,SPELLING
2019-01-12-feconv-otkrytyy-konvertor-setochnyh-for.md:body,pf3,"FEconv - открытый конвертор сеточных форматов


В некоторых случаях любознательным CAE специалистам ",а | и | к | о | я,LOW,SPELLING
2019-01-13-doklad-ntopology-na-develop3d-live-usa-2.md:body,что-то,"Доклад nTopology на DEVELOP3D LIVE USA 2018
На прошедшей конференции было много интересных докладов ",ото | тот | что | фото | лото,LOW,SPELLING
2019-01-14-pacefish-ot-simscale.md:body,разработу,"Pacefish от SimScale

Начало этого года отметилось очень интересной новостью от SimScale. Коллеги из",разработку | раз работу | раз-работу | разработаю | разработай,LOW,SPELLING
2019-01-14-pacefish-ot-simscale.md:body,решателями,"Pacefish от SimScale

Начало этого года отметилось очень интересной новостью от SimScale. Коллеги из",вешателями | решат елями | решат-елями | вешателям | предателями,LOW,SPELLING
2019-01-14-pacefish-ot-simscale.md:body,решёточных,"Pacefish от SimScale

Начало этого года отметилось очень интересной новостью от SimScale. Коллеги из",решеточных | нешуточных | решеточные | решеточный | решеточным,LOW,SPELLING
2019-01-14-pacefish-ot-simscale.md:body,демо,"Pacefish от SimScale

Начало этого года отметилось очень интересной новостью от SimScale. Коллеги из",демон | дело | депо | немо | семо,LOW,SPELLING
2019-01-15-ansys-prodaet-chelovecheskie-tela.md:body,10k,"ANSYS продает человеческие тела

В магазине ACT расширений для ANSYS появился очень любопытный товар",а | и | к | о | я,LOW,SPELLING
2019-01-16-meshio-konvertor-setok-na-python.md:title,конвертор,meshio — конвертор сеток на Python,конвертер | конвертом | конвертов,LOW,SPELLING
2019-01-16-meshio-konvertor-setok-na-python.md:body,конвертор,"meshio — конвертор сеток на Python


На сей раз нас ждет более современный корвертор сетки. В отличи",конвертер | конвертом | конвертов,LOW,SPELLING
2019-01-16-meshio-konvertor-setok-na-python.md:body,корвертор,"meshio — конвертор сеток на Python


На сей раз нас ждет более современный корвертор сетки. В отличи",конвертер | корректор | конвертера | конвертере | конвертеру,LOW,SPELLING
2019-01-18-nabor-na-kursy-optislang-e-learning.md:body,робастного,"Набор на курсы optiSLang E-learning


Компания Dynardo объявила набор на учебные курсы optiSLang E-l",областного | лобастого | зобастого | лопастного | областной,LOW,SPELLING
2019-01-18-nabor-na-kursy-optislang-e-learning.md:body,экспермент,"Набор на курсы optiSLang E-learning


Компания Dynardo объявила набор на учебные курсы optiSLang E-l",эксперимент | эксперимента | эксперименте | эксперименту | эксперименты,LOW,SPELLING
2019-01-20-rezervnoe-kopirovanie-geometrii-v-scdm.md:body,что-то,"Резервное копирование геометрии в SCDM


Наверно каждый из вас сталкивался с мучительной болью от то",ото | тот | что | фото | лото,LOW,SPELLING
2019-01-20-rezervnoe-kopirovanie-geometrii-v-scdm.md:body,Буратино,"Резервное копирование геометрии в SCDM


Наверно каждый из вас сталкивался с мучительной болью от то",Братнино | Братнин | Буран | Ратин | Брамин,LOW,SPELLING
2019-01-21-ogromnyy-vebinar-po-midas-meshfree.md:body,бессеточного,"Огромный вебинар по midas MeshFree


Это наверно самый большой вебинар, который я встречал: полтора ",бессточного | бес сеточного | бес-сеточного | беседочного | бессрочного,LOW,SPELLING
2019-01-21-ogromnyy-vebinar-po-midas-meshfree.md:body,бессеточного,"Огромный вебинар по midas MeshFree


Это наверно самый большой вебинар, который я встречал: полтора ",бессточного | бес сеточного | бес-сеточного | беседочного | бессрочного,LOW,SPELLING
2019-01-21-ogromnyy-vebinar-po-midas-meshfree.md:body,расчёта,"Огромный вебинар по midas MeshFree


Это наверно самый большой вебинар, который я встречал: полтора ",расчета | расчетах | расчетам | расчет | расиста,LOW,SPELLING
2019-01-21-ogromnyy-vebinar-po-midas-meshfree.md:body,интефейса,"Огромный вебинар по midas MeshFree


Это наверно самый большой вебинар, который я встречал: полтора ",интерфейса | интерфейсах | интерфейсам | интерфейс | интерфейсе,LOW,SPELLING
2019-01-24-raschet-vzaimodeystviya-vysokovoltnyh-kab.md:body,решателем,"Расчет взаимодействия высоковольтных кабелей в LS-DYNA


Хочу обратить ваше внимание на проект компа",вешателем | вешателе | предателем | вешатель | делателем,LOW,SPELLING
2019-01-24-raschet-vzaimodeystviya-vysokovoltnyh-kab.md:body,видеопрезентация,"Расчет взаимодействия высоковольтных кабелей в LS-DYNA


Хочу обратить ваше внимание на проект компа",видео презентация | видео-презентация,LOW,SPELLING
2019-01-24-raschet-vzaimodeystviya-vysokovoltnyh-kab.md:body,Новожилов,"Расчет взаимодействия высоковольтных кабелей в LS-DYNA


Хочу обратить ваше внимание на проект компа",Новоселов | Новосел | Новоселом,LOW,SPELLING
2019-01-25-ansys-kupil-granta-design.md:body,криетриям,"ANSYS купил Granta Design


Компания ANSYS, Inc объявила о покупке Granta Design. Последняя специали",критериям | критериями | критерия | критерием | критериях,LOW,SPELLING
2019-01-26-interlinked-sph-pressure-solvers.md:body,скачивание,"Interlinked SPH Pressure Solvers


 



Изумительное по своей красоте демонстрационное видео, показы",скашивание | смачивание | стачивание | укачивание | вкачивание,LOW,SPELLING
2019-01-28-inversecsg-kak-poluchit-b-rep-iz-stl.md:body,выполенение,"InverseCSG: как получить B-rep из STL


 



Открытый проект InverseCSG посвящен разработке алгоритм",выполнение | выполнением | выполнению | выполнении | выполнения,LOW,SPELLING
2019-01-28-inversecsg-kak-poluchit-b-rep-iz-stl.md:body,сожаленю,"InverseCSG: как получить B-rep из STL


 



Открытый проект InverseCSG посвящен разработке алгоритм",сожалению | сожалею | пожалею,LOW,SPELLING
2019-01-28-inversecsg-kak-poluchit-b-rep-iz-stl.md:body,репозитория,"InverseCSG: как получить B-rep из STL


 



Открытый проект InverseCSG посвящен разработке алгоритм",депозитария | депозитарий | депозитариях | депозитариям | депозитарию,LOW,SPELLING
2019-01-29-razrushenie-hrupkih-materialov-zakon-ve.md:body,блоге,"Разрушение хрупких материалов — закон Вейбулла


В знаменитом блоге FEAforAll я встретил два замечат",боге | логе | благе | блохе | блоке,LOW,SPELLING
2019-01-29-razrushenie-hrupkih-materialov-zakon-ve.md:body,из-за,"Разрушение хрупких материалов — закон Вейбулла


В знаменитом блоге FEAforAll я встретил два замечат",изба | извоза | изюма | из | низа,LOW,SPELLING
2019-01-29-razrushenie-hrupkih-materialov-zakon-ve.md:body,где-то,"Разрушение хрупких материалов — закон Вейбулла


В знаменитом блоге FEAforAll я встретил два замечат",одето | вдето | одетый | вдетый,LOW,SPELLING
2019-01-29-razrushenie-hrupkih-materialov-zakon-ve.md:body,эксперименов,"Разрушение хрупких материалов — закон Вейбулла


В знаменитом блоге FEAforAll я встретил два замечат",экспериментов | экспериментом | эксперимент | эксперимента | эксперименте,LOW,SPELLING
2019-01-31-lsform-novyy-prepost-shtampovki-v-ls-dy.md:body,софт,"LSFORM — новый ПреПост штамповки в LS-DYNA


 



В январе этого года компания LSTC без лишней помпы",софит | соф | сот | кофт | софа,LOW,SPELLING
2019-02-01-suschestvuet-li-mobilnoe-cadcae.md:body,вендоры,"Существует ли мобильное CAD/CAE?


Современные телефоны и планшеты легко могут тягаться по производи",военкоры | теноры | венгры | Федоры | Венеры,LOW,SPELLING
2019-02-01-suschestvuet-li-mobilnoe-cadcae.md:body,по-разному,"Существует ли мобильное CAD/CAE?


Современные телефоны и планшеты легко могут тягаться по производи",показному | образному | попранному | пожранному | поразомну,LOW,SPELLING
2019-02-01-suschestvuet-li-mobilnoe-cadcae.md:body,Новожилов,"Существует ли мобильное CAD/CAE?


Современные телефоны и планшеты легко могут тягаться по производи",Новоселов | Новосел | Новоселом,LOW,SPELLING
2019-02-02-stykovka-optislang-i-geodict.md:body,посвящённый,"Стыковка optiSLang и GeoDict


 



Большой вебинар, посвящённый возможностям стыковки системы парам",посвященный | освященный | посвященной | посвященные | посвященных,LOW,SPELLING
2019-02-03-rabotaet-blagodarya-meshgems.md:body,лицензируемое,"Работает благодаря MeshGems


Недавно, совершенно случайно, я заметил очень интересный факт. Наверно",рецензируемое | рецензируемою | рецензируемой | рецензируемом | рецензируемые,LOW,SPELLING
2019-02-03-rabotaet-blagodarya-meshgems.md:body,Сандийские,"Работает благодаря MeshGems


Недавно, совершенно случайно, я заметил очень интересный факт. Наверно",Индийские | Руандийские | Угандийские | Бандитские | Мансийские,LOW,SPELLING
2019-02-04-malenkiy-no-vazhnyy-yubiley.md:body,паблика,"Маленький, но важный юбилей


Я очень ждал этого события: счетчик основного паблика на платформе VK ",публика | Павлика | па блика | па-блика | паб лика,LOW,SPELLING
2019-02-04-malenkiy-no-vazhnyy-yubiley.md:body,паблик,"Маленький, но важный юбилей


Я очень ждал этого события: счетчик основного паблика на платформе VK ",Павлик | па блик | па-блик | паб лик | паб-лик,LOW,SPELLING
2019-02-04-malenkiy-no-vazhnyy-yubiley.md:body,контента,"Маленький, но важный юбилей


Я очень ждал этого события: счетчик основного паблика на платформе VK ",конвента | кон тента | кон-тента | континента | константа,LOW,SPELLING
2019-02-04-malenkiy-no-vazhnyy-yubiley.md:body,Да-да,"Маленький, но важный юбилей


Я очень ждал этого события: счетчик основного паблика на платформе VK ",Ада | Дала | Дама | Дана | Дара,LOW,SPELLING
2019-02-05-chto-novogo-v-ansys-mechanical-2019r1.md:title,2019R1,Что нового в ANSYS Mechanical 2019R1,А | И | К | О | Я,LOW,SPELLING
2019-02-05-chto-novogo-v-ansys-mechanical-2019r1.md:body,2019R1,"Что нового в ANSYS Mechanical 2019R1


Давайте поговорим о новом релизе ANSYS, который получил комме",А | И | К | О | Я,LOW,SPELLING
2019-02-05-chto-novogo-v-ansys-mechanical-2019r1.md:body,2019R1,"Что нового в ANSYS Mechanical 2019R1


Давайте поговорим о новом релизе ANSYS, который получил комме",А | И | К | О | Я,LOW,SPELLING
2019-02-05-chto-novogo-v-ansys-mechanical-2019r1.md:body,полунеявный,"Что нового в ANSYS Mechanical 2019R1


Давайте поговорим о новом релизе ANSYS, который получил комме",полу неявный | полу-неявный | полдневный | полдневной | полдневные,LOW,SPELLING
2019-02-05-chto-novogo-v-ansys-mechanical-2019r1.md:body,возврящаться,"Что нового в ANSYS Mechanical 2019R1


Давайте поговорим о новом релизе ANSYS, который получил комме",возвращаться | возвратиться | возвращаются | возвращается | возвращаешься,LOW,SPELLING
2019-02-06-bessetochnyy-cfd-reshatel-preonlab.md:title,Бессеточный,Бессеточный CFD решатель PreonLab,Бессточный | Бес сеточный | Бес-сеточный | Беседочный | Бессрочный,LOW,SPELLING
2019-02-06-bessetochnyy-cfd-reshatel-preonlab.md:body,Бессеточный,"Бессеточный CFD решатель PreonLab


Похоже, сеточные методы уже всем поднадоели. PreonLab — очередно",Бессточный | Бес сеточный | Бес-сеточный | Беседочный | Бессрочный,LOW,SPELLING
2019-02-06-bessetochnyy-cfd-reshatel-preonlab.md:body,бессеточный,"Бессеточный CFD решатель PreonLab


Похоже, сеточные методы уже всем поднадоели. PreonLab — очередно",бессточный | бес сеточный | бес-сеточный | беседочный | бессрочный,LOW,SPELLING
2019-02-06-bessetochnyy-cfd-reshatel-preonlab.md:body,Новожилов,"Бессеточный CFD решатель PreonLab


Похоже, сеточные методы уже всем поднадоели. PreonLab — очередно",Новоселов | Новосел | Новоселом,LOW,SPELLING
2019-02-07-karagozian-case.md:body,околовоенных,"Karagozian & Case


 



Рекламное видео-визитка от компании Karagozian & Case. Чем же она знаменита",около военных | около-военных,LOW,SPELLING
2019-02-07-karagozian-case.md:body,Сандийские,"Karagozian & Case


 



Рекламное видео-визитка от компании Karagozian & Case. Чем же она знаменита",Индийские | Руандийские | Угандийские | Бандитские | Мансийские,LOW,SPELLING
2019-02-08-hrupkoe-razrushenie.md:body,трещенообразования,"Хрупкое разрушение


Тут у меня коллеги интересовались моделированием хрупкого разрушения материалов",трещинообразования | трещинообразованию | трещинообразование | трещинообразовании,LOW,SPELLING
2019-02-08-hrupkoe-razrushenie.md:body,перидинамика,"Хрупкое разрушение


Тут у меня коллеги интересовались моделированием хрупкого разрушения материалов",пери динамика | пери-динамика,LOW,SPELLING
2019-02-08-hrupkoe-razrushenie.md:body,перидинамики,"Хрупкое разрушение


Тут у меня коллеги интересовались моделированием хрупкого разрушения материалов",пери динамики | пери-динамики,LOW,SPELLING
2019-02-08-liteeratura-po-rezaniyu-metalla-na-russko.md:title,Литеература,Литеература по резанию металла на русском,Литература | Литературна | Литератора | Литературе | Литературу,LOW,SPELLING
2019-02-08-liteeratura-po-rezaniyu-metalla-na-russko.md:body,Литеература,"Литеература по резанию металла на русском


Тот самый случай, когда лучший подарок — это книга!
Позд",Литература | Литературна | Литератора | Литературе | Литературу,LOW,SPELLING
2019-02-08-materialy-15-oy-konferentsii-ls-dyna.md:body,паблике,"Материалы 15-ой конференции LS-DYNA


Стали доступны материалы конференции, проведенной две недели н",публике | Павлике | па блике | па-блике | паб лике,LOW,SPELLING
2019-02-08-materialy-15-oy-konferentsii-ls-dyna.md:body,Вычислительно,"Материалы 15-ой конференции LS-DYNA


Стали доступны материалы конференции, проведенной две недели н",Вычислительною | Вычислительное | Вычислительной | Вычислительном | Вычислитель но,LOW,SPELLING
2019-02-08-materialy-15-oy-konferentsii-ls-dyna.md:body,бетонов,"Материалы 15-ой конференции LS-DYNA


Стали доступны материалы конференции, проведенной две недели н",батонов | бетонок | бетоном | бутонов | кетонов,LOW,SPELLING
2019-02-08-modelirovanie-kovki.md:body,Cравнение,"Моделирование ковки


Cравнение различных подходов моделирования задачи ковки. Задача сопряжена с бо",Равнение | Сравнение | Уравнение,LOW,SPELLING
2019-02-08-modelirovanie-rezki-metalla-stazhirovka.md:body,бетоны,"Моделирование резки металла — стажировка


Я опять ищу учеников! На этот раз это не бетоны — это рез",бетон | батоны | бетона | бетоне | бетону,LOW,SPELLING
2019-02-08-modelirovanie-rezki-metalla-stazhirovka.md:body,бессеточными,"Моделирование резки металла — стажировка


Я опять ищу учеников! На этот раз это не бетоны — это рез",бессточными | бес сеточными | бес-сеточными | бессточным | беседочными,LOW,SPELLING
2019-02-08-modelirovanie-rezki-metalla-stazhirovka.md:body,демо,"Моделирование резки металла — стажировка


Я опять ищу учеников! На этот раз это не бетоны — это рез",демон | дело | депо | немо | семо,LOW,SPELLING
2019-02-08-modelirovanie-rezki-metalla-stazhirovka.md:body,бессеточный,"Моделирование резки металла — стажировка


Я опять ищу учеников! На этот раз это не бетоны — это рез",бессточный | бес сеточный | бес-сеточный | беседочный | бессрочный,LOW,SPELLING
2019-02-08-modelirovanie-rezki-metalla-stazhirovka.md:body,просадке,"Моделирование резки металла — стажировка


Я опять ищу учеников! На этот раз это не бетоны — это рез",посадке | присадке | пр осадке | пр-осадке | про садке,LOW,SPELLING
2019-02-08-modelirovanie-rezki-metalla-stazhirovka.md:body,видеопример,"Моделирование резки металла — стажировка


Я опять ищу учеников! На этот раз это не бетоны — это рез",видео пример | видео-пример,LOW,SPELLING
2019-02-08-povyshenie-ustoychivosti-sph-pri-pomoschi-mo.md:body,из-за,"На своем канале  показали несколько тестовых задач, демонстрирующих работу их новой формулировки для",изба | извоза | изюма | из | низа,LOW,SPELLING
2019-02-08-povyshenie-ustoychivosti-sph-pri-pomoschi-mo.md:body,билда,"На своем канале  показали несколько тестовых задач, демонстрирующих работу их новой формулировки для",била | балда | Билла | бил да | бил-да,LOW,SPELLING
2019-02-08-povyshenie-ustoychivosti-sph-pri-pomoschi-mo.md:body,бессеточного,"На своем канале  показали несколько тестовых задач, демонстрирующих работу их новой формулировки для",бессточного | бес сеточного | бес-сеточного | беседочного | бессрочного,LOW,SPELLING
2019-02-08-povyshenie-ustoychivosti-sph-pri-pomoschi-mo.md:body,Галеркина,"На своем канале  показали несколько тестовых задач, демонстрирующих работу их новой формулировки для",Галерки на | Галерки-на | Галерка | Галерки | Балерина,LOW,SPELLING
2019-02-08-povyshenie-ustoychivosti-sph-pri-pomoschi-mo.md:body,какое-то,"На своем канале  показали несколько тестовых задач, демонстрирующих работу их новой формулировки для",каково | каковой | какова | карета | ракета,LOW,SPELLING
2019-02-08-povyshenie-ustoychivosti-sph-pri-pomoschi-mo.md:body,все-таки,"На своем канале  показали несколько тестовых задач, демонстрирующих работу их новой формулировки для",весталки | Светки | вставки | сетки | светски,LOW,SPELLING
2019-02-08-prosmotrschik-rezultatov-raschetov-ichrome.md:title,Просмотрщик,Просмотрщик результатов расчетов iChrome CAE Viewer,Пр осмотрщик | Пр-осмотрщик | Осмотрщик | Досмотрщик | Осмотрщика,LOW,SPELLING
2019-02-08-prosmotrschik-rezultatov-raschetov-ichrome.md:body,Просмотрщик,"Просмотрщик результатов расчетов iChrome CAE Viewer


Бесплатный просмотрщик CAE результатов и модел",Пр осмотрщик | Пр-осмотрщик | Осмотрщик | Досмотрщик | Осмотрщика,LOW,SPELLING
2019-02-08-prosmotrschik-rezultatov-raschetov-ichrome.md:body,просмотрщик,"Просмотрщик результатов расчетов iChrome CAE Viewer


Бесплатный просмотрщик CAE результатов и модел",пр осмотрщик | пр-осмотрщик | осмотрщик | досмотрщик | осмотрщика,LOW,SPELLING
2019-02-08-prosmotrschik-rezultatov-raschetov-ichrome.md:body,архитектур,"Просмотрщик результатов расчетов iChrome CAE Viewer


Бесплатный просмотрщик CAE результатов и модел",архитектура | архитектуре | архитектуру | архитектуры | архитектор,LOW,SPELLING
2019-02-08-prosmotrschik-rezultatov-raschetov-ichrome.md:body,потестили,"Просмотрщик результатов расчетов iChrome CAE Viewer


Бесплатный просмотрщик CAE результатов и модел",поместили | потеснили | поте стили | поте-стили | потеснить,LOW,SPELLING
2019-02-08-prosmotrschik-rezultatov-raschetov-ichrome.md:body,Техподдержка,"Просмотрщик результатов расчетов iChrome CAE Viewer


Бесплатный просмотрщик CAE результатов и модел",Тех поддержка | Тех-поддержка,LOW,SPELLING
2019-02-08-prosmotrschik-rezultatov-raschetov-ichrome.md:body,Поженько,"Просмотрщик результатов расчетов iChrome CAE Viewer


Бесплатный просмотрщик CAE результатов и модел",Боженькою | Боженькой | Ноженькою | Ноженькой | Боженька,LOW,SPELLING
2019-02-08-r-adaptive-element-free-galerkin.md:body,решателем,"r-adaptive Element-Free Galerkin


Резка металла может быть промоделирована неявным решателем LS-DYN",вешателем | вешателе | предателем | вешатель | делателем,LOW,SPELLING
2019-02-08-r-adaptive-element-free-galerkin.md:body,бессеточного,"r-adaptive Element-Free Galerkin


Резка металла может быть промоделирована неявным решателем LS-DYN",бессточного | бес сеточного | бес-сеточного | беседочного | бессрочного,LOW,SPELLING
2019-02-08-r-adaptive-element-free-galerkin.md:body,Галеркина,"r-adaptive Element-Free Galerkin


Резка металла может быть промоделирована неявным решателем LS-DYN",Галерки на | Галерки-на | Галерка | Галерки | Балерина,LOW,SPELLING
2019-02-08-r-adaptive-element-free-galerkin.md:body,бессеточному,"r-adaptive Element-Free Galerkin


Резка металла может быть промоделирована неявным решателем LS-DYN",бессточному | бес сеточному | бес-сеточному | бессточном | беседочному,LOW,SPELLING
2019-02-08-vernemsya-k-peridinamike-uzhe-seychas-zain.md:title,перидинамике,Вернемся к перидинамике.,пери динамике | пери-динамике,LOW,SPELLING
2019-02-10-trendy-poiskovyh-zaprosov-po-fem.md:title,Тренды,Тренды поисковых запросов по FEM,Аренды | Торены | Стенды | Тред | Трудны,LOW,SPELLING
2019-02-10-trendy-poiskovyh-zaprosov-po-fem.md:body,Тренды,"Тренды поисковых запросов по FEM


Интересный твит по статистике поисковых запросов главных механиче",Аренды | Торены | Стенды | Тред | Трудны,LOW,SPELLING
2019-02-10-trendy-poiskovyh-zaprosov-po-fem.md:body,твит,"Тренды поисковых запросов по FEM


Интересный твит по статистике поисковых запросов главных механиче",твист | квит | явит | свит | таит,LOW,SPELLING
2019-02-11-ansys-c-act.md:body,интефейс,"ANSYS C# ACT


Уже на протяжении нескольких лет существует возможность писать ACT расширения почти д",интерфейс | интерфейса | интерфейсе | интерфейсу | интерфейсы,LOW,SPELLING
2019-02-11-ansys-c-act.md:body,пошагово,"ANSYS C# ACT


Уже на протяжении нескольких лет существует возможность писать ACT расширения почти д",пошаговою | пошаговое | пошаговой | пошаговом,LOW,SPELLING
2019-02-11-ansys-c-act.md:body,озвучки,"ANSYS C# ACT


Уже на протяжении нескольких лет существует возможность писать ACT расширения почти д",отзвуки | озвучил | озвучим | озвучит | озвучив,LOW,SPELLING
2019-02-11-ansys-c-act.md:body,контент,"ANSYS C# ACT


Уже на протяжении нескольких лет существует возможность писать ACT расширения почти д",конвент | кон тент | кон-тент | континент | констант,LOW,SPELLING
2019-02-11-opredelenie-ustalostnoy-dolgovechnosti-dl.md:body,Поженько,В магазине ACT-расширений ANSYS недавно появилось приложение для расчетов на усталость для термомеха,Боженькою | Боженькой | Ноженькою | Ноженькой | Боженька,LOW,SPELLING
2019-02-12-edrmedeso-weld-strength-app.md:body,раширение,"EDRMedeso Weld Strength App


 



Продолжило свое развитие ACT расширение расчета прочности сварочн",расширение | расширением | ширение | расширению | расширении,LOW,SPELLING
2019-02-12-edrmedeso-weld-strength-app.md:body,сгенерировать,"EDRMedeso Weld Strength App


 



Продолжило свое развитие ACT расширение расчета прочности сварочн",генерировать | дегенерировать | регенерировать | сцентрировать,LOW,SPELLING
2019-02-13-cadlm-raschety-slozhnyh-protsessov-za-sek.md:body,метамодели,"!


Компания CADLM специализируется на работе с большими данными и аналитике вокруг этого, но все эт",мета модели | мета-модели,LOW,SPELLING
2019-02-13-cadlm-raschety-slozhnyh-protsessov-za-sek.md:body,метамодель,"!


Компания CADLM специализируется на работе с большими данными и аналитике вокруг этого, но все эт",мета модель | мета-модель,LOW,SPELLING
2019-02-15-dinamika-gibkih-volokon-v-rocky-dem.md:body,Новожилов,"Динамика гибких волокон в Rocky DEM


Если вы не в курсе, то Rocky DEM давно уже перерос простой DEM",Новоселов | Новосел | Новоселом,LOW,SPELLING
2019-02-18-modelirovanie-serdtsa.md:body,анимированную,"Моделирование сердца


Удивительные достижения Линчёпингского университета были отмечены в зале слав",армированную | реанимированную | ацилированную | афишированную | анодированную,LOW,SPELLING
2019-02-19-modelirovanie-ustanovki-samopronikayuschey.md:title,самопроникающей,Моделирование установки самопроникающей заклёпки,само проникающей | само-проникающей,LOW,SPELLING
2019-02-19-modelirovanie-ustanovki-samopronikayuschey.md:title,заклёпки,Моделирование установки самопроникающей заклёпки,заклепки | закупки | наклепки | закладки | заклейки,LOW,SPELLING
2019-02-19-modelirovanie-ustanovki-samopronikayuschey.md:body,самопроникающей,"Моделирование установки самопроникающей заклёпки


Раз уж я начал изучать резку металлов, то трудно ",само проникающей | само-проникающей,LOW,SPELLING
2019-02-19-modelirovanie-ustanovki-samopronikayuschey.md:body,заклёпки,"Моделирование установки самопроникающей заклёпки


Раз уж я начал изучать резку металлов, то трудно ",заклепки | закупки | наклепки | закладки | заклейки,LOW,SPELLING
2019-02-19-modelirovanie-ustanovki-samopronikayuschey.md:body,самопроникающих,"Моделирование установки самопроникающей заклёпки


Раз уж я начал изучать резку металлов, то трудно ",само проникающих | само-проникающих,LOW,SPELLING
2019-02-20-ledokol-protiv-lda.md:body,закритической,"Ледокол против льда


 



Одно время ко мне был просто вал запросов по моделированию льда и закрити",за критической | за-критической | критической | диакритической | некритической,LOW,SPELLING
2019-02-20-ledokol-protiv-lda.md:body,когезивных,"Ледокол против льда


 



Одно время ко мне был просто вал запросов по моделированию льда и закрити",когезионных | когезионный | когезионные | когезионным,LOW,SPELLING
2019-02-20-ledokol-protiv-lda.md:body,когезивных,"Ледокол против льда


 



Одно время ко мне был просто вал запросов по моделированию льда и закрити",когезионных | когезионный | когезионные | когезионным,LOW,SPELLING
2019-02-21-universalnyy-mehanizm.md:body,софт,"Универсальный механизм


Универсальный Механизма (UM) — отечественный софт из Брянска для моделирова",софит | соф | сот | кофт | софа,LOW,SPELLING
2019-02-21-universalnyy-mehanizm.md:body,решалка,"Универсальный механизм


Универсальный Механизма (UM) — отечественный софт из Брянска для моделирова",решала | мешалка | вешалка | решал ка | решал-ка,LOW,SPELLING
2019-02-21-universalnyy-mehanizm.md:body,2D-постановке,"Универсальный механизм


Универсальный Механизма (UM) — отечественный софт из Брянска для моделирова",Постановке | Подстановке | Остановке | Постановка | Постановки,LOW,SPELLING
2019-02-21-universalnyy-mehanizm.md:body,Поженько,"Универсальный механизм


Универсальный Механизма (UM) — отечественный софт из Брянска для моделирова",Боженькою | Боженькой | Ноженькою | Ноженькой | Боженька,LOW,SPELLING
2019-02-22-bolshoy-vebinar-po-msc-apex.md:body,что-то,"Большой вебинар по MSC Apex


На днях я наконец смог осилить большой вебинар от MSC, посвященный их ",ото | тот | что | фото | лото,LOW,SPELLING
2019-02-22-bolshoy-vebinar-po-msc-apex.md:body,Во-первых,"Большой вебинар по MSC Apex


На днях я наконец смог осилить большой вебинар от MSC, посвященный их ",Первых | Оперных | Опертых | Волевых | Впертых,LOW,SPELLING
2019-02-23-zhurnal-fea-information.md:body,сущесвует,"Журнал FEA Information


Для людей, увлеченных CAE уже много лет, а может и десятков лет, сущесвует ",существует | существовать | существуют,LOW,SPELLING
2019-02-23-zhurnal-fea-information.md:body,Новожилов,"Журнал FEA Information


Для людей, увлеченных CAE уже много лет, а может и десятков лет, сущесвует ",Новоселов | Новосел | Новоселом,LOW,SPELLING
2019-02-24-real-time-ray-tracing-v-novyh-videokarta.md:title,видеокартах,Real-Time Ray Tracing в новых видеокартах NVIDIA,видео картах | видео-картах,LOW,SPELLING
2019-02-24-real-time-ray-tracing-v-novyh-videokarta.md:body,видеокартах,"Real-Time Ray Tracing в новых видеокартах NVIDIA


NVIDIA в новом поколении видеокарты RTX показала ",видео картах | видео-картах,LOW,SPELLING
2019-02-24-real-time-ray-tracing-v-novyh-videokarta.md:body,видеокарты,"Real-Time Ray Tracing в новых видеокартах NVIDIA


NVIDIA в новом поколении видеокарты RTX показала ",видео карты | видео-карты,LOW,SPELLING
2019-02-24-real-time-ray-tracing-v-novyh-videokarta.md:body,геймер,"Real-Time Ray Tracing в новых видеокартах NVIDIA


NVIDIA в новом поколении видеокарты RTX показала ",гейзер | гей мер | гей-мер | гейзера | гейзере,LOW,SPELLING
2019-02-24-real-time-ray-tracing-v-novyh-videokarta.md:body,возможне,"Real-Time Ray Tracing в новых видеокартах NVIDIA


NVIDIA в новом поколении видеокарты RTX показала ",возможен | возможное | возможные | возможна | возможно,LOW,SPELLING
2019-02-24-real-time-ray-tracing-v-novyh-videokarta.md:body,скроме,"Real-Time Ray Tracing в новых видеокартах NVIDIA


NVIDIA в новом поколении видеокарты RTX показала ",скроем | скромен | кроме,LOW,SPELLING
2019-02-24-real-time-ray-tracing-v-novyh-videokarta.md:body,придётся,"Real-Time Ray Tracing в новых видеокартах NVIDIA


NVIDIA в новом поколении видеокарты RTX показала ",придется | придутся | приняться,LOW,SPELLING
2019-02-25-sovmestnaya-rabota-particleworks-i-recurd.md:body,бессеточным,"Совместная работа Particleworks и RecurDyn


RecurDyn на своем канале выложил очень много красивых п",бессточным | бес сеточным | бес-сеточным | бессточными | беседочным,LOW,SPELLING
2019-02-25-sovmestnaya-rabota-particleworks-i-recurd.md:body,решетелем,"Совместная работа Particleworks и RecurDyn


RecurDyn на своем канале выложил очень много красивых п",радетелем | вешателем | радетель | решетный | вешатель,LOW,SPELLING
2019-02-27-adaptivnye-setki-v-msc-marc.md:body,Новожилов,"Адаптивные сетки в MSC Marc


Не очень свежий, но очень большой вебинар по работе адаптивных сеток в",Новоселов | Новосел | Новоселом,LOW,SPELLING
2019-03-01-poisk-uchenikov.md:body,кое-что,"Поиск учеников


Чтобы не писать каждый раз, про то, что я ищу учеников, я сделал отдельный раздел н",коечкою | коечкой | коечною | коечное | коечной,LOW,SPELLING
2019-03-01-poisk-uchenikov.md:body,решателем,"Поиск учеников


Чтобы не писать каждый раз, про то, что я ищу учеников, я сделал отдельный раздел н",вешателем | вешателе | предателем | вешатель | делателем,LOW,SPELLING
2019-03-03-fotorealistichnye-rezultaty-raschetov.md:title,Фотореалистичные,Фотореалистичные результаты расчетов,Фото реалистичные | Фото-реалистичные,LOW,SPELLING
2019-03-03-fotorealistichnye-rezultaty-raschetov.md:body,Фотореалистичные,"Фотореалистичные результаты расчетов


 



Пример того, как KeyShot Pro (встроенный в ANSYS SpaceCl",Фото реалистичные | Фото-реалистичные,LOW,SPELLING
2019-03-03-fotorealistichnye-rezultaty-raschetov.md:body,рендеры,"Фотореалистичные результаты расчетов


 



Пример того, как KeyShot Pro (встроенный в ANSYS SpaceCl",рейдеры | тендеры | бедер,LOW,SPELLING
2019-03-03-fotorealistichnye-rezultaty-raschetov.md:body,Новожилов,"Фотореалистичные результаты расчетов


 



Пример того, как KeyShot Pro (встроенный в ANSYS SpaceCl",Новоселов | Новосел | Новоселом,LOW,SPELLING
2019-03-03-modelirovanie-3d-pechati-zdaniy.md:body,Новожилов,"Моделирование 3D печати зданий


На протяжении нескольких лет мы переживаем бум аддитивных технологи",Новоселов | Новосел | Новоселом,LOW,SPELLING
2019-03-04-pysph-sph-modelirvoanie-na-python.md:title,моделирвоание,PySPH: SPH моделирвоание на Python,моделирование | моделированием | моделированию | моделировании | моделирования,LOW,SPELLING
2019-03-04-pysph-sph-modelirvoanie-na-python.md:body,моделирвоание,"PySPH: SPH моделирвоание на Python


 



Доклад основателя проекта PySPH, посвященного созданию выс",моделирование | моделированием | моделированию | моделировании | моделирования,LOW,SPELLING
2019-03-04-pysph-sph-modelirvoanie-na-python.md:body,Новожилов,"PySPH: SPH моделирвоание на Python


 



Доклад основателя проекта PySPH, посвященного созданию выс",Новоселов | Новосел | Новоселом,LOW,SPELLING
2019-03-05-modelirovanie-vakuumnoy-formovki.md:body,Сохранённая,"Моделирование вакуумной формовки


Есть пример от Wilde Analysis как такое делается в ANSYS AIM 19.2",Сохраненная | Сохранная | Сохраненный | Сохранный,LOW,SPELLING
2019-03-05-modelirovanie-vakuumnoy-formovki.md:body,дисер,"Моделирование вакуумной формовки


Есть пример от Wilde Analysis как такое делается в ANSYS AIM 19.2",бисер | дилер | димер,LOW,SPELLING
2019-03-05-modelirovanie-vakuumnoy-formovki.md:body,Новожилов,"Моделирование вакуумной формовки


Есть пример от Wilde Analysis как такое делается в ANSYS AIM 19.2",Новоселов | Новосел | Новоселом,LOW,SPELLING
2019-03-05-modelirovanie-vakuumnoy-formovki.md:body,Сохранённая,"Моделирование вакуумной формовки


Есть пример от Wilde Analysis как такое делается в ANSYS AIM 19.2",Сохраненная | Сохранная | Сохраненный | Сохранный,LOW,SPELLING
2019-03-06-simscale-community-contest-2019.md:body,Новожилов,"SimScale Community Contest 2019


Компания SimScale объявила о запуске конкурса на лучший публичный ",Новоселов | Новосел | Новоселом,LOW,SPELLING
2019-03-08-2-way-fsi-v-ansys.md:body,трип,"2-way-FSI в ANSYS


Как говорит мой коллега, настройка 2-way-FSI в ANSYS давно уже перестала быть ув",тип | три | хрип | крип | трап,LOW,SPELLING
2019-03-08-2-way-fsi-v-ansys.md:body,Новожилов,"2-way-FSI в ANSYS


Как говорит мой коллега, настройка 2-way-FSI в ANSYS давно уже перестала быть ув",Новоселов | Новосел | Новоселом,LOW,SPELLING
2019-03-08-novyy-glava-lstc.md:body,Холквиста,"Новый глава LSTC


На прошедшей неделе LSTC рассказали, что Джона Холквиста на его посту сменит его ",Холмиста | Хоккеиста | Хоккеист | Холмистый,LOW,SPELLING
2019-03-08-novyy-glava-lstc.md:body,Нейтан,"Новый глава LSTC


На прошедшей неделе LSTC рассказали, что Джона Холквиста на его посту сменит его ",Нейстон | Нейтрал | Нейтрон | Цетан | Метан,LOW,SPELLING
2019-03-08-novyy-glava-lstc.md:body,кодеру,"Новый глава LSTC


На прошедшей неделе LSTC рассказали, что Джона Холквиста на его посту сменит его ",Одеру | кокеру | колеру | подеру | ко деру,LOW,SPELLING
2019-03-08-novyy-glava-lstc.md:body,Новожилов,"Новый глава LSTC


На прошедшей неделе LSTC рассказали, что Джона Холквиста на его посту сменит его ",Новоселов | Новосел | Новоселом,LOW,SPELLING
2019-03-09-aktualnye-vozmozhnosti-rocky-dem.md:body,вопкруг,"Актуальные возможности Rocky DEM


Если изучать считать в Rocky, то весь мир вопкруг превшащается в ",вокруг | округ | вкруг | вопру | вопрут,LOW,SPELLING
2019-03-09-aktualnye-vozmozhnosti-rocky-dem.md:body,превшащается,"Актуальные возможности Rocky DEM


Если изучать считать в Rocky, то весь мир вопкруг превшащается в ",превращается | прекращается | превращаются | превращаемся | превращаться,LOW,SPELLING
2019-03-09-aktualnye-vozmozhnosti-rocky-dem.md:body,пилораме,"Актуальные возможности Rocky DEM


Если изучать считать в Rocky, то весь мир вопкруг превшащается в ",пило раме | пило-раме | диораме | панораме | пилотаже,LOW,SPELLING
2019-03-09-msc-izobrel-ansys-workbench.md:body,многодисциплинарной,"MSC изобрел ANSYS Workbench


Не могу писать данную новость без сарказма. Все больше CAE компаний оч",много дисциплинарной | много-дисциплинарной,LOW,SPELLING
2019-03-09-msc-izobrel-ansys-workbench.md:body,решателями,"MSC изобрел ANSYS Workbench


Не могу писать данную новость без сарказма. Все больше CAE компаний оч",вешателями | решат елями | решат-елями | вешателям | предателями,LOW,SPELLING
2019-03-09-msc-izobrel-ansys-workbench.md:body,гифок,"MSC изобрел ANSYS Workbench


Не могу писать данную новость без сарказма. Все больше CAE компаний оч",гибок | гичка | гибкий,LOW,SPELLING
2019-03-09-msc-izobrel-ansys-workbench.md:body,электромазнетизма,"MSC изобрел ANSYS Workbench


Не могу писать данную новость без сарказма. Все больше CAE компаний оч",электромагнетизма | электромагнетизм | электромагнетизме | электромагнетизму,LOW,SPELLING
2019-03-10-ls-dyna-implicit-webinar.md:body,Да-да,"LS-DYNA Implicit Webinar


Сегодня вечером я предлагаю вам посмотреть запись часового вебинара от Oa",Ада | Дала | Дама | Дана | Дара,LOW,SPELLING
2019-03-10-ls-dyna-implicit-webinar.md:body,бессеточных,"LS-DYNA Implicit Webinar


Сегодня вечером я предлагаю вам посмотреть запись часового вебинара от Oa",бессточных | бес сеточных | бес-сеточных | беседочных | бессрочных,LOW,SPELLING
2019-03-10-ls-dyna-implicit-webinar.md:body,Лаура,"LS-DYNA Implicit Webinar


Сегодня вечером я предлагаю вам посмотреть запись часового вебинара от Oa",Луара | Аура | Лавра | Каурый,LOW,SPELLING
2019-03-10-ls-dyna-implicit-webinar.md:body,Ровира,"LS-DYNA Implicit Webinar


Сегодня вечером я предлагаю вам посмотреть запись часового вебинара от Oa",ОВИРа | Просвира | ОВИР | Ровница | Ковра,LOW,SPELLING
2019-03-10-ls-dyna-implicit-webinar.md:body,Креспо,"LS-DYNA Implicit Webinar


Сегодня вечером я предлагаю вам посмотреть запись часового вебинара от Oa",Кресло | Крепло | Крепом | Крепов | Креп,LOW,SPELLING
2019-03-10-ls-dyna-implicit-webinar.md:body,решателем,"LS-DYNA Implicit Webinar


Сегодня вечером я предлагаю вам посмотреть запись часового вебинара от Oa",вешателем | вешателе | предателем | вешатель | делателем,LOW,SPELLING
2019-03-10-ls-dyna-implicit-webinar.md:body,Новожилов,"LS-DYNA Implicit Webinar


Сегодня вечером я предлагаю вам посмотреть запись часового вебинара от Oa",Новоселов | Новосел | Новоселом,LOW,SPELLING
2019-03-10-vebiran-po-ansys-discovery-live-ot-malle.md:title,Вебиран,Вебиран по ANSYS Discovery Live от Mallett Technology,Вобран | Выбран | Великан | Ветеран | Выбирание,LOW,SPELLING
2019-03-10-vebiran-po-ansys-discovery-live-ot-malle.md:body,Вебиран,"Вебиран по ANSYS Discovery Live от Mallett Technology


Получасовой рассказ об решателе ANSYS Discov",Вобран | Выбран | Великан | Ветеран | Выбирание,LOW,SPELLING
2019-03-11-goryachaya-prokatka-relsov.md:body,софте,"Горячая прокатка рельсов


Очень интересный технологический процесс горячей прокатки рельсов, которы",софите | софе | соте | кофте | сорте,LOW,SPELLING
2019-03-11-goryachaya-prokatka-relsov.md:body,Новожилов,"Горячая прокатка рельсов


Очень интересный технологический процесс горячей прокатки рельсов, которы",Новоселов | Новосел | Новоселом,LOW,SPELLING
2019-03-13-civilfem-apps-for-ansys-workbench-dostup.md:body,почему-то,"CivilFEM APPs for ANSYS Workbench доступен в каталоге ACT


Версия CivilFEM для Workbench теперь дос",почему | почемучка | почесуха,LOW,SPELLING
2019-03-13-modelirovanie-protsessa-ustanovki-stentov.md:title,стентов,Моделирование процесса установки стентов,тентов | стендов | стен тов | стен-тов | тент,LOW,SPELLING
2019-03-13-modelirovanie-protsessa-ustanovki-stentov.md:body,стентов,"Моделирование процесса установки стентов


Когда-то недавно я писал про моделирование стентов в LS-D",тентов | стендов | стен тов | стен-тов | тент,LOW,SPELLING
2019-03-13-modelirovanie-protsessa-ustanovki-stentov.md:body,Когда-то,"Моделирование процесса установки стентов


Когда-то недавно я писал про моделирование стентов в LS-D",Когда | Богато | Рогато | Космато | Поддато,LOW,SPELLING
2019-03-13-modelirovanie-protsessa-ustanovki-stentov.md:body,стентов,"Моделирование процесса установки стентов


Когда-то недавно я писал про моделирование стентов в LS-D",тентов | стендов | стен тов | стен-тов | тент,LOW,SPELLING
2019-03-14-ale-v-abaqus-i-ls-dyna.md:body,Лагранжевой,"ALE в Abaqus и LS-DYNA


 



При решении в ALE (Arbitrary Lagrangian-Eulerian) постановке (с произв",Лагранже вой | Лагранже-вой | Лагранжем | Лагранж | Лагранже,LOW,SPELLING
2019-03-14-ale-v-abaqus-i-ls-dyna.md:body,нечётных,"ALE в Abaqus и LS-DYNA


 



При решении в ALE (Arbitrary Lagrangian-Eulerian) постановке (с произв",нечетных | несчетных | нечестных | начетных | нелетных,LOW,SPELLING
2019-03-14-ale-v-abaqus-i-ls-dyna.md:body,Эйлеровой,"ALE в Abaqus и LS-DYNA


 



При решении в ALE (Arbitrary Lagrangian-Eulerian) постановке (с произв",Флеровой | Флеровый | Эйлер | Элерон,LOW,SPELLING
2019-03-14-ale-v-abaqus-i-ls-dyna.md:body,по-разному,"ALE в Abaqus и LS-DYNA


 



При решении в ALE (Arbitrary Lagrangian-Eulerian) постановке (с произв",показному | образному | попранному | пожранному | поразомну,LOW,SPELLING
2019-03-14-nastroyka-ls-dyna-mpp.md:body,решателем,"Настройка LS-DYNA MPP


Фундаментальный вебинар от ARUP и Oasys по настройке и работе решателя LS-DY",вешателем | вешателе | предателем | вешатель | делателем,LOW,SPELLING
2019-03-14-nastroyka-ls-dyna-mpp.md:body,распределённого,"Настройка LS-DYNA MPP


Фундаментальный вебинар от ARUP и Oasys по настройке и работе решателя LS-DY",распределенного | распределенный | распределенною | распределенное | распределенной,LOW,SPELLING
2019-03-15-bolshoy-seminar-po-qform.md:body,софт,"Большой семинар по QForm


 



Очень интересно было найти в сети такой софт, как QForm. Если верить",софит | соф | сот | кофт | софа,LOW,SPELLING
2019-03-15-bolshoy-seminar-po-qform.md:body,КванторФорм,"Большой семинар по QForm


 



Очень интересно было найти в сети такой софт, как QForm. Если верить",Квантор Форм | Квантор-Форм,LOW,SPELLING
2019-03-15-kak-uluchshit-rabotu-anteny.md:title,антены,Как улучшить работу антены,антенны | антенн | Антоны,LOW,SPELLING
2019-03-15-kak-uluchshit-rabotu-anteny.md:body,антены,"Как улучшить работу антены


Часовой вебинар по ANSYS EM от Singularity Engineering LLC по теме чиле",антенны | антенн | Антоны,LOW,SPELLING
2019-03-15-kak-uluchshit-rabotu-anteny.md:body,чиленного,"Как улучшить работу антены


Часовой вебинар по ANSYS EM от Singularity Engineering LLC по теме чиле",численного | членного | пиленного | чиненного | чищенного,LOW,SPELLING
2019-03-16-german-ls-dyna-forum-2018.md:body,Бамберге,"German LS-DYNA Forum 2018


Стали доступны материалы конференции LSTC, прошедшей в октябре прошлого ",Бампере | Гамбурге | Бампер | Бамбара | Гамбург,LOW,SPELLING
2019-03-16-german-ls-dyna-forum-2018.md:body,рогообразных,"German LS-DYNA Forum 2018


Стали доступны материалы конференции LSTC, прошедшей в октябре прошлого ",кругообразных | многообразных | дугообразных | горообразных | мохообразных,LOW,SPELLING
2019-03-16-german-ls-dyna-forum-2018.md:body,отимизации,"German LS-DYNA Forum 2018


Стали доступны материалы конференции LSTC, прошедшей в октябре прошлого ",оптимизации | оптимизацию | оптимизаций | оптимизация | химизации,LOW,SPELLING
2019-03-17-otsifrovka-chertezhey-v-spaceclaim.md:body,2019R1,"Оцифровка чертежей в SpaceClaim


В моем любимом ANSYS SpaceClaim Direct Modeler есть куча интересны",А | И | К | О | Я,LOW,SPELLING
2019-03-17-raschet-koeffitsienta-teplootdachi-radiator.md:body,решателям,"Расчет коэффициента теплоотдачи радиатора в AIM


В видео разобрано решение сравнительно простой аэр",вешателям | решат елям | решат-елям | вешателями | вешателя,LOW,SPELLING
2019-03-21-creo-60.md:body,проектируемного,"Creo 6.0


Вышла новая версия флагманского CAD от PTC. Наряду с модными аддитивными технологиями и A",проектируемого | проектируемый | проектируемою | проектируемое | проектируемой,LOW,SPELLING
2019-03-21-neklassicheskie-cae-metody-dlya-zadach-proch.md:body,бессеточные,"Неклассические CAE методы для задач прочности


Интересная обзорная статья, рассказывающая о том, чт",бессточные | бес сеточные | бес-сеточные | беседочные | бессрочные,LOW,SPELLING
2019-03-21-neklassicheskie-cae-metody-dlya-zadach-proch.md:body,по-настоящему,"Неклассические CAE методы для задач прочности


Интересная обзорная статья, рассказывающая о том, чт",настоящему | ненастоящему | настоящий | ненастоящий,LOW,SPELLING
2019-03-21-neklassicheskie-cae-metody-dlya-zadach-proch.md:body,бессеточного,"Неклассические CAE методы для задач прочности


Интересная обзорная статья, рассказывающая о том, чт",бессточного | бес сеточного | бес-сеточного | беседочного | бессрочного,LOW,SPELLING
2019-03-21-neklassicheskie-cae-metody-dlya-zadach-proch.md:body,элеметны,"Неклассические CAE методы для задач прочности


Интересная обзорная статья, рассказывающая о том, чт",элементы | элемент | элементные | элементных | элементный,LOW,SPELLING
2019-03-21-neklassicheskie-cae-metody-dlya-zadach-proch.md:body,парадок,"Неклассические CAE методы для задач прочности


Интересная обзорная статья, рассказывающая о том, чт",парадокс | парадом | парадов | пара док | пара-док,LOW,SPELLING
2019-03-21-neklassicheskie-cae-metody-dlya-zadach-proch.md:body,бессеточыне,"Неклассические CAE методы для задач прочности


Интересная обзорная статья, рассказывающая о том, чт",бессточные | бессточный | бессточное | бессточных | бессточным,LOW,SPELLING
2019-03-21-neklassicheskie-cae-metody-dlya-zadach-proch.md:body,галеркина,"Неклассические CAE методы для задач прочности


Интересная обзорная статья, рассказывающая о том, чт",галерки на | галерки-на | галерка | галерки | балерина,LOW,SPELLING
2019-03-21-neklassicheskie-cae-metody-dlya-zadach-proch.md:body,видет,"Неклассические CAE методы для задач прочности


Интересная обзорная статья, рассказывающая о том, чт",видает | видеть | идет | вдет | виде,LOW,SPELLING
2019-03-22-vsmp-dlya-amd-epyc.md:body,портно,"vSMP для AMD EPYC


Рецепт HPC портно, или как сделать большой сервер за недорого:



взять 4 свежих",портною | портное | портной | портном | порт но,LOW,SPELLING
2019-03-22-vsmp-dlya-amd-epyc.md:body,просессора,"vSMP для AMD EPYC


Рецепт HPC портно, или как сделать большой сервер за недорого:



взять 4 свежих",процессора | профессора | просе ссора | просе-ссора | процессорах,LOW,SPELLING
2019-03-22-vsmp-dlya-amd-epyc.md:body,помпании,"vSMP для AMD EPYC


Рецепт HPC портно, или как сделать большой сервер за недорого:



взять 4 свежих",компании | поманили | попрании | помани | помавании,LOW,SPELLING
2019-03-22-vsmp-dlya-amd-epyc.md:body,виртаульную,"vSMP для AMD EPYC


Рецепт HPC портно, или как сделать большой сервер за недорого:



взять 4 свежих",виртуальную | виртуальною | витальную | виртуальный | вириальную,LOW,SPELLING
2019-03-23-vebinar-po-apm-winmachine-16.md:body,минШарниры,"Вебинар по APM WinMachine 16


APM WinMachine — это CAE система российской разработки от Научно-техн",мин Шарниры | мин-Шарниры,LOW,SPELLING
2019-03-23-vebinar-po-apm-winmachine-16.md:body,минРасчеты,"Вебинар по APM WinMachine 16


APM WinMachine — это CAE система российской разработки от Научно-техн",мин Расчеты | мин-Расчеты,LOW,SPELLING
2019-03-23-vebinar-po-apm-winmachine-16.md:body,минИнтеграция,"Вебинар по APM WinMachine 16


APM WinMachine — это CAE система российской разработки от Научно-техн",мин Интеграция | мин-Интеграция,LOW,SPELLING
2019-03-23-vebinar-po-apm-winmachine-16.md:body,минПримеры,"Вебинар по APM WinMachine 16


APM WinMachine — это CAE система российской разработки от Научно-техн",мин Примеры | мин-Примеры,LOW,SPELLING
2019-03-23-vebinar-po-apm-winmachine-16.md:body,выполненых,"Вебинар по APM WinMachine 16


APM WinMachine — это CAE система российской разработки от Научно-техн",выполненных | выполнены | выхоленных,LOW,SPELLING
2019-03-23-vebinar-po-apm-winmachine-16.md:body,минОтветы,"Вебинар по APM WinMachine 16


APM WinMachine — это CAE система российской разработки от Научно-техн",мин Ответы | мин-Ответы | минометы | миномет | миномета,LOW,SPELLING
2019-03-25-ssd-kak-ram.md:body,порно,"SSD как RAM


Еще один видеоролик из серии HPC порно. ScaleMP может заставить SSD NVMe диски Western",опорно | спорно | упорно | горно | парно,LOW,SPELLING
2019-03-25-vizualizatsiya-sil-deystvuyuschih-na-grunt-p.md:body,самописным,"Визуализация сил, действующих на грунт при движении техники


Очень интересная визуализация, выполне",сам описным | сам-описным | самописцы | самоличным | самописцам,LOW,SPELLING
2019-03-26-sph-modelirovanie-sloshinga-i-razbryzgiva.md:title,слошинга,SPH моделирование слошинга и разбрызгивания,слябинга | смокинга | слябинг | смокинг | блошиный,LOW,SPELLING
2019-03-26-sph-modelirovanie-sloshinga-i-razbryzgiva.md:body,слошинга,"SPH моделирование слошинга и разбрызгивания


20 минут содержательного разговора о теории и практике",слябинга | смокинга | слябинг | смокинг | блошиный,LOW,SPELLING
2019-03-26-sph-modelirovanie-sloshinga-i-razbryzgiva.md:body,слошинга,"SPH моделирование слошинга и разбрызгивания


20 минут содержательного разговора о теории и практике",слябинга | смокинга | слябинг | смокинг | блошиный,LOW,SPELLING
2019-03-27-data-vyhoda-civilfem-dlya-ansys-2019-r1.md:body,коэффицента,"Дата выхода CivilFEM для ANSYS 2019 R1


Ingesiber анонсировали, что 8 апреля 2019 года они выпустят",коэффициента | коэффициентах | коэффициентам | коэффициент | коэффициенте,LOW,SPELLING
2019-03-27-data-vyhoda-civilfem-dlya-ansys-2019-r1.md:body,Еврокод,"Дата выхода CivilFEM для ANSYS 2019 R1


Ingesiber анонсировали, что 8 апреля 2019 года они выпустят",Евро код | Евро-код | Автокод | Автокода | Автокоде,LOW,SPELLING
2019-03-27-data-vyhoda-civilfem-dlya-ansys-2019-r1.md:body,2Возможность,"Дата выхода CivilFEM для ANSYS 2019 R1


Ingesiber анонсировали, что 8 апреля 2019 года они выпустят",Возможность | Возможностью | Возможности,LOW,SPELLING
2019-03-27-data-vyhoda-civilfem-dlya-ansys-2019-r1.md:body,имопрт,"Дата выхода CivilFEM для ANSYS 2019 R1


Ingesiber анонсировали, что 8 апреля 2019 года они выпустят",импорт | импорта | импорте | импорту | импортный,LOW,SPELLING
2019-03-27-data-vyhoda-civilfem-dlya-ansys-2019-r1.md:body,Новожилов,"Дата выхода CivilFEM для ANSYS 2019 R1


Ingesiber анонсировали, что 8 апреля 2019 года они выпустят",Новоселов | Новосел | Новоселом,LOW,SPELLING
2019-03-28-proizvodstvo-listovogo-stalnogo-prokata.md:body,науч-поп,"Производство листового стального проката


Это вам не современная «Популярная механика» — это true н",научно,HIGH,SPELLING
2019-03-28-proizvodstvo-listovogo-stalnogo-prokata.md:body,Новожилов,"Производство листового стального проката


Это вам не современная «Популярная механика» — это true н",Новоселов | Новосел | Новоселом,LOW,SPELLING
2019-03-29-apm-fem-v18-dlya-kompas.md:body,нестыдно,"APM FEM V18 для Компас


Отечественный FEM решатель в отечественной же CAD системе. Про это нестыдно",не стыдно | не-стыдно | стыдно | бесстыдно | настырно,LOW,SPELLING
2019-04-01-resheniya-zadach-teploprovodnosti-naglyadno.md:body,Новожилов,"Решения задач теплопроводности наглядно


Расчет конвекции для женщины в упрощении вертикального цил",Новоселов | Новосел | Новоселом,LOW,SPELLING
2019-04-01-we-are-know-something-about-hiring.md:body,Где-то,"We are know something about hiring


Уважаемые читатели, мои друзья из одной очень большой и хорошей",Одето | Вдето | Одетый | Вдетый,LOW,SPELLING
2019-04-01-we-are-know-something-about-hiring.md:body,соответсвующее,"We are know something about hiring


Уважаемые читатели, мои друзья из одной очень большой и хорошей",соответствующее | соответствующею | соответствующей | соответствующем | соответствующие,LOW,SPELLING
2019-04-01-we-are-know-something-about-hiring.md:body,тоерии,"We are know something about hiring


Уважаемые читатели, мои друзья из одной очень большой и хорошей",теории | тории | церии,LOW,SPELLING
2019-04-01-we-are-know-something-about-hiring.md:body,моделированияУмение,"We are know something about hiring


Уважаемые читатели, мои друзья из одной очень большой и хорошей",моделирования Умение | моделирования-Умение,LOW,SPELLING
2019-04-01-we-are-know-something-about-hiring.md:body,гостайне,"We are know something about hiring


Уважаемые читатели, мои друзья из одной очень большой и хорошей",гос тайне | гос-тайне | ГОСТа | гостий | достань,LOW,SPELLING
2019-04-02-uchet-dempfirovaniya-v-mehanike.md:body,блога,"Учет демпфирования в механике


Статья из блога Comsol рассказывает об учете демпфирования при модел",бога | лога | блага | блоха | блока,LOW,SPELLING
2019-04-03-48-yader-v-odnom-protsessore-ot-intel.md:body,новго,"48 ядер в одном процессоре от Intel


Новые, мощные процессоры Cascade Lake-SP от Intel и их презент",нового | ново | нов го | нов-го | ногою,LOW,SPELLING
2019-04-03-48-yader-v-odnom-protsessore-ot-intel.md:body,тактx2,"48 ядер в одном процессоре от Intel


Новые, мощные процессоры Cascade Lake-SP от Intel и их презент",такт | такта | такте | такту | такты,LOW,SPELLING
2019-04-03-48-yader-v-odnom-protsessore-ot-intel.md:body,памяти80,"48 ядер в одном процессоре от Intel


Новые, мощные процессоры Cascade Lake-SP от Intel и их презент",памяти | памятки | память | памятный,LOW,SPELLING
2019-04-03-48-yader-v-odnom-protsessore-ot-intel.md:body,какие-то,"48 ядер в одном процессоре от Intel


Новые, мощные процессоры Cascade Lake-SP от Intel и их презент",карета | ракета | ракита | кассета | калиевый,LOW,SPELLING
2019-04-03-48-yader-v-odnom-protsessore-ot-intel.md:body,Новожилов,"48 ядер в одном процессоре от Intel


Новые, мощные процессоры Cascade Lake-SP от Intel и их презент",Новоселов | Новосел | Новоселом,LOW,SPELLING
2019-04-03-istoriya-vychislitelnoy-optimizatsii-ot-pr.md:title,Гаррета,История вычислительной оптимизации от Профессора Гаррета Вандерплатса,Гаррота | Грета | Галета | Гарема | Газета,LOW,SPELLING
2019-04-03-istoriya-vychislitelnoy-optimizatsii-ot-pr.md:body,Гаррет,"Профессор Гаррет Вандерплатс (Garret Vanderplaats), основатель и руководитель компании Vanderplaats ",Гарроте | Гаркает | Гаркнет | Гаррота | Гарроту,LOW,SPELLING
2019-04-03-istoriya-vychislitelnoy-optimizatsii-ot-pr.md:body,состояни,"Профессор Гаррет Вандерплатс (Garret Vanderplaats), основатель и руководитель компании Vanderplaats ",состоянию | состояние | состоянии | состояний | состояния,LOW,SPELLING
2019-04-03-istoriya-vychislitelnoy-optimizatsii-ot-pr.md:body,нелизнейные,"Профессор Гаррет Вандерплатс (Garret Vanderplaats), основатель и руководитель компании Vanderplaats ",нелинейные | нелинейны | нелинейное | нелинейных | нелинейный,LOW,SPELLING
2019-04-03-istoriya-vychislitelnoy-optimizatsii-ot-pr.md:body,задаи,"Профессор Гаррет Вандерплатс (Garret Vanderplaats), основатель и руководитель компании Vanderplaats ",задали | задами | задави | задачи | зада,LOW,SPELLING
2019-04-04-vebinar-po-ls-tasc.md:body,отимизации,"Вебинар по LS-TaSC


Наверно это самый интересный для меня вебинар из цикла записей, который подгото",оптимизации | оптимизацию | оптимизаций | оптимизация | химизации,LOW,SPELLING
2019-04-04-vebinar-po-ls-tasc.md:body,морфингом,"Вебинар по LS-TaSC


Наверно это самый интересный для меня вебинар из цикла записей, который подгото",морфином | морфин | морфий,LOW,SPELLING
2019-04-04-vebinar-po-ls-tasc.md:body,Новожилов,"Вебинар по LS-TaSC


Наверно это самый интересный для меня вебинар из цикла записей, который подгото",Новоселов | Новосел | Новоселом,LOW,SPELLING
2019-04-05-gpu-optimization-of-material-point-metho.md:body,Новожилов,"GPU Optimization of Material Point Methods


Обзор научной статьи о переносе расчетов в постановке F",Новоселов | Новосел | Новоселом,LOW,SPELLING
2019-04-09-modeliirovanie-mokroy-golovy.md:title,Моделиирование,Моделиирование мокрой головы,Моделирование | Моделированием | Моделированию | Моделировании | Моделирования,LOW,SPELLING
2019-04-09-modeliirovanie-mokroy-golovy.md:body,Моделиирование,"Моделиирование мокрой головы


Занимательная презентация по итогам большой научной работы — желатель",Моделирование | Моделированием | Моделированию | Моделировании | Моделирования,LOW,SPELLING
2019-04-09-modeliirovanie-mokroy-golovy.md:body,Новожилов,"Моделиирование мокрой головы


Занимательная презентация по итогам большой научной работы — желатель",Новоселов | Новосел | Новоселом,LOW,SPELLING
2019-04-09-roboty-hodyat-v-recurdyn.md:body,Новожилов,"Роботы ходят в RecurDyn






 

by Юрий Новожилов

 ",Новоселов | Новосел | Новоселом,LOW,SPELLING
2019-04-10-esche-raz-pro-model-tubrulentnosti-geko.md:title,тубрулентности,Еще раз про модель тубрулентности GEKO,турбулентности | турбулентность | турбулентностями | турбулентностей | турбулентностях,LOW,SPELLING
2019-04-10-esche-raz-pro-model-tubrulentnosti-geko.md:body,тубрулентности,"Еще раз про модель тубрулентности GEKO




  

 

by Юрий Новожилов

 ",турбулентности | турбулентность | турбулентностями | турбулентностей | турбулентностях,LOW,SPELLING
2019-04-10-esche-raz-pro-model-tubrulentnosti-geko.md:body,Новожилов,"Еще раз про модель тубрулентности GEKO




  

 

by Юрий Новожилов

 ",Новоселов | Новосел | Новоселом,LOW,SPELLING
2019-04-11-hpc-porn-hpe-superdome-flex.md:body,сокетов,"HPC porn: HPE Superdome Flex


Наши инженеры многое бы отдали за такую систему с общей памятью





",сонетов | советов | соке тов | соке-тов | соткет,LOW,SPELLING
2019-04-11-hpc-porn-hpe-superdome-flex.md:body,Обновлённый,"HPC porn: HPE Superdome Flex


Наши инженеры многое бы отдали за такую систему с общей памятью





",Обновленный | Обновленной | Обновленные | Обновленных | Обновленным,LOW,SPELLING
2019-04-11-hpc-porn-hpe-superdome-flex.md:body,Новожилов,"HPC porn: HPE Superdome Flex


Наши инженеры многое бы отдали за такую систему с общей памятью





",Новоселов | Новосел | Новоселом,LOW,SPELLING
2019-04-11-pridumay-nazvanie.md:body,упоролись,"Придумай название


Да вы упоролись?!


Ага :-)



 

Придумай название - MagicDPD",боролись | уперлись | напоролись | отпоролись | порос,LOW,SPELLING
2019-04-12-optimizatsiya-topologii-v-ansys-na-gpu-l.md:body,решетель,"Оптимизация топологии в ANSYS на GPU — легко!


Это решение напрашивалось уже давно. Задачи оптимиза",решет ель | решет-ель | решете ль | решете-ль | радетель,LOW,SPELLING
2019-04-13-fortran-ii-na-kompyutere-ibm-1401.md:body,Новожилов,"FORTRAN II на компьютере IBM 1401


Видео из серии «когда компьютеры были большими, а фортран еще мо",Новоселов | Новосел | Новоселом,LOW,SPELLING
2019-04-17-vse-pro-elementy-v-abaqus.md:body,типи,"Все про элементы в ABAQUS


Гигантский вебинар про все типи элементов для явного и неявного решателя",тип | кипи | сипи | тихи | типа,LOW,SPELLING
2019-04-20-viperblast-udarnye-volny-na-gpu.md:body,когда-то,"Viper::Blast — ударные волны на GPU


Про проект Viper::Blast я уже когда-то писал — это код, модели",когда | богато | рогато | космато | поддато,LOW,SPELLING
2019-04-20-viperblast-udarnye-volny-na-gpu.md:body,поведёт,"Viper::Blast — ударные волны на GPU


Про проект Viper::Blast я уже когда-то писал — это код, модели",поведет | поведут | повести | проведать | повесть,LOW,SPELLING
2019-04-21-dlubal-mke-soft-s-nemetskimi-kornyami.md:body,Софт,"Dlubal — МКЭ-софт с немецкими корнями


Dlubal имеет основных продукта — RFEM для 3D расчетов и RSTA",Софит | Соф | Сот | Кофт | Софа,LOW,SPELLING
2019-04-21-dlubal-mke-soft-s-nemetskimi-kornyami.md:body,Поженько,"Dlubal — МКЭ-софт с немецкими корнями


Dlubal имеет основных продукта — RFEM для 3D расчетов и RSTA",Боженькою | Боженькой | Ноженькою | Ноженькой | Боженька,LOW,SPELLING
2019-04-23-optimizatsiya-topologii-vysokogo-razresheni.md:body,сокетную,"Оптимизация топологии высокого разрешения


Коллеги разработали алгоритм, способный решать задачи то",скотную | сетную | секретную | совестную | сметную,LOW,SPELLING
2019-04-23-optimizatsiya-topologii-vysokogo-razresheni.md:body,E7-4830v4,"Оптимизация топологии высокого разрешения


Коллеги разработали алгоритм, способный решать задачи то",А | И | К | О | Я,LOW,SPELLING
2019-04-24-webplotdigitizer.md:body,видеоурок,"WebPlotDigitizer


WebPlotDigitizer — это одна из самых полезных утилит, которой я пользуюсь в своей",видео урок | видео-урок | видеотека | видеотек | видеотеке,LOW,SPELLING
2019-04-26-civilfem-for-ansys-2019-r1.md:body,коэффицента,"CivilFEM for ANSYS 2019 R1


Вроде как он вышел. Обещали 8-ого апреля, но письмо с приглашение на пр",коэффициента | коэффициентах | коэффициентам | коэффициент | коэффициенте,LOW,SPELLING
2019-04-26-civilfem-for-ansys-2019-r1.md:body,Еврокод,"CivilFEM for ANSYS 2019 R1


Вроде как он вышел. Обещали 8-ого апреля, но письмо с приглашение на пр",Евро код | Евро-код | Автокод | Автокода | Автокоде,LOW,SPELLING
2019-04-26-civilfem-for-ansys-2019-r1.md:body,2Возможность,"CivilFEM for ANSYS 2019 R1


Вроде как он вышел. Обещали 8-ого апреля, но письмо с приглашение на пр",Возможность | Возможностью | Возможности,LOW,SPELLING
2019-04-26-civilfem-for-ansys-2019-r1.md:body,имопрт,"CivilFEM for ANSYS 2019 R1


Вроде как он вышел. Обещали 8-ого апреля, но письмо с приглашение на пр",импорт | импорта | импорте | импорту | импортный,LOW,SPELLING
2019-04-28-recurdyn-multiki.md:body,поделитесьт,"RecurDyn — мультики


Коллеги, кто этим зверем пользуется — поделитесьт мнением. RecurDyn как-то про",поделитесь,HIGH,SPELLING
2019-04-28-recurdyn-multiki.md:body,как-то,"RecurDyn — мультики


Коллеги, кто этим зверем пользуется — поделитесьт мнением. RecurDyn как-то про",факто | какао | акт,LOW,SPELLING
2019-04-29-how-did-you-solve-the-icing-problem.md:body,cпецифический,"How did you solve the icing problem?


Это одна из ключевых сцен первого Железного человека — обледе",специфический | специфически | специфические | специфических | специфическим,LOW,SPELLING
2019-04-30-vzaimodestvie-s-sph-v-ls-dyna.md:title,Взаимодествие,Взаимодествие с SPH в LS-DYNA,Взаимодействие | Взаимодействием | Взаимодействию | Взаимодействии | Взаимодействий,LOW,SPELLING
2019-04-30-vzaimodestvie-s-sph-v-ls-dyna.md:body,Взаимодествие,"Взаимодествие с SPH в LS-DYNA


Гидродинамика сглаженных частиц, а именно так на русский переводится",Взаимодействие | Взаимодействием | Взаимодействию | Взаимодействии | Взаимодействий,LOW,SPELLING
2019-04-30-vzaimodestvie-s-sph-v-ls-dyna.md:body,бессеточных,"Взаимодествие с SPH в LS-DYNA


Гидродинамика сглаженных частиц, а именно так на русский переводится",бессточных | бес сеточных | бес-сеточных | беседочных | бессрочных,LOW,SPELLING
2019-04-30-vzaimodestvie-s-sph-v-ls-dyna.md:body,взаимодествие,"Взаимодествие с SPH в LS-DYNA


Гидродинамика сглаженных частиц, а именно так на русский переводится",взаимодействие | взаимодействием | взаимодействию | взаимодействии | взаимодействий,LOW,SPELLING
2019-04-30-vzaimodestvie-s-sph-v-ls-dyna.md:body,партов,"Взаимодествие с SPH в LS-DYNA


Гидродинамика сглаженных частиц, а именно так на русский переводится",паров | фартов | пактов | парков | партою,LOW,SPELLING
2019-04-30-vzaimodestvie-s-sph-v-ls-dyna.md:body,лагранжевой,"Взаимодествие с SPH в LS-DYNA


Гидродинамика сглаженных частиц, а именно так на русский переводится",Лагранжем | Лагранж | Лагранже,LOW,SPELLING
2019-04-30-vzaimodestvie-s-sph-v-ls-dyna.md:body,лагранжевых,"Взаимодествие с SPH в LS-DYNA


Гидродинамика сглаженных частиц, а именно так на русский переводится",Лагранжем | Лагранж | Лагранже,LOW,SPELLING
2019-04-30-vzaimodestvie-s-sph-v-ls-dyna.md:body,партов,"Взаимодествие с SPH в LS-DYNA


Гидродинамика сглаженных частиц, а именно так на русский переводится",паров | фартов | пактов | парков | партою,LOW,SPELLING
2019-04-30-vzaimodestvie-s-sph-v-ls-dyna.md:body,Взаимодествие,"Взаимодествие с SPH в LS-DYNA


Гидродинамика сглаженных частиц, а именно так на русский переводится",Взаимодействие | Взаимодействием | Взаимодействию | Взаимодействии | Взаимодействий,LOW,SPELLING
2019-05-01-parasolid-version-311.md:body,мобильниках,"Parasolid Version 31.1


Siemens выкатил новую версию Parasolid — пожалуй, главного геометрического ",могильниках | могильника | поильниках | могильникам | могильщиках,LOW,SPELLING
2019-05-02-comsol-client-dlya-android.md:body,определённого,"COMSOL Client для Android


И опять про мобильные устройства. На этот раз отличился COMSOL, выпустив",определенного | определенный | определенно | определенною | определенное,LOW,SPELLING
2019-05-03-cfd-klaster-na-android.md:body,распределённого,"CFD кластер на Android


Третий день кряду я говорю про мобильную операционную систему Android. Сего",распределенного | распределенный | распределенною | распределенное | распределенной,LOW,SPELLING
2019-05-03-cfd-klaster-na-android.md:body,Сохранённая,"CFD кластер на Android


Третий день кряду я говорю про мобильную операционную систему Android. Сего",Сохраненная | Сохранная | Сохраненный | Сохранный,LOW,SPELLING
2019-05-03-cfd-klaster-na-android.md:body,Сохранённая,"CFD кластер на Android


Третий день кряду я говорю про мобильную операционную систему Android. Сего",Сохраненная | Сохранная | Сохраненный | Сохранный,LOW,SPELLING
2019-05-04-prepost-gid.md:title,Пре,Пре/пост GiD,Пер | Пюре | Паре | Пере | Пире,LOW,SPELLING
2019-05-04-prepost-gid.md:body,Пре,"Пре/пост GiD


В своих поисках наткнулся на сайт неизвестного до сего момента препорста GiD. Разрабо",Пер | Пюре | Паре | Пере | Пире,LOW,SPELLING
2019-05-04-prepost-gid.md:body,препорста,"Пре/пост GiD


В своих поисках наткнулся на сайт неизвестного до сего момента препорста GiD. Разрабо",препарата | препарат | препаратах | препаратам | препарате,LOW,SPELLING
2019-05-04-prepost-gid.md:body,изогеометрических,"Пре/пост GiD


В своих поисках наткнулся на сайт неизвестного до сего момента препорста GiD. Разрабо",изо геометрических | изо-геометрических,LOW,SPELLING
2019-05-13-matweb-onlayn-biblioteka-svoystv-mater.md:title,онлайн,MatWeb — онлайн библиотека свойств материалов.,орлан | облаян | сплайн | облаянный,LOW,SPELLING
2019-05-13-matweb-onlayn-biblioteka-svoystv-mater.md:body,онлайн,"MatWeb — онлайн библиотека свойств материалов.


Включает в себя механические, физические, теплофизи",орлан | облаян | сплайн | облаянный,LOW,SPELLING
2019-05-13-matweb-onlayn-biblioteka-svoystv-mater.md:body,термореактивные,"MatWeb — онлайн библиотека свойств материалов.


Включает в себя механические, физические, теплофизи",турбореактивные | турбореактивный | турбореактивное | турбореактивных | турбореактивным,LOW,SPELLING
2019-05-13-matweb-onlayn-biblioteka-svoystv-mater.md:body,суперсплавы,"MatWeb — онлайн библиотека свойств материалов.


Включает в себя механические, физические, теплофизи",супер сплавы | супер-сплавы,LOW,SPELLING
2019-05-13-matweb-onlayn-biblioteka-svoystv-mater.md:body,Поженько,"MatWeb — онлайн библиотека свойств материалов.


Включает в себя механические, физические, теплофизи",Боженькою | Боженькой | Ноженькою | Ноженькой | Боженька,LOW,SPELLING
2019-05-16-gibridnyy-dem-dlya-uskoreniya-rascheta-sypu.md:body,по-честному,"Гибридный DEM для ускорения расчета сыпучих сред


Обзор статьи по новому методу расчета сыпучих сре",почетному | поместному | почетный | поместный,LOW,SPELLING
2019-05-16-gibridnyy-dem-dlya-uskoreniya-rascheta-sypu.md:body,Новожилов,"Гибридный DEM для ускорения расчета сыпучих сред


Обзор статьи по новому методу расчета сыпучих сре",Новоселов | Новосел | Новоселом,LOW,SPELLING
2019-05-16-vysokoproizvoditelnye-vychisleniya-v-ansy.md:body,Сохранённая,"Высокопроизводительные вычисления в ANSYS 2019 R1


Ровно через неделю (23 мая в 14:00) приходите на",Сохраненная | Сохранная | Сохраненный | Сохранный,LOW,SPELLING
2019-05-16-vysokoproizvoditelnye-vychisleniya-v-ansy.md:body,Новожилов,"Высокопроизводительные вычисления в ANSYS 2019 R1


Ровно через неделю (23 мая в 14:00) приходите на",Новоселов | Новосел | Новоселом,LOW,SPELLING
2019-05-17-diff-dlya-modeley-i-rezultatov-ls-dyna.md:body,видеоурок,"DIFF для моделей и результатов LS-DYNA


Короткий и полезный видеоурок по LS-PrePost: встроенная фун",видео урок | видео-урок | видеотека | видеотек | видеотеке,LOW,SPELLING
2019-05-17-kogda-chto-to-poshlo-ne-tak.md:title,что-то,Когда что-то пошло не так,ото | тот | что | фото | лото,LOW,SPELLING
2019-05-17-kogda-chto-to-poshlo-ne-tak.md:body,что-то,"Когда что-то пошло не так


Арматура не сцепилась с бетоном, но получилось красиво :-)

   

 

by Ю",ото | тот | что | фото | лото,LOW,SPELLING
2019-05-17-kogda-chto-to-poshlo-ne-tak.md:body,Новожилов,"Когда что-то пошло не так


Арматура не сцепилась с бетоном, но получилось красиво :-)

   

 

by Ю",Новоселов | Новосел | Новоселом,LOW,SPELLING
2019-05-18-modelirovanie-raboty-dorozhnoy-tehniki.md:body,Новожилов,"Моделирование работы дорожной техники


Пример от EDEM и Xuzhou Construction Machinery Group (XCMG) ",Новоселов | Новосел | Новоселом,LOW,SPELLING
2019-05-20-makeitfrom-esche-odna-onlayn-baza-dannyh.md:title,онлайн,MakeItFrom — еще одна онлайн база данных свойств материалов,орлан | облаян | сплайн | облаянный,LOW,SPELLING
2019-05-20-makeitfrom-esche-odna-onlayn-baza-dannyh.md:body,онлайн,"MakeItFrom — еще одна онлайн база данных свойств материалов


Бесплатная база данных, доступ к котор",орлан | облаян | сплайн | облаянный,LOW,SPELLING
2019-05-20-makeitfrom-esche-odna-onlayn-baza-dannyh.md:body,Поженько,"MakeItFrom — еще одна онлайн база данных свойств материалов


Бесплатная база данных, доступ к котор",Боженькою | Боженькой | Ноженькою | Ноженькой | Боженька,LOW,SPELLING
2019-05-20-we-are-hiring.md:body,атомке,"We are hiring!


Как я уже писал ранее, продолжается поиск достойных кандидатов на работу к нашим ко",атоме | томике | Томске | атом | атомщике,LOW,SPELLING
2019-05-21-hpe-pokupaet-cray.md:body,суперкомпьютерного,"HPE покупает Cray


Огромная новость из мира HPC. Hewlett Packard Enterprise (HPE) объявили, что дог",супер компьютерного | супер-компьютерного,LOW,SPELLING
2019-05-21-hpe-pokupaet-cray.md:body,суперкомпьютеров,"HPE покупает Cray


Огромная новость из мира HPC. Hewlett Packard Enterprise (HPE) объявили, что дог",супер компьютеров | супер-компьютеров,LOW,SPELLING
2019-05-21-hpe-pokupaet-cray.md:body,компетенций,"HPE покупает Cray


Огромная новость из мира HPC. Hewlett Packard Enterprise (HPE) объявили, что дог",компетенцией | компетенцию | компетенции | компетенция,LOW,SPELLING
2019-05-21-hpe-pokupaet-cray.md:body,Сеймур,"HPE покупает Cray


Огромная новость из мира HPC. Hewlett Packard Enterprise (HPE) объявили, что дог",Сейму | Сейм | Сему | Лемур | Сейма,LOW,SPELLING
2019-05-21-hpe-pokupaet-cray.md:body,Крэй,"HPE покупает Cray


Огромная новость из мира HPC. Hewlett Packard Enterprise (HPE) объявили, что дог",Край | Крой | Кр эй | Кр-эй | Кр,LOW,SPELLING
2019-05-22-vyshla-lopast-pogulyat.md:body,чего-то,"Вышла лопасть погулять


Одна из классических прикладных задач для explicit: расчет обрыва лопатки д",чего | неготов | чеботом | чеботов | чебот,LOW,SPELLING
2019-05-22-vyshla-lopast-pogulyat.md:body,Новожилов,"Вышла лопасть погулять


Одна из классических прикладных задач для explicit: расчет обрыва лопатки д",Новоселов | Новосел | Новоселом,LOW,SPELLING
2019-05-23-modelirovanie-relsotrona-v-ls-dyna.md:body,боеприпаса,"Моделирование рельсотрона в LS-DYNA


Беззвучное видео, показывающее настройку связанного механическ",боеприпасах | боеприпасам | боеприпасы | бое припаса | бое-припаса,LOW,SPELLING
2019-05-24-zachem-orthogonal-quality-dlya-cfd.md:body,скошенность,"Зачем orthogonal quality для CFD


Aidan Wimshurst на своем научном канале Fluid Mechanics 101 расск",искушенность | скованность | скученность,LOW,SPELLING
2019-05-25-metal-3d-printing-by-padt-inc.md:body,посвящённый,"Metal 3D Printing by PADT Inc


Вебинар от PADT Inc, посвящённый аддитивным технологиям печати метал",посвященный | освященный | посвященной | посвященные | посвященных,LOW,SPELLING
2019-05-25-metal-3d-printing-by-padt-inc.md:body,аддитивкой,"Metal 3D Printing by PADT Inc


Вебинар от PADT Inc, посвящённый аддитивным технологиям печати метал",аддитивной | аддитивно | аддитивною | аддитивное | аддитивном,LOW,SPELLING
2019-05-25-metal-3d-printing-by-padt-inc.md:body,являтся,"Metal 3D Printing by PADT Inc


Вебинар от PADT Inc, посвящённый аддитивным технологиям печати метал",вялятся | являются | является | являться | явятся,LOW,SPELLING
2019-05-25-metal-3d-printing-by-padt-inc.md:body,хайпе,"Metal 3D Printing by PADT Inc


Вебинар от PADT Inc, посвящённый аддитивным технологиям печати метал",хайле | хайте | Хайфе | хай пе | хай-пе,LOW,SPELLING
2019-05-25-metal-3d-printing-by-padt-inc.md:body,Эрик,"Metal 3D Printing by PADT Inc


Вебинар от PADT Inc, посвящённый аддитивным технологиям печати метал",Крик | Этик | Эдик,LOW,SPELLING
2019-05-25-metal-3d-printing-by-padt-inc.md:body,Миллер,"Metal 3D Printing by PADT Inc


Вебинар от PADT Inc, посвящённый аддитивным технологиям печати метал",Киллер | Киллера | Киллере | Киллеру | Киллеры,LOW,SPELLING
2019-05-26-gia-topology-optimization-protop-v6.md:body,морфинга,"GIA Topology Optimization ProTOp V6


Мне понравилось, что добавили session mamger, позволяющий отсл",морфина | морфин га | морфин-га | морфин | морфине,LOW,SPELLING
2019-05-28-intervyu-s-ottsom-ls-dyna.md:body,Холквиста,"Интервью с отцом LS-DYNA


Небольшой рассказ о себе и о становлении LSTC от ее бессменного основател",Холмиста | Хоккеиста | Хоккеист | Холмистый,LOW,SPELLING
2019-05-28-intervyu-s-ottsom-ls-dyna.md:body,продажников,"Интервью с отцом LS-DYNA


Небольшой рассказ о себе и о становлении LSTC от ее бессменного основател",проказников | продажный | проказник | продажность,LOW,SPELLING
2019-05-28-intervyu-s-ottsom-ls-dyna.md:body,Холквист,"Интервью с отцом LS-DYNA


Небольшой рассказ о себе и о становлении LSTC от ее бессменного основател",Холмист | Хоккеист | Холмистый,LOW,SPELLING
2019-05-28-intervyu-s-ottsom-ls-dyna.md:body,пятидесятиметровом,"Интервью с отцом LS-DYNA


Небольшой рассказ о себе и о становлении LSTC от ее бессменного основател",пяти десятиметровом | пяти-десятиметровом | пятидесяти метровом | пятидесяти-метровом,LOW,SPELLING
2019-05-28-intervyu-s-ottsom-ls-dyna.md:body,Новожилов,"Интервью с отцом LS-DYNA


Небольшой рассказ о себе и о становлении LSTC от ее бессменного основател",Новоселов | Новосел | Новоселом,LOW,SPELLING
2019-05-30-optimizatsiya-hex-setki.md:body,видеодемонстрация,"Оптимизация HEX сетки


В области построения хороших сеток очень много задач. И одна из них — оптими",видео демонстрация | видео-демонстрация,LOW,SPELLING
2019-05-30-optimizatsiya-hex-setki.md:body,демо,"Оптимизация HEX сетки


В области построения хороших сеток очень много задач. И одна из них — оптими",демон | дело | депо | немо | семо,LOW,SPELLING
2019-05-30-optimizatsiya-hex-setki.md:body,Новожилов,"Оптимизация HEX сетки


В области построения хороших сеток очень много задач. И одна из них — оптими",Новоселов | Новосел | Новоселом,LOW,SPELLING
2019-05-31-ansys-mechanical-2019-r2-chast-1.md:body,Наконец-то,"ANSYS Mechanical 2019 R2: часть 1


Встречаем новый релиз ANSYS! Наконец-то ANSYS Mechanical получил",Наконец | Наконечный | Наконечною | Наконечное | Наконечной,LOW,SPELLING
2019-05-31-ansys-mechanical-2019-r2-chast-1.md:body,кастомизация,"ANSYS Mechanical 2019 R2: часть 1


Встречаем новый релиз ANSYS! Наконец-то ANSYS Mechanical получил",атомизация | атомизацию | атомизации,LOW,SPELLING
2019-05-31-ansys-mechanical-2019-r2-chast-1.md:body,автодополнение,"ANSYS Mechanical 2019 R2: часть 1


Встречаем новый релиз ANSYS! Наконец-то ANSYS Mechanical получил",авто дополнение | авто-дополнение,LOW,SPELLING
2019-05-31-ansys-mechanical-2019-r2-chast-1.md:body,Новожилов,"ANSYS Mechanical 2019 R2: часть 1


Встречаем новый релиз ANSYS! Наконец-то ANSYS Mechanical получил",Новоселов | Новосел | Новоселом,LOW,SPELLING
2019-06-01-ansys-mechanical-2019-r2-chast-2.md:body,Новожилов,"ANSYS Mechanical 2019 R2: часть 2


Вторая часть видео по обновлениям ANSYS Mechanical 2019 R2. Тут ",Новоселов | Новосел | Новоселом,LOW,SPELLING
2019-06-02-ansys-mechanical-2019-r2-chast-3.md:body,Новожилов,"ANSYS Mechanical 2019 R2: часть 3


Третья часть обзора ANSYS Mechanical 2019 R2. Сегодня у нас новы",Новоселов | Новосел | Новоселом,LOW,SPELLING
2019-06-03-vystuplenie-ntopology-na-develop3d-live.md:body,из-за,"Выступление nTopology на DEVELOP3D LIVE 2019


nTopology рассказали, в чем основная фишка их системы",изба | извоза | изюма | из | низа,LOW,SPELLING
2019-06-04-obuchenie-modelirovaniyu-vzryvov-v-ls-dyna.md:body,Cловении,"Обучение моделированию взрывов в LS-DYNA


С 3 по 5 февраля следующего года группа специалистов по L",Словении | Уловлении | Говении | Лощении | Слоении,LOW,SPELLING
2019-06-04-obuchenie-modelirovaniyu-vzryvov-v-ls-dyna.md:body,проведёт,"Обучение моделированию взрывов в LS-DYNA


С 3 по 5 февраля следующего года группа специалистов по L",проведет | проведут | провести | провезти | проседать,LOW,SPELLING
2019-06-04-obuchenie-modelirovaniyu-vzryvov-v-ls-dyna.md:body,Новожилов,"Обучение моделированию взрывов в LS-DYNA


С 3 по 5 февраля следующего года группа специалистов по L",Новоселов | Новосел | Новоселом,LOW,SPELLING
2019-06-05-pashem-v-rocky-dem.md:body,по-серьезному,"Пашем в Rocky DEM


Пока «обычные» DEM коды показывают пример с шариками, Rocky DEM играет по-серьез",полусерьезному | серьезному | несерьезному | посерьезнее | полусерьезный,LOW,SPELLING
2019-06-05-pashem-v-rocky-dem.md:body,Новожилов,"Пашем в Rocky DEM


Пока «обычные» DEM коды показывают пример с шариками, Rocky DEM играет по-серьез",Новоселов | Новосел | Новоселом,LOW,SPELLING
2019-06-06-izogeometricheskiy-analiz-ot-coreform.md:title,Изогеометрический,Изогеометрический анализ от Coreform,Изо геометрический | Изо-геометрический,LOW,SPELLING
2019-06-06-izogeometricheskiy-analiz-ot-coreform.md:body,Изогеометрический,"Изогеометрический анализ от Coreform


Занимательное выступление Coreform на мероприятии DEVELOP3D L",Изо геометрический | Изо-геометрический,LOW,SPELLING
2019-06-06-izogeometricheskiy-analiz-ot-coreform.md:body,пафосно,"Изогеометрический анализ от Coreform


Занимательное выступление Coreform на мероприятии DEVELOP3D L",пафос но | пафос-но | пафосом | пафос | пакостно,LOW,SPELLING
2019-06-06-izogeometricheskiy-analiz-ot-coreform.md:body,изогеометрические,"Изогеометрический анализ от Coreform


Занимательное выступление Coreform на мероприятии DEVELOP3D L",изо геометрические | изо-геометрические,LOW,SPELLING
2019-06-06-izogeometricheskiy-analiz-ot-coreform.md:body,Изогеометрические,"Изогеометрический анализ от Coreform


Занимательное выступление Coreform на мероприятии DEVELOP3D L",Изо геометрические | Изо-геометрические,LOW,SPELLING
2019-06-06-izogeometricheskiy-analiz-ot-coreform.md:body,напримр,"Изогеометрический анализ от Coreform


Занимательное выступление Coreform на мероприятии DEVELOP3D L",например | напрем,LOW,SPELLING
2019-06-06-izogeometricheskiy-analiz-ot-coreform.md:body,x500,"Изогеометрический анализ от Coreform


Занимательное выступление Coreform на мероприятии DEVELOP3D L",а | и | к | о | я,LOW,SPELLING
2019-06-06-izogeometricheskiy-analiz-ot-coreform.md:body,x50,"Изогеометрический анализ от Coreform


Занимательное выступление Coreform на мероприятии DEVELOP3D L",а | и | к | о | я,LOW,SPELLING
2019-06-06-izogeometricheskiy-analiz-ot-coreform.md:body,x10,"Изогеометрический анализ от Coreform


Занимательное выступление Coreform на мероприятии DEVELOP3D L",а | и | к | о | я,LOW,SPELLING
2019-06-06-izogeometricheskiy-analiz-ot-coreform.md:body,безопастностью,"Изогеометрический анализ от Coreform


Занимательное выступление Coreform на мероприятии DEVELOP3D L",безопасностью | безопасность | безучастностью | безучастность,LOW,SPELLING
2019-06-06-izogeometricheskiy-analiz-ot-coreform.md:body,Изогеометрический,"Изогеометрический анализ от Coreform


Занимательное выступление Coreform на мероприятии DEVELOP3D L",Изо геометрический | Изо-геометрический,LOW,SPELLING
2019-06-07-verifikatsionnyy-otchet-po-abaqus-v-stroit.md:title,Верификационный,Верификационный отчет по Abaqus в строительстве,Сертификационный | Тарификационный | Сертификационной | Сертификационные | Сертификационных,LOW,SPELLING
2019-06-07-verifikatsionnyy-otchet-po-abaqus-v-stroit.md:body,Верификационный,"Верификационный отчет по Abaqus в строительстве


Подробный отчет по верификации Abaqus для решения ",Сертификационный | Тарификационный | Сертификационной | Сертификационные | Сертификационных,LOW,SPELLING
2019-06-07-verifikatsionnyy-otchet-po-abaqus-v-stroit.md:body,атомки,"Верификационный отчет по Abaqus в строительстве


Подробный отчет по верификации Abaqus для решения ",атомщик | томик | томики | атом | атомщики,LOW,SPELLING
2019-06-07-verifikatsionnyy-otchet-po-abaqus-v-stroit.md:body,Белостоцкого,"Верификационный отчет по Abaqus в строительстве


Подробный отчет по верификации Abaqus для решения ",Белостокского | Белостокский | Белостокскою | Белостокское | Белостокской,LOW,SPELLING
2019-06-07-verifikatsionnyy-otchet-po-abaqus-v-stroit.md:body,СтаДиО,"Верификационный отчет по Abaqus в строительстве


Подробный отчет по верификации Abaqus для решения ",Стадион | Стадо | Стадию | Стадии | Стадий,LOW,SPELLING
2019-06-07-verifikatsionnyy-otchet-po-abaqus-v-stroit.md:body,верификационные,"Верификационный отчет по Abaqus в строительстве


Подробный отчет по верификации Abaqus для решения ",сертификационные | тарификационные | сертификационный | тарификационный,LOW,SPELLING
2019-06-07-verifikatsionnyy-otchet-po-abaqus-v-stroit.md:body,Верификационный,"Верификационный отчет по Abaqus в строительстве


Подробный отчет по верификации Abaqus для решения ",Сертификационный | Тарификационный | Сертификационной | Сертификационные | Сертификационных,LOW,SPELLING
2019-06-08-onshape-na-develop3d-live-2019.md:body,Новожилов,"Onshape на DEVELOP3D LIVE 2019


Jon Hirschtick из Onshape рассказывает о вещах, которым компания на",Новоселов | Новосел | Новоселом,LOW,SPELLING
2019-06-10-raschety-v-ls-dyna-na-klasterah-windows-h.md:body,распределённого,"Расчеты в LS-DYNA на кластерах Windows HPC Cluster


DYNAmore выпустили инструкцию по настройке и ра",распределенного | распределенный | распределенною | распределенное | распределенной,LOW,SPELLING
2019-06-10-raschety-v-ls-dyna-na-klasterah-windows-h.md:body,решетеля,"Расчеты в LS-DYNA на кластерах Windows HPC Cluster


DYNAmore выпустили инструкцию по настройке и ра",решете ля | решете-ля | радетеля | решетная | вешателя,LOW,SPELLING
2019-06-10-raschety-v-ls-dyna-na-klasterah-windows-h.md:body,Новожилов,"Расчеты в LS-DYNA на кластерах Windows HPC Cluster


DYNAmore выпустили инструкцию по настройке и ра",Новоселов | Новосел | Новоселом,LOW,SPELLING
2019-06-11-rasskaz-o-ansys-motion-na-develop3d-live.md:body,Митчел,"Рассказ о ANSYS Motion на DEVELOP3D LIVE 2019


Один из самых активных людей по механике в ANSYS, Ри",Метел | Метче | Матчем | Мутнел | Мечеть,LOW,SPELLING
2019-06-11-rasskaz-o-ansys-motion-na-develop3d-live.md:body,что-то,"Рассказ о ANSYS Motion на DEVELOP3D LIVE 2019


Один из самых активных людей по механике в ANSYS, Ри",ото | тот | что | фото | лото,LOW,SPELLING
2019-06-11-rasskaz-o-ansys-motion-na-develop3d-live.md:body,Новожилов,"Рассказ о ANSYS Motion на DEVELOP3D LIVE 2019


Один из самых активных людей по механике в ANSYS, Ри",Новоселов | Новосел | Новоселом,LOW,SPELLING
2019-06-12-materialy-12-oy-evropeyskoy-konferentsii.md:body,распределённого,"Материалы 12-ой европейской конференции LS-DYNA


LSTC и DYNAmore остаются верны себе и выкладывают ",распределенного | распределенный | распределенною | распределенное | распределенной,LOW,SPELLING
2019-06-13-explicit-mechanics-na-baze-openfoam.md:body,паблика,"Explicit Mechanics на базе OpenFOAM


Очень любопытная работа, о которой я уже несколько раз упомина",публика | Павлика | па блика | па-блика | паб лика,LOW,SPELLING
2019-06-14-submodeling-na-usiliyah.md:body,жесткостные,"Submodeling на усилиях


Довольно старый, но интересный пост от Ozen на тему использования техники п",жест костные | жест-костные | жестколистные | бескостные | жестколистный,LOW,SPELLING
2019-06-15-vebinar-po-additivke-v-ansys-2019r2.md:title,аддитивке,Вебинар по аддитивке в ANSYS 2019R2,аддитивен | аддитивное | аддитивные | аддитивна | аддитивно,LOW,SPELLING
2019-06-15-vebinar-po-additivke-v-ansys-2019r2.md:title,2019R2,Вебинар по аддитивке в ANSYS 2019R2,А | И | К | О | Я,LOW,SPELLING
2019-06-15-vebinar-po-additivke-v-ansys-2019r2.md:body,аддитивке,"Вебинар по аддитивке в ANSYS 2019R2


17-ого июля в девять вечера по Москве  коллеги из PADT Inc про",аддитивен | аддитивное | аддитивные | аддитивна | аддитивно,LOW,SPELLING
2019-06-15-vebinar-po-additivke-v-ansys-2019r2.md:body,2019R2,"Вебинар по аддитивке в ANSYS 2019R2


17-ого июля в девять вечера по Москве  коллеги из PADT Inc про",А | И | К | О | Я,LOW,SPELLING
2019-06-15-vebinar-po-additivke-v-ansys-2019r2.md:body,аддитивке,"Вебинар по аддитивке в ANSYS 2019R2


17-ого июля в девять вечера по Москве  коллеги из PADT Inc про",аддитивен | аддитивное | аддитивные | аддитивна | аддитивно,LOW,SPELLING
2019-06-16-verifikatsionnyy-otchet-modelirovanie-sno.md:title,Верификационный,Верификационный отчет: моделирование сноса и обрушения зданий и сооружений,Сертификационный | Тарификационный | Сертификационной | Сертификационные | Сертификационных,LOW,SPELLING
2019-06-16-verifikatsionnyy-otchet-modelirovanie-sno.md:body,верификационный,На глаза мне попался огромный верификационный отчет от Управления министерства обороны США по снижен,сертификационный | тарификационный | сертификационной | сертификационные | сертификационных,LOW,SPELLING
2019-06-16-verifikatsionnyy-otchet-modelirovanie-sno.md:body,посвящённый,На глаза мне попался огромный верификационный отчет от Управления министерства обороны США по снижен,посвященный | освященный | посвященной | посвященные | посвященных,LOW,SPELLING
2019-06-16-verifikatsionnyy-otchet-modelirovanie-sno.md:body,отчёте,На глаза мне попался огромный верификационный отчет от Управления министерства обороны США по снижен,отчете | точь | отечь,LOW,SPELLING
2019-06-18-pro-tsifrovye-dvoyniki-i-zachem-tam-ansys.md:body,тренд,"Про цифровые двойники и зачем там ANSYS


Это очень простой и потому очень понятный рассказ от LEAP ",тред | трень | арен,LOW,SPELLING
2019-06-19-prosto-zalipatelnye-video-pro-podushki-b.md:title,залипательные,Просто залипательные видео про подушки безопастности,занимательные | зажигательные | занимательный | зажигательный,LOW,SPELLING
2019-06-19-prosto-zalipatelnye-video-pro-podushki-b.md:title,безопастности,Просто залипательные видео про подушки безопастности,безопасности | безопасность | безучастности | безучастность,LOW,SPELLING
2019-06-19-prosto-zalipatelnye-video-pro-podushki-b.md:body,залипательные,"Просто залипательные видео про подушки безопастности


Серия видео с результатом расчета раскрытия п",занимательные | зажигательные | занимательный | зажигательный,LOW,SPELLING
2019-06-19-prosto-zalipatelnye-video-pro-podushki-b.md:body,безопастности,"Просто залипательные видео про подушки безопастности


Серия видео с результатом расчета раскрытия п",безопасности | безопасность | безучастности | безучастность,LOW,SPELLING
2019-06-19-prosto-zalipatelnye-video-pro-podushki-b.md:body,Галеркина,"Просто залипательные видео про подушки безопастности


Серия видео с результатом расчета раскрытия п",Галерки на | Галерки-на | Галерка | Галерки | Балерина,LOW,SPELLING
2019-06-21-nauchnaya-publikatsiya-o-puzyrkah-guinness.md:body,гидродинамиков,"Научная публикация о пузырьках Guinness


Отличная задача для гидродинамиков после посиделок в пабе.",гидродинамикою | гидродинамикой | гидродинамика,LOW,SPELLING
2019-06-21-nauchnaya-publikatsiya-o-puzyrkah-guinness.md:body,Гинес,"Научная публикация о пузырьках Guinness


Отличная задача для гидродинамиков после посиделок в пабе.",Гинею | Гинее | Гинеи | Гиней | Гинем,LOW,SPELLING
2019-06-25-mat-generalized-phase-change.md:body,как-то,"MAT_GENERALIZED_PHASE_CHANGE


Эта модель материала появилась в 11-ой версии LS-DYNA, и как-то долго",факто | какао | акт,LOW,SPELLING
2019-06-25-mat-generalized-phase-change.md:body,поколдовав,"MAT_GENERALIZED_PHASE_CHANGE


Эта модель материала появилась в 11-ой версии LS-DYNA, и как-то долго",околдовав | околдовать | колдовать,LOW,SPELLING
2019-06-25-otkryta-registratsiya-na-acum-cascon-xvi.md:body,Новожилов,"Открыта регистрация на ACUM (CASCON) XVI


Стали известны даты главного CAE события года — ежегодной",Новоселов | Новосел | Новоселом,LOW,SPELLING
2019-06-27-modelirovanie-goreniya-gazovyh-smesey-v-l.md:body,Да-да,"Моделирование горения газовых смесей в LS-DYNA


Вашему вниманию предлагаю слайды доклада коллег из ",Ада | Дала | Дама | Дана | Дара,LOW,SPELLING
2019-06-27-modelirovanie-goreniya-gazovyh-smesey-v-l.md:body,расчётчика,"Моделирование горения газовых смесей в LS-DYNA


Вашему вниманию предлагаю слайды доклада коллег из ",расчетчика | расчетчиках | расчетчикам | расчетчик | расчетчица,LOW,SPELLING
2019-06-28-podbor-konstant-dlya-nelineynyh-modeley-m.md:body,КЭ-моделирования,"Большинство пакетов КЭ-моделирования имеет возможность калибровать простые модели материалов, такие ",Моделирования | Моделирование | Моделированию | Моделировании,LOW,SPELLING
2019-06-28-podbor-konstant-dlya-nelineynyh-modeley-m.md:body,вязкоупругость,"Большинство пакетов КЭ-моделирования имеет возможность калибровать простые модели материалов, такие ",вязко упругость | вязко-упругость,LOW,SPELLING
2019-06-28-podbor-konstant-dlya-nelineynyh-modeley-m.md:body,КЭ-программы,"Большинство пакетов КЭ-моделирования имеет возможность калибровать простые модели материалов, такие ",Программы | Сопрограммы | Программа | Сопрограмма,LOW,SPELLING
2019-06-28-podbor-konstant-dlya-nelineynyh-modeley-m.md:body,Йорген,"Большинство пакетов КЭ-моделирования имеет возможность калибровать простые модели материалов, такие ",Морен | Орден | Орган | Торен | Боргес,LOW,SPELLING
2019-06-28-podbor-konstant-dlya-nelineynyh-modeley-m.md:body,Поженько,"Большинство пакетов КЭ-моделирования имеет возможность калибровать простые модели материалов, такие ",Боженькою | Боженькой | Ноженькою | Ноженькой | Боженька,LOW,SPELLING
2019-07-02-lektsiya-po-mnogofazke.md:title,многофазке,Лекция по многофазке,многофазное | многофазные | многоглазке | многофазный | многоглазка,LOW,SPELLING
2019-07-02-lektsiya-po-mnogofazke.md:body,многофазке,"Лекция по многофазке


25 минут на разбор какие бывают многофазные течения и какие подходы применяют",многофазное | многофазные | многоглазке | многофазный | многоглазка,LOW,SPELLING
2019-07-02-lektsiya-po-mnogofazke.md:body,Новожилов,"Лекция по многофазке


25 минут на разбор какие бывают многофазные течения и какие подходы применяют",Новоселов | Новосел | Новоселом,LOW,SPELLING
2019-07-03-civilfem-apps-obzor-raboty-v-vebinare.md:body,Новожилов,"CivilFEM APPs — обзор работы в вебинаре


Обзор работы ACT расширения CivilFEM уже для свежего ANSYS",Новоселов | Новосел | Новоселом,LOW,SPELLING
2019-07-04-ls-dyna-structured-ale-act.md:body,решателем,"LS-DYNA Structured-ALE ACT


Не успели в ANSYS 19.2 открыть API для написания ACT расширений к WB LS",вешателем | вешателе | предателем | вешатель | делателем,LOW,SPELLING
2019-07-04-ls-dyna-structured-ale-act.md:body,процессинга,"LS-DYNA Structured-ALE ACT


Не успели в ANSYS 19.2 открыть API для написания ACT расширений к WB LS",прессинга | прессинг | процессия,LOW,SPELLING
2019-07-04-ls-dyna-structured-ale-act.md:body,самолёта,"LS-DYNA Structured-ALE ACT


Не успели в ANSYS 19.2 открыть API для написания ACT расширений к WB LS",самолета | самолетах | самолетам | самолет | самоката,LOW,SPELLING
2019-07-05-topo-challenge.md:body,топологически,"Topo Challenge


Очень любопытное соревнование было проведено в рамках круглого стола конференции  U",топологические | топологических | топологический | топологическим | типологически,LOW,SPELLING
2019-07-05-topo-challenge.md:body,аддитивке,"Topo Challenge


Очень любопытное соревнование было проведено в рамках круглого стола конференции  U",аддитивен | аддитивное | аддитивные | аддитивна | аддитивно,LOW,SPELLING
2019-07-05-topo-challenge.md:body,Новожилов,"Topo Challenge


Очень любопытное соревнование было проведено в рамках круглого стола конференции  U",Новоселов | Новосел | Новоселом,LOW,SPELLING
2019-07-08-uchebnye-materialy-po-ls-prepost.md:body,Новожилов,"Учебные материалы по LS-PrePost


Компания Simware — тайваньский партнер LSTC — подготовили целый ин",Новоселов | Новосел | Новоселом,LOW,SPELLING
2019-07-10-dual-sheet-meshing.md:body,Кенши,"Dual Sheet Meshing:


Кенши Такаяма (Kenshi Takayama) из Национального института информатики (Nation",Кении | Клешни | Кению | Кения | Кнели,LOW,SPELLING
2019-07-10-dual-sheet-meshing.md:body,Кенши,"Dual Sheet Meshing:


Кенши Такаяма (Kenshi Takayama) из Национального института информатики (Nation",Кении | Клешни | Кению | Кения | Кнели,LOW,SPELLING
2019-07-10-lektsiya-po-bessetochnomu-metodu-galerkina.md:title,бессеточному,Лекция по бессеточному методу Галеркина для сверхбольших деформаций,бессточному | бес сеточному | бес-сеточному | бессточном | беседочному,LOW,SPELLING
2019-07-10-lektsiya-po-bessetochnomu-metodu-galerkina.md:title,Галеркина,Лекция по бессеточному методу Галеркина для сверхбольших деформаций,Галерки на | Галерки-на | Галерка | Галерки | Балерина,LOW,SPELLING
2019-07-10-lektsiya-po-bessetochnomu-metodu-galerkina.md:body,бессеточный,Один из самых перспективных методов моделирования задач изменения формы — бессеточный метод Галеркин,бессточный | бес сеточный | бес-сеточный | беседочный | бессрочный,LOW,SPELLING
2019-07-10-lektsiya-po-bessetochnomu-metodu-galerkina.md:body,Галеркина,Один из самых перспективных методов моделирования задач изменения формы — бессеточный метод Галеркин,Галерки на | Галерки-на | Галерка | Галерки | Балерина,LOW,SPELLING
2019-07-10-lektsiya-po-bessetochnomu-metodu-galerkina.md:body,инициализируется,Один из самых перспективных методов моделирования задач изменения формы — бессеточный метод Галеркин,инициализирует | инициализируете | инициализируемая | инициализируемый | инициализировать,LOW,SPELLING
2019-07-10-lektsiya-po-bessetochnomu-metodu-galerkina.md:body,Чена,Один из самых перспективных методов моделирования задач изменения формы — бессеточный метод Галеркин,Челна | Черна | Четна | Члена | Учена,LOW,SPELLING
2019-07-11-spaceclaim-meshing-uzhe-pora-izuchat.md:body,вкрутил,"SpaceClaim Meshing — уже пора изучать!


Если вы еще даже не слышали про то, что ANSYS вкрутил ICEM ",выкрутил | крутил | окрутил | скрутил | укрутил,LOW,SPELLING
2019-07-15-ansys-composite-cure-simulation.md:body,сотфинка,"ANSYS Composite Cure Simulation


Полезная сотфинка для тех, кто работает с композитами, которые над",сот финка | сот-финка | сотника | скотинка | ботинка,LOW,SPELLING
2019-07-16-urok-po-ls-dyna-ronyaem-sharik.md:body,Видеоурок,"Урок по LS-DYNA: роняем шарик


Видеоурок в двух частях для тех, кто только-только начинает свое зна",Видео урок | Видео-урок | Видеотека | Видеотек | Видеотеке,LOW,SPELLING
2019-07-18-azure-i-oblachnyy-klaster-na-20-000-yader.md:body,виртуалки,"Azure и облачный кластер на 20 000 ядер


Коллеги из Microsoft немного поиграли мускулатурой в своих",виртуален | виртуозки | виртуозка | виртуальный,LOW,SPELLING
2019-07-18-azure-i-oblachnyy-klaster-na-20-000-yader.md:body,масштабируемостью,"Azure и облачный кластер на 20 000 ядер


Коллеги из Microsoft немного поиграли мускулатурой в своих",масштабируем остью | масштабируем-остью,LOW,SPELLING
2019-07-19-mashinnyy-intellekt-uchitsya-hodit.md:body,нейронку,"Машинный интеллект учится ходить


Обзор статьи-исследования, в которой экспериментаторы наделили ск",нейрону | нейрон ку | нейрон-ку | нейтрону | нейрон,LOW,SPELLING
2019-07-20-20y-reliz-softa-ot-betacae.md:title,софта,20й релиз софта от BetaCAE,софита | софа | кофта | сорта | соф та,LOW,SPELLING
2019-07-20-20y-reliz-softa-ot-betacae.md:body,софта,"20й релиз софта от BetaCAE


BetaCAE показала очень насыщенные видео с новыми функциями своей софтов",софита | софа | кофта | сорта | соф та,LOW,SPELLING
2019-07-20-20y-reliz-softa-ot-betacae.md:body,софтовой,"20й релиз софта от BetaCAE


BetaCAE показала очень насыщенные видео с новыми функциями своей софтов",сотовой | сортовой | сотов,LOW,SPELLING
2019-07-21-hpc-interkonnekt-po-pcie-gen-4.md:body,стартапа,"HPC интерконнект по PCIe Gen 4


Интересная разработка HPC стартапа по превращению шины PCIe в полно",старта па | старта-па | сатрапа | старта | стартах,LOW,SPELLING
2019-07-21-hpc-interkonnekt-po-pcie-gen-4.md:body,как-то,"HPC интерконнект по PCIe Gen 4


Интересная разработка HPC стартапа по превращению шины PCIe в полно",факто | какао | акт,LOW,SPELLING
2019-07-23-musen-simulations.md:body,Доста,"MUSEN Simulations


MUSEN Simulations — разработка профессора Максима Доста (Asst.-Prof. Maksym Dost",Достаю | Достал | Достав | Досыта | Дота,LOW,SPELLING
2019-07-25-sph-dlya-modelirovaniya-udarov-voln.md:body,Гента,"SPH для моделирования ударов волн


Работ из Университета  Гента показывает применимость метода SPH ",Гнета | Гена | Агента | Цента | Лента,LOW,SPELLING
2019-07-29-otkazoustoychivye-protsedury-postroeniya-se.md:body,гидродинамикам,"Отказоустойчивые процедуры построения сетки во Fluent


Минутка зависти гидродинамикам и их сеточным",гидродинамика | гидродинамике | гидродинамики | гидродинамику | гидродинамикою,LOW,SPELLING
2019-07-31-proektirovanie-shassi-dlya-formula-sae-s-a.md:body,что-либо,"Проектирование шасси для Formula SAE с ANSYS Student


Как гласит Википедия, Formula SAE — студенчес",толика | столица | толикою | толикой | столиц,LOW,SPELLING
2019-08-01-magiya-blochno-strukturirovannyh-setok-v-i.md:body,объёмных,"Магия блочно-структурированных сеток в ICEM CFD


ICEM CFD — великий и ужасный сеточный генератора  ",объемных | обжимных | объемные | объемный | объемным,LOW,SPELLING
2019-08-02-teoriya-spg-na-russkom.md:body,бессеточного,"Теория SPG на русском


Сегодня я хотел бы познакомить вас с двумя переводами статей, опубликованных",бессточного | бес сеточного | бес-сеточного | беседочного | бессрочного,LOW,SPELLING
2019-08-02-teoriya-spg-na-russkom.md:body,Гелеркина,"Теория SPG на русском


Сегодня я хотел бы познакомить вас с двумя переводами статей, опубликованных",Пелерина | Пелеринах | Пелеринам | Пелерин | Пелерине,LOW,SPELLING
2019-08-02-teoriya-spg-na-russkom.md:body,личку,"Теория SPG на русском


Сегодня я хотел бы познакомить вас с двумя переводами статей, опубликованных",личику | лику | кличку | уличку | дичку,LOW,SPELLING
2019-08-02-teoriya-spg-na-russkom.md:body,Галеркина,"Теория SPG на русском


Сегодня я хотел бы познакомить вас с двумя переводами статей, опубликованных",Галерки на | Галерки-на | Галерка | Галерки | Балерина,LOW,SPELLING
2019-08-02-teoriya-spg-na-russkom.md:body,Галеркина,"Теория SPG на русском


Сегодня я хотел бы познакомить вас с двумя переводами статей, опубликованных",Галерки на | Галерки-на | Галерка | Галерки | Балерина,LOW,SPELLING
2019-08-05-ls-prepost-blochnye-setki-i-ne-tolko.md:body,простеющие,"LS-PrePost: блочные сетки и не только


Бесплатный LS-PrePost в действительности обладает давольно-т",потеющие | пустеющие | пристающие | простецкие | простейшие,LOW,SPELLING
2019-08-08-keyshot-9-s-podderzhkoy-nvidia-rtx-ray-tr.md:body,фотореалистичного,"KeyShot 9 с поддержкой NVIDIA RTX Ray Tracing


KeyShot — система фотореалистичного рендеринга CAD м",фото реалистичного | фото-реалистичного,LOW,SPELLING
2019-08-09-matematika-v-mehanicheskoy-prochnosti.md:body,многоинвариантных,"Математика в механической прочности


Замечательный лонгрид от Федора Пинежанинова уже давно лежит у",много инвариантных | много-инвариантных | многовариантных | многовариантный | многовариантные,LOW,SPELLING
2019-08-12-uchimsya-polzovatsya-paraview.md:body,кроссплатформенный,"Учимся пользоваться ParaView


ParaView — открытый графический кроссплатформенный пакет для интеракт",кросс платформенный | кросс-платформенный,LOW,SPELLING
2019-08-12-uchimsya-polzovatsya-paraview.md:body,Сандиа,"Учимся пользоваться ParaView


ParaView — открытый графический кроссплатформенный пакет для интеракт",Сандвича | Санидина | Садика | Сандал | Сада,LOW,SPELLING
2019-08-12-uchimsya-polzovatsya-paraview.md:body,пре,"Учимся пользоваться ParaView


ParaView — открытый графический кроссплатформенный пакет для интеракт",пер | пюре | паре | пере | пире,LOW,SPELLING
2019-08-12-uchimsya-polzovatsya-paraview.md:body,пост-процессор,"Учимся пользоваться ParaView


ParaView — открытый графический кроссплатформенный пакет для интеракт",постпроцессор | постпроцессора | постпроцессоре | постпроцессору | постпроцессоры,LOW,SPELLING
2019-08-13-ansys-weldingdistortion-act.md:body,наплавке,"ANSYS WeldingDistortion ACT


Очень простое по своей идее, и, в то же время, совершенно сногсшибател",на плавке | на-плавке | плавке | неплавкие | неплавкое,LOW,SPELLING
2019-08-13-ansys-weldingdistortion-act.md:body,наплавки,"ANSYS WeldingDistortion ACT


Очень простое по своей идее, и, в то же время, совершенно сногсшибател",на плавки | на-плавки | плавки | неплавкие | неплавких,LOW,SPELLING
2019-08-13-ansys-weldingdistortion-act.md:body,скачивания,"ANSYS WeldingDistortion ACT


Очень простое по своей идее, и, в то же время, совершенно сногсшибател",скашивания | смачивания | стачивания | укачивания | вкачивания,LOW,SPELLING
2019-08-13-ansys-weldingdistortion-act.md:body,логина,"ANSYS WeldingDistortion ACT


Очень простое по своей идее, и, в то же время, совершенно сногсшибател",логична | логика | лосина | лозина | лощина,LOW,SPELLING
2019-08-15-internal-layer-act.md:body,сгенерировать,"Internal Layer ACT


Небольшое расширение для той части ANSYS Mechanical, что работает с APDL. Расши",генерировать | дегенерировать | регенерировать | сцентрировать,LOW,SPELLING
2019-08-17-dem-offroad-pokatushki.md:title,покатушки,DEM Offroad покатушки,по катушки | по-катушки | пока тушки | пока-тушки | покат ушки,LOW,SPELLING
2019-08-17-dem-offroad-pokatushki.md:body,покатушки,"DEM Offroad покатушки


Серия видео с демонстрацией расчетов  Advanced Science and Automation Corpor",по катушки | по-катушки | пока тушки | пока-тушки | покат ушки,LOW,SPELLING
2019-08-17-dem-offroad-pokatushki.md:body,внедорожников,"DEM Offroad покатушки


Серия видео с демонстрацией расчетов  Advanced Science and Automation Corpor",вне дорожников | вне-дорожников,LOW,SPELLING
2019-08-20-ansys-rom-builderviewer.md:body,софта,"ANSYS ROM Builder/Viewer


ROM — это не крепкий напиток из сахарного тростника, это модель пониженно",софита | софа | кофта | сорта | соф та,LOW,SPELLING
2019-08-20-ansys-rom-builderviewer.md:body,метамодель,"ANSYS ROM Builder/Viewer


ROM — это не крепкий напиток из сахарного тростника, это модель пониженно",мета модель | мета-модель,LOW,SPELLING
2019-08-20-ansys-rom-builderviewer.md:body,метамодель,"ANSYS ROM Builder/Viewer


ROM — это не крепкий напиток из сахарного тростника, это модель пониженно",мета модель | мета-модель,LOW,SPELLING
2019-08-21-sravnenie-cfd-reshateley-supertyazheloy-ves.md:title,супертяжелой,Сравнение CFD решателей супертяжелой весовой категории,супер тяжелой | супер-тяжелой,LOW,SPELLING
2019-08-21-sravnenie-cfd-reshateley-supertyazheloy-ves.md:body,супертяжелой,"Сравнение CFD решателей супертяжелой весовой категории


Большой обзор-сравнение двух главных решате",супер тяжелой | супер-тяжелой,LOW,SPELLING
2019-08-22-sms-selective-mass-scaling.md:body,решателем,"SMS — Selective Mass Scaling


В задачах явной динамики шаг интегрирования по времени выбирается реш",вешателем | вешателе | предателем | вешатель | делателем,LOW,SPELLING
2019-08-22-sms-selective-mass-scaling.md:body,как-то,"SMS — Selective Mass Scaling


В задачах явной динамики шаг интегрирования по времени выбирается реш",факто | какао | акт,LOW,SPELLING
2019-08-23-radarpre-i-radarpost-pochuvstvuy-sebya-v.md:body,скачивание,Бесплатное двухкомпонентное ACT расширение для ANSYS Electronics Desktop позволяет автоматизировать ,скашивание | смачивание | стачивание | укачивание | вкачивание,LOW,SPELLING
2019-08-23-radarpre-i-radarpost-pochuvstvuy-sebya-v.md:body,скачивание,Бесплатное двухкомпонентное ACT расширение для ANSYS Electronics Desktop позволяет автоматизировать ,скашивание | смачивание | стачивание | укачивание | вкачивание,LOW,SPELLING
2019-08-23-radarpre-i-radarpost-pochuvstvuy-sebya-v.md:body,скачивания,Бесплатное двухкомпонентное ACT расширение для ANSYS Electronics Desktop позволяет автоматизировать ,скашивания | смачивания | стачивания | укачивания | вкачивания,LOW,SPELLING
2019-08-25-verifikatsionnyy-otchet-po-ansys-mechanica.md:title,Верификационный,Верификационный отчет по ANSYS Mechanical в строительстве,Сертификационный | Тарификационный | Сертификационной | Сертификационные | Сертификационных,LOW,SPELLING
2019-08-25-verifikatsionnyy-otchet-po-ansys-mechanica.md:body,Верификационный,"Верификационный отчет по ANSYS Mechanical в строительстве


Подробный отчет по верификации ANSYS Mec",Сертификационный | Тарификационный | Сертификационной | Сертификационные | Сертификационных,LOW,SPELLING
2019-08-25-verifikatsionnyy-otchet-po-ansys-mechanica.md:body,верификационных,"Верификационный отчет по ANSYS Mechanical в строительстве


Подробный отчет по верификации ANSYS Mec",сертификационных | тарификационных | сертификационный | тарификационный,LOW,SPELLING
2019-08-27-ansys-speos-chto-ty-takoe.md:body,вcтраивается,"ANSYS SPEOS — что ты такое


Первое, на моей памяти, видео с демонстрацией работы ANSYS SPEOS (спаси",встраивается | выстраивается | утраивается | устраивается | встраиваются,LOW,SPELLING
2019-08-30-nachinaem-izuchat-mofem.md:body,твиттеру,"Начинаем изучать MoFEM


Давайте попробуем посмотреть, что нам предлагает открытый FEM код от Универ",свитеру | винтеру | эмиттеру | свитер | винтер,LOW,SPELLING
2019-08-30-nachinaem-izuchat-mofem.md:body,чем-то,"Начинаем изучать MoFEM


Давайте попробуем посмотреть, что нам предлагает открытый FEM код от Универ",четно | четою | четой | четок | чебот,LOW,SPELLING
2019-08-30-nachinaem-izuchat-mofem.md:body,видеоурока,"Начинаем изучать MoFEM


Давайте попробуем посмотреть, что нам предлагает открытый FEM код от Универ",видео урока | видео-урока,LOW,SPELLING
2019-08-31-ansys-material-designer-2019-r2.md:body,аддитивки,"ANSYS Material Designer 2019 R2


Инструмент по проведению прямой КЭ гомогенизации на основе предста",аддитивен | аддитивна | аддитивно | аддитивны | аддитивный,LOW,SPELLING
2019-09-02-modelirovanie-kirpichnoy-kladki.md:body,что-то,"Моделирование кирпичной кладки


LS-DYNA не перестает удивлять меня очень интересными узконаправленн",ото | тот | что | фото | лото,LOW,SPELLING
2019-09-02-modelirovanie-kirpichnoy-kladki.md:body,верификационные,"Моделирование кирпичной кладки


LS-DYNA не перестает удивлять меня очень интересными узконаправленн",сертификационные | тарификационные | сертификационный | тарификационный,LOW,SPELLING
2019-09-03-salome-cfd-2019.md:body,Огранизаторы,"salome_cfd 2019


Трейлер конференции пользователей CFD решателя с открытым кодом Code_Saturne и пре",Организаторы | Ограни заторы | Ограни-заторы | Организатор | Организатора,LOW,SPELLING
2019-09-04-modelirovanie-dugovoy-svarki-v-ls-dyna.md:body,мануал,"Моделирование дуговой сварки в LS-DYNA


Heat source simulation  from Braj Bhushan Prasad




Неболь",мангал | махнула | макнула | мазнула | махнул,LOW,SPELLING
2019-09-04-modelirovanie-dugovoy-svarki-v-ls-dyna.md:body,пошагово,"Моделирование дуговой сварки в LS-DYNA


Heat source simulation  from Braj Bhushan Prasad




Неболь",пошаговою | пошаговое | пошаговой | пошаговом,LOW,SPELLING
2019-09-07-videourok-po-polzovaniyu-dokumentatsiey-a.md:title,Видеоурок,Видеоурок по пользованию документацией ANSYS,Видео урок | Видео-урок | Видеотека | Видеотек | Видеотеке,LOW,SPELLING
2019-09-07-videourok-po-polzovaniyu-dokumentatsiey-a.md:body,Видеоурок,"Видеоурок по пользованию документацией ANSYS


Я всегда говорил и продолжаю так думать: у ANSYS отли",Видео урок | Видео-урок | Видеотека | Видеотек | Видеотеке,LOW,SPELLING
2019-09-07-videourok-po-polzovaniyu-dokumentatsiey-a.md:body,видеоурок,"Видеоурок по пользованию документацией ANSYS


Я всегда говорил и продолжаю так думать: у ANSYS отли",видео урок | видео-урок | видеотека | видеотек | видеотеке,LOW,SPELLING
2019-09-07-videourok-po-polzovaniyu-dokumentatsiey-a.md:body,пользовать,"Видеоурок по пользованию документацией ANSYS


Я всегда говорил и продолжаю так думать: у ANSYS отли",пользователь | пользоваться | использовать | полировать | полосовать,LOW,SPELLING
2019-09-08-uchebnyy-kurs-po-osnovam-mehaniki-ot-tehn.md:body,вживую,"Если кто проспал лекции в своем вузе, то вот лекции от Технического университета Луизианы (Louisiana",живую | лживую | вживлю | вшивую | лживый,LOW,SPELLING
2019-09-09-prodvinutye-funktsii-ensight.md:body,кастомизация,"Продвинутые функции EnSight


EnSight — один из самых навороченных постпроцессоров на рынке. И его в",атомизация | атомизацию | атомизации,LOW,SPELLING
2019-09-11-modelirovanie-vzaimodeystviya-lopatochnyh.md:body,Моё,Моё незнание темы CFD для турбомашиностроения не должно лишать вас возможности насладиться этим виде,Мою | Мод | Мое | Мог | Мох,LOW,SPELLING
2019-09-11-modelirovanie-vzaimodeystviya-lopatochnyh.md:body,видеоуроком,Моё незнание темы CFD для турбомашиностроения не должно лишать вас возможности насладиться этим виде,видео уроком | видео-уроком,LOW,SPELLING
2019-09-12-molniya-ansys-pokupaet-lstc.md:body,Ливермора,"Молния: ANSYS покупает LSTC


11 сентября 2019 года ANSYS  рассказал, что договорился о приобретении",Ливер мора | Ливер-мора,LOW,SPELLING
2019-09-13-reshateli-kotorye-mogut-powder-bed-melti.md:body,аддитивке,"Решатели, которые могут Powder bed melting


Одна из самых сложных задач в аддитивке — моделирование",аддитивен | аддитивное | аддитивные | аддитивна | аддитивно,LOW,SPELLING
2019-09-14-ansys-mechanical-2019r3.md:title,2019R3,ANSYS Mechanical 2019R3,А | И | К | О | Я,LOW,SPELLING
2019-09-14-ansys-mechanical-2019r3.md:body,2019R3,"ANSYS Mechanical 2019R3
На мой взгляд, это самый сильный релиз ANSYS этого года — просто громадное к",А | И | К | О | Я,LOW,SPELLING
2019-09-14-ansys-mechanical-2019r3.md:body,ипользованию,"ANSYS Mechanical 2019R3
На мой взгляд, это самый сильный релиз ANSYS этого года — просто громадное к",использованию | пользованию | использование,LOW,SPELLING
2019-09-14-ansys-mechanical-2019r3.md:body,сводобы,"ANSYS Mechanical 2019R3
На мой взгляд, это самый сильный релиз ANSYS этого года — просто громадное к",сдобы | своды | сводок | сводом | сводов,LOW,SPELLING
2019-09-14-ansys-mechanical-2019r3.md:body,2019R3,"ANSYS Mechanical 2019R3
На мой взгляд, это самый сильный релиз ANSYS этого года — просто громадное к",А | И | К | О | Я,LOW,SPELLING
2019-09-18-bezopastnost-volvo-xc90.md:title,Безопастность,Безопастность Volvo XC90,Безопасность | Безопасностью | Безопасности | Безучастность,LOW,SPELLING
2019-09-18-bezopastnost-volvo-xc90.md:body,Безопастность,"Безопастность Volvo XC90
Предлагаю вашему вниманию пленарный доклад для NORDIC LS-DYNA USERS FORUM 2",Безопасность | Безопасностью | Безопасности | Безучастность,LOW,SPELLING
2019-09-20-akselos-i-ego-reduced-basis-finite-eleme.md:body,суперэлементов,"Akselos и его Reduced-Basis Finite Element Analysis
Совершенно случайно на меня вышел ролик компании",супер элементов | супер-элементов,LOW,SPELLING
2019-09-24-cascon-xvi.md:body,демозону,"CASCON XVI
Коллеги, я тут закрутился, а до нашей главной конференции уже меньше месяца! Согласно доб",демону | домофону | демон | домофон,LOW,SPELLING
2019-09-24-cascon-xvi.md:body,почему-то,"CASCON XVI
Коллеги, я тут закрутился, а до нашей главной конференции уже меньше месяца! Согласно доб",почему | почемучка | почесуха,LOW,SPELLING
2019-09-26-ansys-speos-live-modelirovanie-optiki.md:body,софт,"ANSYS SPEOS Live — моделирование оптики в реальном времени
ANSYS SPEOS — это у нас софт для расчета ",софит | соф | сот | кофт | софа,LOW,SPELLING
2019-09-26-ansys-speos-live-modelirovanie-optiki.md:body,видеоуроков,"ANSYS SPEOS Live — моделирование оптики в реальном времени
ANSYS SPEOS — это у нас софт для расчета ",видео уроков | видео-уроков,LOW,SPELLING
2019-09-26-ansys-speos-live-modelirovanie-optiki.md:body,паблике,"ANSYS SPEOS Live — моделирование оптики в реальном времени
ANSYS SPEOS — это у нас софт для расчета ",публике | Павлике | па блике | па-блике | паб лике,LOW,SPELLING
2019-09-26-ansys-speos-live-modelirovanie-optiki.md:body,видеокартах,"ANSYS SPEOS Live — моделирование оптики в реальном времени
ANSYS SPEOS — это у нас софт для расчета ",видео картах | видео-картах,LOW,SPELLING
2019-09-26-ansys-speos-live-modelirovanie-optiki.md:body,демо,"ANSYS SPEOS Live — моделирование оптики в реальном времени
ANSYS SPEOS — это у нас софт для расчета ",демон | дело | депо | немо | семо,LOW,SPELLING
2019-09-26-ansys-speos-live-modelirovanie-optiki.md:body,блоге,"ANSYS SPEOS Live — моделирование оптики в реальном времени
ANSYS SPEOS — это у нас софт для расчета ",боге | логе | благе | блохе | блоке,LOW,SPELLING
2019-09-26-ansys-speos-live-modelirovanie-optiki.md:body,видеодемонстрация,"ANSYS SPEOS Live — моделирование оптики в реальном времени
ANSYS SPEOS — это у нас софт для расчета ",видео демонстрация | видео-демонстрация,LOW,SPELLING
2019-09-27-kangaroophysics.md:body,Даниэлем,"KangarooPhysics
Kangaroo — это свободный интерактивный движок с открытым исходным кодом для игры с ф",Дани элем | Дани-элем | Даниле | Данииле | Даниилам,LOW,SPELLING
2019-09-27-kangaroophysics.md:body,Пайкером,"KangarooPhysics
Kangaroo — это свободный интерактивный движок с открытым исходным кодом для игры с ф",Пайке ром | Пайке-ром | Пайке | Пайком | Паникером,LOW,SPELLING
2019-09-27-kangaroophysics.md:body,твиттере,"KangarooPhysics
Kangaroo — это свободный интерактивный движок с открытым исходным кодом для игры с ф",свитере | винтере | эмиттере | свитер | винтер,LOW,SPELLING
2019-09-27-kangaroophysics.md:body,Сохранённая,"KangarooPhysics
Kangaroo — это свободный интерактивный движок с открытым исходным кодом для игры с ф",Сохраненная | Сохранная | Сохраненный | Сохранный,LOW,SPELLING
2019-10-01-sofistik-reinforcement-generation-gene.md:body,скриптовый,"SOFiSTiK Reinforcement Generation создан для того, чтобы удобно и быстро генерировать геометрию арма",скиповый | скиповой | скиповые | скиповых | скиповым,LOW,SPELLING
2019-10-01-sofistik-reinforcement-generation-gene.md:body,софт,"SOFiSTiK Reinforcement Generation создан для того, чтобы удобно и быстро генерировать геометрию арма",софит | соф | сот | кофт | софа,LOW,SPELLING
2019-10-02-genesis-cfd-kod-ot-ge.md:body,лагранжева,"GENESIS - CFD код от GE

Вычислительный код GENESIS разрабатывается GE на базе существующей научной ",Лагранжа | Лагранже | Лагранжем | Лагранж,LOW,SPELLING
2019-10-02-genesis-cfd-kod-ot-ge.md:body,эйлерова,"GENESIS - CFD код от GE

Вычислительный код GENESIS разрабатывается GE на базе существующей научной ",Эйлера | элерона | Эйлером | Эйлер | элерон,LOW,SPELLING
2019-10-02-genesis-cfd-kod-ot-ge.md:body,эйлеровой,"GENESIS - CFD код от GE

Вычислительный код GENESIS разрабатывается GE на базе существующей научной ",флеровой | флеровый | Эйлер | элерон,LOW,SPELLING
2019-10-02-genesis-cfd-kod-ot-ge.md:body,эйлерова,"GENESIS - CFD код от GE

Вычислительный код GENESIS разрабатывается GE на базе существующей научной ",Эйлера | элерона | Эйлером | Эйлер | элерон,LOW,SPELLING
2019-10-02-genesis-cfd-kod-ot-ge.md:body,лагранжевой,"GENESIS - CFD код от GE

Вычислительный код GENESIS разрабатывается GE на базе существующей научной ",Лагранжем | Лагранж | Лагранже,LOW,SPELLING
2019-10-03-kak-nado-umet-gotovit-ansys-ekm.md:body,Чернова,"Как надо уметь готовить ANSYS EKM







Монументальная работа по настройке ANSYS EKM от Александра ",Черновая | Черноват | Жернова | Чернота | Чертова,LOW,SPELLING
2019-10-04-httpswwwyoutubecomwatchv=8gmmjvtf.md:body,Бомбануло," 

Бомбануло

ガス爆発による構造体破壊の数値シミュレーション",Обмануло | Долбануло | Бомба | Обмануть | Долбануть,LOW,SPELLING
2019-10-04-httpswwwyoutubecomwatchv=8gmmjvtf.md:body,ガス爆発による構造体破壊の数値シミュレーション," 

Бомбануло

ガス爆発による構造体破壊の数値シミュレーション",а | и | к | о | я,LOW,SPELLING
2019-10-14-baja-sae-chassis-analysis.md:body,Новожилов,"BAJA SAE Chassis Analysis
   
by Юрий Новожилов

BAJA SAE Chassis Analysis - MagicDPD",Новоселов | Новосел | Новоселом,LOW,SPELLING
2019-10-15-nonlinear-concrete-in-civilfem-2019.md:body,Новожилов,"Nonlinear Concrete in CivilFEM 2019
    
by Юрий Новожилов

Nonlinear Concrete in CivilFEM 2019 - Ma",Новоселов | Новосел | Новоселом,LOW,SPELLING
2019-10-16-ls-prepost-dlya-kachestvennyh-illyustratsiy.md:body,Новожилов,"LS-PrePost для качественных иллюстраций и видео
 
by Юрий Новожилов

LS-PrePost для качественных илл",Новоселов | Новосел | Новоселом,LOW,SPELLING
2019-10-19-samyy-pervyy-virtualnyy-krash-test.md:title,краш,Самый первый виртуальный краш тест,краше | крашу | каш | краю | краб,LOW,SPELLING
2019-10-19-samyy-pervyy-virtualnyy-krash-test.md:body,краш,"Самый первый виртуальный краш тест

Самый первый виртуальный краш тест - MagicDPD",краше | крашу | каш | краю | краб,LOW,SPELLING
2019-10-19-samyy-pervyy-virtualnyy-krash-test.md:body,краш,"Самый первый виртуальный краш тест

Самый первый виртуальный краш тест - MagicDPD",краше | крашу | каш | краю | краб,LOW,SPELLING
2019-10-29-onshape-prodaetsya-ptc-za-470m.md:title,продаётся,Onshape продаётся PTC за $470M,продаются | продается | продастся | промаяться | продеваться,LOW,SPELLING
2019-10-29-onshape-prodaetsya-ptc-za-470m.md:body,продаётся,"Onshape продаётся PTC за $470M
    
by Юрий Новожилов

Onshape продаётся PTC за $470M - MagicDPD",продаются | продается | продастся | промаяться | продеваться,LOW,SPELLING
2019-10-29-onshape-prodaetsya-ptc-za-470m.md:body,Новожилов,"Onshape продаётся PTC за $470M
    
by Юрий Новожилов

Onshape продаётся PTC за $470M - MagicDPD",Новоселов | Новосел | Новоселом,LOW,SPELLING
2019-10-29-onshape-prodaetsya-ptc-za-470m.md:body,продаётся,"Onshape продаётся PTC за $470M
    
by Юрий Новожилов

Onshape продаётся PTC за $470M - MagicDPD",продаются | продается | продастся | промаяться | продеваться,LOW,SPELLING
2019-10-30-fotorealistichnyy-renderin-video-v-paravi.md:title,Фотореалистичный,Фотореалистичный рендерин видео в Paraview,Фото реалистичный | Фото-реалистичный,LOW,SPELLING
2019-10-30-fotorealistichnyy-renderin-video-v-paravi.md:title,рендерин,Фотореалистичный рендерин видео в Paraview,ледерин | ледерина | ледерине | ледерину,LOW,SPELLING
2019-10-30-fotorealistichnyy-renderin-video-v-paravi.md:body,Фотореалистичный,"Фотореалистичный рендерин видео в Paraview

Фотореалистичный рендерин видео в Paraview - MagicDPD",Фото реалистичный | Фото-реалистичный,LOW,SPELLING
2019-10-30-fotorealistichnyy-renderin-video-v-paravi.md:body,рендерин,"Фотореалистичный рендерин видео в Paraview

Фотореалистичный рендерин видео в Paraview - MagicDPD",ледерин | ледерина | ледерине | ледерину,LOW,SPELLING
2019-10-30-fotorealistichnyy-renderin-video-v-paravi.md:body,Фотореалистичный,"Фотореалистичный рендерин видео в Paraview

Фотореалистичный рендерин видео в Paraview - MagicDPD",Фото реалистичный | Фото-реалистичный,LOW,SPELLING
2019-10-30-fotorealistichnyy-renderin-video-v-paravi.md:body,рендерин,"Фотореалистичный рендерин видео в Paraview

Фотореалистичный рендерин видео в Paraview - MagicDPD",ледерин | ледерина | ледерине | ледерину,LOW,SPELLING
2019-11-04-chto-takoe-setka.md:body,Новожилов,"Что такое «сетка»
 
by Юрий Новожилов

Что такое ""сетка"" - MagicDPD",Новоселов | Новосел | Новоселом,LOW,SPELLING
2019-11-05-himernye-setki-v-openfoam.md:title,Химерные,Химерные сетки в  OpenFOAM,Химере | Химеричные | Химеры | Мерные | Гримерные,LOW,SPELLING
2019-11-05-himernye-setki-v-openfoam.md:body,Химерные,"Химерные сетки в  OpenFOAM
    
by Юрий Новожилов

Химерные сетки в OpenFOAM - MagicDPD",Химере | Химеричные | Химеры | Мерные | Гримерные,LOW,SPELLING
2019-11-05-himernye-setki-v-openfoam.md:body,Новожилов,"Химерные сетки в  OpenFOAM
    
by Юрий Новожилов

Химерные сетки в OpenFOAM - MagicDPD",Новоселов | Новосел | Новоселом,LOW,SPELLING
2019-11-05-himernye-setki-v-openfoam.md:body,Химерные,"Химерные сетки в  OpenFOAM
    
by Юрий Новожилов

Химерные сетки в OpenFOAM - MagicDPD",Химере | Химеричные | Химеры | Мерные | Гримерные,LOW,SPELLING
2019-11-06-protsedura-nastroyki-na-eksperiment-full.md:body,Новожилов,"    
by Юрий Новожилов

Процедура настройки на эксперимент ""Full Field Calibration"" в LS-OPT - Magic",Новоселов | Новосел | Новоселом,LOW,SPELLING
2019-11-07-explicit-vs-implicit-dlya-samyh-malenki.md:body,Новожилов,"Implicit для самых маленьких
  
by Юрий Новожилов

Explicit vs. Implicit для самых маленьких - Magic",Новоселов | Новосел | Новоселом,LOW,SPELLING
2019-11-08-sph-rezka-metalla.md:body,Новожилов,"SPH резка металла
 
by Юрий Новожилов

SPH резка металла - MagicDPD",Новоселов | Новосел | Новоселом,LOW,SPELLING
2019-11-14-modeli-transportnyh-sredstv-dlya-zadach-do.md:title,безопастности,Модели транспортных средств для задач дорожной безопастности,безопасности | безопасность | безучастности | безучастность,LOW,SPELLING
2019-11-14-modeli-transportnyh-sredstv-dlya-zadach-do.md:body,безопастности,"Модели транспортных средств для задач дорожной безопастности

Модели транспортных средств для задач ",безопасности | безопасность | безучастности | безучастность,LOW,SPELLING
2019-11-14-modeli-transportnyh-sredstv-dlya-zadach-do.md:body,безопастности,"Модели транспортных средств для задач дорожной безопастности

Модели транспортных средств для задач ",безопасности | безопасность | безучастности | безучастность,LOW,SPELLING
2019-11-18-ansys-spaceclaim-auto-skin.md:body,Новожилов,"ANSYS SpaceClaim — Auto Skin
    
by Юрий Новожилов

ANSYS SpaceClaim - Auto Skin - MagicDPD",Новоселов | Новосел | Новоселом,LOW,SPELLING
2019-12-02-rabota-adaptivnyh-setok-v-ansys-mechanic.md:body,Новожилов,"Работа адаптивных сеток в ANSYS Mechanical
   
by Юрий Новожилов

Работа адаптивных сеток в ANSYS Me",Новоселов | Новосел | Новоселом,LOW,SPELLING
2019-12-04-modelirvoanie-struy-v-converge-na-adapti.md:title,Моделирвоание,Моделирвоание струй в CONVERGE на адаптивных сетка,Моделирование | Моделированием | Моделированию | Моделировании | Моделирования,LOW,SPELLING
2019-12-04-modelirvoanie-struy-v-converge-na-adapti.md:body,Моделирвоание,"Моделирвоание струй в CONVERGE на адаптивных сетка

Моделирвоание струй в CONVERGE на адаптивных сет",Моделирование | Моделированием | Моделированию | Моделировании | Моделирования,LOW,SPELLING
2019-12-04-modelirvoanie-struy-v-converge-na-adapti.md:body,Моделирвоание,"Моделирвоание струй в CONVERGE на адаптивных сетка

Моделирвоание струй в CONVERGE на адаптивных сет",Моделирование | Моделированием | Моделированию | Моделировании | Моделирования,LOW,SPELLING
2019-12-09-easy8-bright-cluster-manager-besplatno.md:body,Новожилов,"Easy8 — Bright Cluster Manager бесплатно!
   
by Юрий Новожилов

Easy8 - Bright Cluster Manager бесп",Новоселов | Новосел | Новоселом,LOW,SPELLING
2019-12-10-seysmicheskoe-vozdelystvie-na-zhelezobetno.md:title,возделйствие,Сейсмическое возделйствие на железобетно: расчет и эксперимент,воздействие | воздействием | воздействию | воздействии | воздействий,LOW,SPELLING
2019-12-10-seysmicheskoe-vozdelystvie-na-zhelezobetno.md:title,железобетно,Сейсмическое возделйствие на железобетно: расчет и эксперимент,железобетон | железобетоном | железобетона | железобетоне | железобетону,LOW,SPELLING
2019-12-10-seysmicheskoe-vozdelystvie-na-zhelezobetno.md:body,возделйствие,Сейсмическое возделйствие на железобетно: расчет и эксперимент - MagicDPD,воздействие | воздействием | воздействию | воздействии | воздействий,LOW,SPELLING
2019-12-10-seysmicheskoe-vozdelystvie-na-zhelezobetno.md:body,железобетно,Сейсмическое возделйствие на железобетно: расчет и эксперимент - MagicDPD,железобетон | железобетоном | железобетона | железобетоне | железобетону,LOW,SPELLING
2019-12-13-effekt-dzhanibekova-v-ls-dyna.md:body,Новожилов,"Эффект Джанибекова в LS-DYNA
 
by Юрий Новожилов

Эффект Джанибекова в LS-DYNA - MagicDPD",Новоселов | Новосел | Новоселом,LOW,SPELLING
2019-12-19-vse-chto-nado-znat-pro-nastroyku-rsm.md:body,Новожилов,"Все, что надо знать про настройку RSM
   
by Юрий Новожилов

Все, что надо знать про настройку RSM -",Новоселов | Новосел | Новоселом,LOW,SPELLING
2019-12-21-ls-dyna-dlya-2-way-fsi-c-uchetom-poristost.md:body,Новожилов,"LS-DYNA для 2-way-FSI c учетом пористости ткани
    
by Юрий Новожилов

LS-DYNA для 2-way-FSI c учет",Новоселов | Новосел | Новоселом,LOW,SPELLING
2019-12-23-disney-research-rasskazyvaet-pro-primene.md:body,Новожилов,"Disney Research рассказывает про применение XFEM
   
by Юрий Новожилов

Disney Research рассказывает",Новоселов | Новосел | Новоселом,LOW,SPELLING
2019-12-24-synthetik-applied-technologies-i-ee-blas.md:body,Новожилов,"Synthetik Applied Technologies и ее blastFoam
  
by Юрий Новожилов

Synthetik Applied Technologies и",Новоселов | Новосел | Новоселом,LOW,SPELLING
2019-12-25-na-sankah-s-gorki-s-edem.md:body,Новожилов,"На санках с горки с EDEM
  
by Юрий Новожилов

На санках с горки с EDEM - MagicDPD",Новоселов | Новосел | Новоселом,LOW,SPELLING
2019-12-26-komfortnost-izbushki-santy.md:title,Санты,Комфортность избушки Санты,Саны | Банты | Фанты | Ханты | Канты,LOW,SPELLING
2019-12-26-komfortnost-izbushki-santy.md:body,Санты,"Комфортность избушки Санты
  
by Юрий Новожилов

Комфортность избушки Санты - MagicDPD",Саны | Банты | Фанты | Ханты | Канты,LOW,SPELLING
2019-12-26-komfortnost-izbushki-santy.md:body,Новожилов,"Комфортность избушки Санты
  
by Юрий Новожилов

Комфортность избушки Санты - MagicDPD",Новоселов | Новосел | Новоселом,LOW,SPELLING
2019-12-26-komfortnost-izbushki-santy.md:body,Санты,"Комфортность избушки Санты
  
by Юрий Новожилов

Комфортность избушки Санты - MagicDPD",Саны | Банты | Фанты | Ханты | Канты,LOW,SPELLING
2019-12-27-cfd-raschet-vystrela.md:body,Новожилов,"CFD расчет выстрела
  
by Юрий Новожилов

CFD расчет выстрела - MagicDPD",Новоселов | Новосел | Новоселом,LOW,SPELLING
2019-12-28-ansys-popal-v-indeks-nasdaq-100.md:body,Новожилов,"ANSYS попал в индекс NASDAQ-100
 
by Юрий Новожилов

ANSYS попал в индекс NASDAQ-100 - MagicDPD",Новоселов | Новосел | Новоселом,LOW,SPELLING
2020-01-10-tailsit-d3plot2hdf5.md:body,Новожилов,"Tailsit D3PLOT2HDF5
     
by Юрий Новожилов

Tailsit D3PLOT2HDF5 - MagicDPD",Новоселов | Новосел | Новоселом,LOW,SPELLING
2020-01-13-olaflow-cfd-suite.md:body,Новожилов,"olaFlow CFD Suite
    
by Юрий Новожилов

olaFlow CFD Suite - MagicDPD",Новоселов | Новосел | Новоселом,LOW,SPELLING
2020-01-15-krashtesty-akkumulyatorov-v-ls-dyna.md:body,тепломассообмена,"Краштесты аккумуляторов в LS-DYNA
Как вы могли заметить, аккумуляторы окружают нас со всех сторон: о",тепло массообмена | тепло-массообмена,LOW,SPELLING
2020-01-15-krashtesty-akkumulyatorov-v-ls-dyna.md:body,магнитореологических,"Краштесты аккумуляторов в LS-DYNA
Как вы могли заметить, аккумуляторы окружают нас со всех сторон: о",магнитобиологических | магнитобиологический | магнитобиологические | магнитобиологическим,LOW,SPELLING
2020-01-30-ansys-discovery-live-2020-r1.md:body,Новожилов,"ANSYS Discovery Live 2020 R1
  
by Юрий Новожилов

ANSYS Discovery Live 2020 R1 - MagicDPD",Новоселов | Новосел | Новоселом,LOW,SPELLING
2020-02-07-otryvok-lektsii-polya-dyu-bua-po-modelirova.md:title,Буа,Отрывок лекции Поля Дю Буа по моделированию нелинейного разрушения,Бука | Бума | Бура | Буза | Буча,LOW,SPELLING
2020-02-07-otryvok-lektsii-polya-dyu-bua-po-modelirova.md:body,Буа,Отрывок лекции Поля Дю Буа по моделированию нелинейного разрушения - MagicDPD,Бука | Бума | Бура | Буза | Буча,LOW,SPELLING
2020-02-10-postanovka-s-ale-rascheta-v-ls-prepost-so.md:body,Новожилов,"Постановка S-ALE расчета в LS-PrePost Solution Explorer
     
by Юрий Новожилов

Постановка S-ALE ра",Новоселов | Новосел | Новоселом,LOW,SPELLING
2020-02-15-esche-o-sherloke.md:title,Шерлоке,Еще о Шерлоке,Брелоке | Шелке | Перловке | Шарлотке | Щелоке,LOW,SPELLING
2020-02-15-esche-o-sherloke.md:body,Шерлоке,"Еще о Шерлоке

Еще о Шерлоке - MagicDPD",Брелоке | Шелке | Перловке | Шарлотке | Щелоке,LOW,SPELLING
2020-02-15-esche-o-sherloke.md:body,Шерлоке,"Еще о Шерлоке

Еще о Шерлоке - MagicDPD",Брелоке | Шелке | Перловке | Шарлотке | Щелоке,LOW,SPELLING
2020-02-17-fotorealistichnyy-rendering-rezultatov-r.md:title,Фотореалистичный,Фотореалистичный рендеринг результатов расчетов в Blender,Фото реалистичный | Фото-реалистичный,LOW,SPELLING
2020-02-17-fotorealistichnyy-rendering-rezultatov-r.md:body,Фотореалистичный,"Фотореалистичный рендеринг результатов расчетов в Blender

Фотореалистичный рендеринг результатов ра",Фото реалистичный | Фото-реалистичный,LOW,SPELLING
2020-02-17-fotorealistichnyy-rendering-rezultatov-r.md:body,Фотореалистичный,"Фотореалистичный рендеринг результатов расчетов в Blender

Фотореалистичный рендеринг результатов ра",Фото реалистичный | Фото-реалистичный,LOW,SPELLING
2020-02-18-obzor-integratsii-particleworks-v-ansys.md:body,Новожилов,"Обзор интеграции Particleworks в ANSYS
  
by Юрий Новожилов

Обзор интеграции Particleworks в ANSYS ",Новоселов | Новосел | Новоселом,LOW,SPELLING
2020-02-21-podrobno-pro-funktsii-formy-dlya-mke.md:body,Новожилов,"Подробно про функции формы для МКЭ
  
by Юрий Новожилов

Подробно про функции формы для МКЭ - MagicD",Новоселов | Новосел | Новоселом,LOW,SPELLING
2020-02-25-teploobmennik-vo-fluent.md:body,Новожилов,"Теплообменник во Fluent
 
by Юрий Новожилов

Теплообменник во Fluent - MagicDPD",Новоселов | Новосел | Новоселом,LOW,SPELLING
2020-02-26-zadanie-kleevogo-sloya-v-ls-prepost.md:body,Новожилов,"Задание клеевого слоя в LS-PrePost
 
by Юрий Новожилов

Задание клеевого слоя в LS-PrePost - MagicDP",Новоселов | Новосел | Новоселом,LOW,SPELLING
2020-02-27-istoriya-cray-v-odnom-video.md:body,Новожилов,"История Cray в одном видео
 
by Юрий Новожилов

История Cray в одном видео - MagicDPD",Новоселов | Новосел | Новоселом,LOW,SPELLING
2020-03-06-ansys-pokupaet-lumerical-privet-vychist.md:title,фотоника,Ansys покупает Lumerical — привет вычистильеная фотоника,фотоснимка | фотона | тоника | котовника | лотошника,LOW,SPELLING
2020-03-06-ansys-pokupaet-lumerical-privet-vychist.md:body,фотоника,"Ansys покупает Lumerical — привет вычистильеная фотоника

Ansys покупает Lumerical - привет вычистил",фотоснимка | фотона | тоника | котовника | лотошника,LOW,SPELLING
2020-03-06-ansys-pokupaet-lumerical-privet-vychist.md:body,фотоника,"Ansys покупает Lumerical — привет вычистильеная фотоника

Ansys покупает Lumerical - привет вычистил",фотоснимка | фотона | тоника | котовника | лотошника,LOW,SPELLING
2020-03-12-additivka-s-adaptivnoy-setkoy-v-apdl.md:title,Аддитивка,Аддитивка с адаптивной сеткой в APDL!,Аддитивна | Аддитивная | Аддитивный | Аддитивен | Аддитивно,LOW,SPELLING
2020-03-12-additivka-s-adaptivnoy-setkoy-v-apdl.md:body,Аддитивка,"Аддитивка с адаптивной сеткой в APDL!

Аддитивка с адаптивной сеткой в APDL! - MagicDPD",Аддитивна | Аддитивная | Аддитивный | Аддитивен | Аддитивно,LOW,SPELLING
2020-03-12-additivka-s-adaptivnoy-setkoy-v-apdl.md:body,Аддитивка,"Аддитивка с адаптивной сеткой в APDL!

Аддитивка с адаптивной сеткой в APDL! - MagicDPD",Аддитивна | Аддитивная | Аддитивный | Аддитивен | Аддитивно,LOW,SPELLING
2020-03-17-ansys-fluent-meshing-gui.md:body,Новожилов,"Ansys Fluent Meshing GUI
  
by Юрий Новожилов

Ansys Fluent Meshing GUI - MagicDPD",Новоселов | Новосел | Новоселом,LOW,SPELLING
2020-03-18-gilberg-streng-istoriya-mke.md:title,Гильберг,Гильберг Стрэнг — история МКЭ,Гильберт | Гильберта | Гильберте | Гильберту,LOW,SPELLING
2020-03-18-gilberg-streng-istoriya-mke.md:title,Стрэнг,Гильберг Стрэнг — история МКЭ,Стран | Стриг | Строг | Струг | Струн,LOW,SPELLING
2020-03-18-gilberg-streng-istoriya-mke.md:body,Гильберг,"Гильберг Стрэнг — история МКЭ

Гильберг Стрэнг - история МКЭ - MagicDPD",Гильберт | Гильберта | Гильберте | Гильберту,LOW,SPELLING
2020-03-18-gilberg-streng-istoriya-mke.md:body,Стрэнг,"Гильберг Стрэнг — история МКЭ

Гильберг Стрэнг - история МКЭ - MagicDPD",Стран | Стриг | Строг | Струг | Струн,LOW,SPELLING
2020-03-18-gilberg-streng-istoriya-mke.md:body,Гильберг,"Гильберг Стрэнг — история МКЭ

Гильберг Стрэнг - история МКЭ - MagicDPD",Гильберт | Гильберта | Гильберте | Гильберту,LOW,SPELLING
2020-03-18-gilberg-streng-istoriya-mke.md:body,Стрэнг,"Гильберг Стрэнг — история МКЭ

Гильберг Стрэнг - история МКЭ - MagicDPD",Стран | Стриг | Строг | Струг | Струн,LOW,SPELLING
2020-03-19-madona-run-matlaboctave-code.md:body,Новожилов,"Madona: Run MATLAB/Octave code
  
by Юрий Новожилов

Madona: Run MATLAB/Octave code - MagicDPD",Новоселов | Новосел | Новоселом,LOW,SPELLING
2020-03-20-lektsii-mit-po-mke.md:body,Новожилов,"Лекции MIT по МКЭ
  
by Юрий Новожилов

 ",Новоселов | Новосел | Новоселом,LOW,SPELLING
2020-03-23-krasivye-vzryvy.md:body,Новожилов,"Красивые взрывы
   
by Юрий Новожилов

Красивые взрывы - MagicDPD",Новоселов | Новосел | Новоселом,LOW,SPELLING
2020-03-24-proektirovanie-aes-v-ansys.md:body,Новожилов,"Проектирование АЭС в Ansys
       
by Юрий Новожилов

Проектирование АЭС в Ansys - MagicDPD",Новоселов | Новосел | Новоселом,LOW,SPELLING
2020-03-25-optimizatsiya-topologii-dlya-ortotropnyh-ma.md:body,Новожилов,"Оптимизация топологии для ортотропных материалов
    
by Юрий Новожилов

Оптимизация топологии для о",Новоселов | Новосел | Новоселом,LOW,SPELLING
2020-03-26-ansys-aim-kak-shveytsarskiy-nozh.md:body,Новожилов,"ANSYS AIM — как швейцарский нож
 
by Юрий Новожилов

ANSYS AIM - как швейцарский нож - MagicDPD",Новоселов | Новосел | Новоселом,LOW,SPELLING
2020-03-27-uchemsya-pisat-mke-kod.md:title,Учемся,Учемся писать МКЭ код,Учимся | Учес | Чуемая | Чуется | Учеса,LOW,SPELLING
2020-03-27-uchemsya-pisat-mke-kod.md:body,Учемся,"Учемся писать МКЭ код
  
by Юрий Новожилов

Учемся писать МКЭ код - MagicDPD",Учимся | Учес | Чуемая | Чуется | Учеса,LOW,SPELLING
2020-03-27-uchemsya-pisat-mke-kod.md:body,Новожилов,"Учемся писать МКЭ код
  
by Юрий Новожилов

Учемся писать МКЭ код - MagicDPD",Новоселов | Новосел | Новоселом,LOW,SPELLING
2020-03-27-uchemsya-pisat-mke-kod.md:body,Учемся,"Учемся писать МКЭ код
  
by Юрий Новожилов

Учемся писать МКЭ код - MagicDPD",Учимся | Учес | Чуемая | Чуется | Учеса,LOW,SPELLING
2020-03-31-dualsphysics-v5.md:body,Новожилов,"DualSPHysics v5
   
by Юрий Новожилов

DualSPHysics v5 - MagicDPD",Новоселов | Новосел | Новоселом,LOW,SPELLING
2020-04-01-a-kak-vy-rabotaet-na-udalenke.md:title,удаленке,А как вы работает на удаленке?,удаление | дубленке | удален | Аленке | удалением,LOW,SPELLING
2020-04-01-a-kak-vy-rabotaet-na-udalenke.md:body,удаленке,"А как вы работает на удаленке?

А как вы работает на удаленке? - MagicDPD",удаление | дубленке | удален | Аленке | удалением,LOW,SPELLING
2020-04-01-a-kak-vy-rabotaet-na-udalenke.md:body,удаленке,"А как вы работает на удаленке?

А как вы работает на удаленке? - MagicDPD",удаление | дубленке | удален | Аленке | удалением,LOW,SPELLING
2020-04-06-rabota-s-cae-na-udalenke.md:title,удаленке,Работа с CAE на удаленке,удаление | дубленке | удален | Аленке | удалением,LOW,SPELLING
2020-04-06-rabota-s-cae-na-udalenke.md:body,удаленке,"Работа с CAE на удаленке

Работа с CAE на удаленке - MagicDPD",удаление | дубленке | удален | Аленке | удалением,LOW,SPELLING
2020-04-06-rabota-s-cae-na-udalenke.md:body,удаленке,"Работа с CAE на удаленке

Работа с CAE на удаленке - MagicDPD",удаление | дубленке | удален | Аленке | удалением,LOW,SPELLING
2020-04-07-sph-dedushka-bessetochnyh-metodov.md:title,бессеточных,SPH — дедушка бессеточных методов,бессточных | бес сеточных | бес-сеточных | беседочных | бессрочных,LOW,SPELLING
2020-04-07-sph-dedushka-bessetochnyh-metodov.md:body,бессеточных,"SPH — дедушка бессеточных методов

SPH - дедушка бессеточных методов - MagicDPD",бессточных | бес сеточных | бес-сеточных | беседочных | бессрочных,LOW,SPELLING
2020-04-07-sph-dedushka-bessetochnyh-metodov.md:body,бессеточных,"SPH — дедушка бессеточных методов

SPH - дедушка бессеточных методов - MagicDPD",бессточных | бес сеточных | бес-сеточных | беседочных | бессрочных,LOW,SPELLING
2020-04-16-import-dannyh-izgotovleniya-kompozitov-v.md:body,Новожилов,"Импорт данных изготовления композитов в LS-PrePost
    
by Юрий Новожилов

Импорт данных изготовлени",Новоселов | Новосел | Новоселом,LOW,SPELLING
2020-04-17-udarit-samoletom-ob-zdanie-pravilno.md:body,Новожилов,"Ударить самолетом об здание правильно
  
by Юрий Новожилов

Ударить самолетом об здание правильно - ",Новоселов | Новосел | Новоселом,LOW,SPELLING
2020-04-20-udalennaya-rabota-s-inzhenernoy-grafikoy.md:body,Новожилов,"Удаленная работа с инженерной графикой
    
by Юрий Новожилов

Удаленная работа с инженерной графико",Новоселов | Новосел | Новоселом,LOW,SPELLING
2020-04-21-chto-zanchit-poymat-pesochnye-chasy.md:title,занчит,Что занчит «поймать песочные часы»,значит | заучит | зачать,LOW,SPELLING
2020-04-21-chto-zanchit-poymat-pesochnye-chasy.md:body,занчит,Что занчит «поймать песочные часы»,значит | заучит | зачать,LOW,SPELLING
2020-04-24-vebinar-metodiki-modelirovaniya-vzryvov.md:body,Новожилов,"Вебинар «Методики моделирования взрывов в Ansys LS-DYNA»
        
by Юрий Новожилов

Вебинар ""Методи",Новоселов | Новосел | Новоселом,LOW,SPELLING
2020-04-27-efatigue-besplatnyy-kalkulyator-ustalo.md:body,Поженько,"eFatigue — бесплатный калькулятор усталостной долговечности
 
by Ян Поженько

eFatigue - бесплатный ",Боженькою | Боженькой | Ноженькою | Ноженькой | Боженька,LOW,SPELLING
2020-04-29-podmodelirovanie-v-ansys.md:title,Подмоделирование,Подмоделирование в ANSYS,Под моделирование | Под-моделирование,LOW,SPELLING
2020-04-29-podmodelirovanie-v-ansys.md:body,Подмоделирование,"Подмоделирование в ANSYS
 
by Ян Поженько

Подмоделирование в ANSYS - MagicDPD",Под моделирование | Под-моделирование,LOW,SPELLING
2020-04-29-podmodelirovanie-v-ansys.md:body,Поженько,"Подмоделирование в ANSYS
 
by Ян Поженько

Подмоделирование в ANSYS - MagicDPD",Боженькою | Боженькой | Ноженькою | Ноженькой | Боженька,LOW,SPELLING
2020-04-29-podmodelirovanie-v-ansys.md:body,Подмоделирование,"Подмоделирование в ANSYS
 
by Ян Поженько

Подмоделирование в ANSYS - MagicDPD",Под моделирование | Под-моделирование,LOW,SPELLING
2020-05-06-modelirovanie-privodneniya-vozvraschaemogo.md:body,Поженько," 
by Ян Поженько

LS-DYNA ICFD для расчета маски

Моделирование приводнения возвращаемого аппарата в",Боженькою | Боженькой | Ноженькою | Ноженькой | Боженька,LOW,SPELLING
2020-05-07-udalennaya-vizualizatsiya-dlya-geymerov.md:title,геймеров,Удаленная визуализация для геймеров,гейзеров | гейзер | фермер,LOW,SPELLING
2020-05-07-udalennaya-vizualizatsiya-dlya-geymerov.md:body,геймеров,"Удаленная визуализация для геймеров

Удаленная визуализация для геймеров - MagicDPD",гейзеров | гейзер | фермер,LOW,SPELLING
2020-05-07-udalennaya-vizualizatsiya-dlya-geymerov.md:body,геймеров,"Удаленная визуализация для геймеров

Удаленная визуализация для геймеров - MagicDPD",гейзеров | гейзер | фермер,LOW,SPELLING
2020-05-08-ls-dyna-s-ale-s-kak-super.md:body,эйлеровой,"LS-DYNA S-ALE: S — как Super

Вебинар «LS-DYNA S-ALE – взаимодействие с телами в эйлеровой постановк",флеровой | флеровый | Эйлер | элерон,LOW,SPELLING
2020-05-13-qform-otechestvennyy-soft-dlya-modelirov.md:title,софт,QForm — отечественный софт для моделирования больших пластических деформаций,софит | соф | сот | кофт | софа,LOW,SPELLING
2020-05-13-qform-otechestvennyy-soft-dlya-modelirov.md:body,Поженько,"
by Ян Поженько

QForm - отечественный софт для моделирования больших пластических деформаций - Magi",Боженькою | Боженькой | Ноженькою | Ноженькой | Боженька,LOW,SPELLING
2020-05-13-qform-otechestvennyy-soft-dlya-modelirov.md:body,софт,"
by Ян Поженько

QForm - отечественный софт для моделирования больших пластических деформаций - Magi",софит | соф | сот | кофт | софа,LOW,SPELLING
2020-05-17-konferentsii-na-udalenke-bez-lishnego-shuma.md:title,удаленке,Конференции на удаленке без лишнего шума,удаление | дубленке | удален | Аленке | удалением,LOW,SPELLING
2020-05-17-konferentsii-na-udalenke-bez-lishnego-shuma.md:body,удаленке,"Конференции на удаленке без лишнего шума

Конференции на удаленке без лишнего шума - MagicDPD",удаление | дубленке | удален | Аленке | удалением,LOW,SPELLING
2020-05-17-konferentsii-na-udalenke-bez-lishnego-shuma.md:body,удаленке,"Конференции на удаленке без лишнего шума

Конференции на удаленке без лишнего шума - MagicDPD",удаление | дубленке | удален | Аленке | удалением,LOW,SPELLING
2020-05-18-cavroc-v-avstralii-ne-tolko-kenguru.md:body,Поженько,"CAVROC — в Австралии не только кенгуру
  
by Ян Поженько

CAVROC - в Австралии не только кенгуру - M",Боженькою | Боженькой | Ноженькою | Ноженькой | Боженька,LOW,SPELLING
2020-05-22-otsenka-ustalostnyh-svoystv-po-bazovym-me.md:body,Поженько,"Оценка усталостных свойств по базовым механическим свойствам

by Ян Поженько

Оценка усталостных сво",Боженькою | Боженькой | Ноженькою | Ноженькой | Боженька,LOW,SPELLING
2020-05-26-pomnite-video-pro-nevozmozhnye-konstruktsi.md:body,Поженько,"Помните видео про невозможные конструкции?

by Ян Поженько

Помните видео про невозможные конструкци",Боженькою | Боженькой | Ноженькою | Ноженькой | Боженька,LOW,SPELLING
2020-06-02-svoystva-materialov-pri-komnatnyh-povysh.md:body,Поженько,"    
by Ян Поженько

Свойства материалов при комнатных, повышенных и криогенных температурах - Magic",Боженькою | Боженькой | Ноженькою | Ноженькой | Боженька,LOW,SPELLING
2020-06-08-16-aya-mezhdunarodnaya-konferentsiya-ls-dyna.md:body,Новожилов,"16-ая международная конференция LS-DYNA
   
by Юрий Новожилов

16-ая международная конференция LS-DY",Новоселов | Новосел | Новоселом,LOW,SPELLING
2020-06-09-esche-odna-prichina-letat-biznes-klassom.md:body,Поженько,"Еще одна причина летать бизнес-классом

by Ян Поженько

Еще одна причина летать бизнес-классом - Mag",Боженькою | Боженькой | Ноженькою | Ноженькой | Боженька,LOW,SPELLING
2020-06-10-vybor-optimalnogo-materiala-na-rannih-e.md:body,Поженько,"Выбор оптимального материала на ранних этапах проектирования
     
by Ян Поженько

Выбор оптимальног",Боженькою | Боженькой | Ноженькою | Ноженькой | Боженька,LOW,SPELLING
2020-06-11-moy-doklad-na-lstc2020-httpsonlinexp.md:body,E400489,"ShowKey=93235&DisplayItem=E400489

LSTC 2020



Российские CAE-системы на службе промышленности

by ",А | И | К | О | Я,LOW,SPELLING
2020-06-11-moy-doklad-na-lstc2020-httpsonlinexp.md:body,Новожилов,"ShowKey=93235&DisplayItem=E400489

LSTC 2020



Российские CAE-системы на службе промышленности

by ",Новоселов | Новосел | Новоселом,LOW,SPELLING
2020-06-12-esli-vy-esche-ne-umeet-share-topology-v-sp.md:body,Новожилов,"Если вы еще не умеет Share Topology в SpaceClaim
 
by Юрий Новожилов

Если вы еще не умеет Share Top",Новоселов | Новосел | Новоселом,LOW,SPELLING
2020-06-13-sozdaem-2d-sph-v-ls-prepost.md:body,Новожилов,"Создаем 2D SPH в LS-PrePost
  
by Юрий Новожилов

Создаем 2D SPH в LS-PrePost - MagicDPD",Новоселов | Новосел | Новоселом,LOW,SPELLING
2020-06-14-msc-nastran-2020.md:body,Новожилов,"MSC Nastran 2020
 
by Юрий Новожилов

MSC Nastran 2020 - MagicDPD",Новоселов | Новосел | Новоселом,LOW,SPELLING
2020-06-15-konferentsiya-simbio-m-2020.md:body,Новожилов,"Конференция SIMBIO-M 2020
  
by Юрий Новожилов

Конференция SIMBIO-M 2020 - MagicDPD",Новоселов | Новосел | Новоселом,LOW,SPELLING
2020-06-16-modelirovanie-smazki-zubchatoy-peredachi.md:body,Новожилов,"Моделирование смазки зубчатой передачи
  
by Юрий Новожилов

Моделирование смазки зубчатой передачи ",Новоселов | Новосел | Новоселом,LOW,SPELLING
2020-06-17-kak-vybrat-optimalnyy-material-na-rann.md:body,Поженько,"  
by Ян Поженько

Как выбрать оптимальный материал на ранних этапах проектирования? - MagicDPD",Боженькою | Боженькой | Ноженькою | Ноженькой | Боженька,LOW,SPELLING
2020-06-18-turbulentnost-dlya-samyh-malenkih.md:body,Поженько,"Турбулентность для самых маленьких
  
by Ян Поженько

Турбулентность для самых маленьких - MagicDPD",Боженькою | Боженькой | Ноженькою | Ноженькой | Боженька,LOW,SPELLING
2020-06-19-alphacell-po-dlya-modelirovaniya-akustik.md:title,виброакустики,AlphaCell — ПО для моделирования акустики и виброакустики,гидроакустики | гидроакустика | гидроакустике | гидроакустику,LOW,SPELLING
2020-06-19-alphacell-po-dlya-modelirovaniya-akustik.md:body,виброакустики,"AlphaCell — ПО для моделирования акустики и виброакустики
 
by Ян Поженько

AlphaCell - ПО для модел",гидроакустики | гидроакустика | гидроакустике | гидроакустику,LOW,SPELLING
2020-06-19-alphacell-po-dlya-modelirovaniya-akustik.md:body,Поженько,"AlphaCell — ПО для моделирования акустики и виброакустики
 
by Ян Поженько

AlphaCell - ПО для модел",Боженькою | Боженькой | Ноженькою | Ноженькой | Боженька,LOW,SPELLING
2020-06-19-alphacell-po-dlya-modelirovaniya-akustik.md:body,виброакустики,"AlphaCell — ПО для моделирования акустики и виброакустики
 
by Ян Поженько

AlphaCell - ПО для модел",гидроакустики | гидроакустика | гидроакустике | гидроакустику,LOW,SPELLING
2020-06-22-konferentsiya-wost-2020.md:body,Новожилов,"Конференция WOST 2020
    
by Юрий Новожилов

Конференция WOST 2020 - MagicDPD",Новоселов | Новосел | Новоселом,LOW,SPELLING
2020-06-23-thums-modeli-cheloveka-skoro-stanut-bespl.md:body,Новожилов,"THUMS модели человека скоро станут бесплатными

by Юрий Новожилов

THUMS модели человека скоро стану",Новоселов | Новосел | Новоселом,LOW,SPELLING
2020-06-24-chaste-cae-dlya-vashego-tela.md:body,Новожилов,"Chaste — CAE для вашего тела
   
by Юрий Новожилов

Chaste - CAE для вашего тела - MagicDPD",Новоселов | Новосел | Новоселом,LOW,SPELLING
2020-06-27-krutilnye-kolebani-ot-soyuzvuzfilm.md:title,колебани,Крутильные колебани от СоюзВузФильм,колебанию | колебание | колебании | колебаний | колебания,LOW,SPELLING
2020-06-27-krutilnye-kolebani-ot-soyuzvuzfilm.md:body,колебани,"Крутильные колебани от СоюзВузФильм

Крутильные колебани от СоюзВузФильм - MagicDPD",колебанию | колебание | колебании | колебаний | колебания,LOW,SPELLING
2020-06-27-krutilnye-kolebani-ot-soyuzvuzfilm.md:body,колебани,"Крутильные колебани от СоюзВузФильм

Крутильные колебани от СоюзВузФильм - MagicDPD",колебанию | колебание | колебании | колебаний | колебания,LOW,SPELLING
2020-06-29-kak-postroit-superkompyuter-iz-starogo.md:title,суперкомпьютер,Как построить суперкомпьютер из старого учебного класса.,супер компьютер | супер-компьютер,LOW,SPELLING
2020-06-29-kak-postroit-superkompyuter-iz-starogo.md:body,Дёшево,Дёшево :-),Дешево | Дешевою | Дешевое | Дешевой | Дешевок,LOW,SPELLING
2020-06-30-terminologiya-dlya-bessetochnyh-metodov-po.md:title,бессеточных,Терминология для бессеточных методов по ГОСТ,бессточных | бес сеточных | бес-сеточных | беседочных | бессрочных,LOW,SPELLING
2020-06-30-terminologiya-dlya-bessetochnyh-metodov-po.md:body,бессеточных,"Терминология для бессеточных методов по ГОСТ

Терминология для бессеточных методов по ГОСТ - MagicDP",бессточных | бес сеточных | бес-сеточных | беседочных | бессрочных,LOW,SPELLING
2020-06-30-terminologiya-dlya-bessetochnyh-metodov-po.md:body,бессеточных,"Терминология для бессеточных методов по ГОСТ

Терминология для бессеточных методов по ГОСТ - MagicDP",бессточных | бес сеточных | бес-сеточных | беседочных | бессрочных,LOW,SPELLING
2020-07-01-vebinar-po-samoy-poulyarnoy-modeli-materi.md:title,поулярной,Вебинар по самой поулярной модели материала для LS-DYNA,популярной | полярной | модулярной,LOW,SPELLING
2020-07-01-vebinar-po-samoy-poulyarnoy-modeli-materi.md:body,поулярной,"Вебинар по самой поулярной модели материала для LS-DYNA

Вебинар по самой поулярной модели материала",популярной | полярной | модулярной,LOW,SPELLING
2020-07-01-vebinar-po-samoy-poulyarnoy-modeli-materi.md:body,поулярной,"Вебинар по самой поулярной модели материала для LS-DYNA

Вебинар по самой поулярной модели материала",популярной | полярной | модулярной,LOW,SPELLING
2020-07-09-svobodnyy-dostup-k-materialam-konferentsi.md:body,Новожилов,"Свободный доступ к материалам конференции FRAGBLAST
 
by Юрий Новожилов

Свободный доступ к материал",Новоселов | Новосел | Новоселом,LOW,SPELLING
2020-07-10-lego-crash-test-webinar.md:body,Новожилов,"Lego Crash Test Webinar
     
by Юрий Новожилов

Lego Crash Test Webinar - MagicDPD",Новоселов | Новосел | Новоселом,LOW,SPELLING
2020-07-13-raschet-konvektsii-vo-fluent.md:body,Новожилов,"Расчет конвекции во Fluent
  
by Юрий Новожилов

Расчет конвекции во Fluent - MagicDPD",Новоселов | Новосел | Новоселом,LOW,SPELLING
2020-07-20-sapr-sudarushka.md:body,Новожилов,"САПР «Сударушка»
 
by Юрий Новожилов

САПР ""Сударушка"" - MagicDPD",Новоселов | Новосел | Новоселом,LOW,SPELLING
2020-07-21-mke-ot-ili-karpova.md:title,Карпова,МКЭ от Ильи Карпова,Карповая | Карповна | Карпов | Карповн,LOW,SPELLING
2020-07-21-mke-ot-ili-karpova.md:body,Карпова,"МКЭ от Ильи Карпова
 
by Юрий Новожилов

МКЭ от Ильи Карпова - MagicDPD",Карповая | Карповна | Карпов | Карповн,LOW,SPELLING
2020-07-21-mke-ot-ili-karpova.md:body,Новожилов,"МКЭ от Ильи Карпова
 
by Юрий Новожилов

МКЭ от Ильи Карпова - MagicDPD",Новоселов | Новосел | Новоселом,LOW,SPELLING
2020-07-21-mke-ot-ili-karpova.md:body,Карпова,"МКЭ от Ильи Карпова
 
by Юрий Новожилов

МКЭ от Ильи Карпова - MagicDPD",Карповая | Карповна | Карпов | Карповн,LOW,SPELLING
2020-08-07-chto-takoe-peridinamika.md:title,перидинамика,Что такое перидинамика,пери динамика | пери-динамика,LOW,SPELLING
2020-08-07-chto-takoe-peridinamika.md:body,перидинамика,"Что такое перидинамика

Что такое перидинамика - MagicDPD",пери динамика | пери-динамика,LOW,SPELLING
2020-08-07-chto-takoe-peridinamika.md:body,перидинамика,"Что такое перидинамика

Что такое перидинамика - MagicDPD",пери динамика | пери-динамика,LOW,SPELLING
2020-08-12-bessetochnye-metody-i-mehanika-razrusheniya.md:title,Бессеточные,Бессеточные методы и механика разрушения еды,Бессточные | Бес сеточные | Бес-сеточные | Беседочные | Бессрочные,LOW,SPELLING
2020-08-12-bessetochnye-metody-i-mehanika-razrusheniya.md:body,Бессеточные,"Бессеточные методы и механика разрушения еды

Бессеточные методы и механика разрушения еды - MagicDP",Бессточные | Бес сеточные | Бес-сеточные | Беседочные | Бессрочные,LOW,SPELLING
2020-08-12-bessetochnye-metody-i-mehanika-razrusheniya.md:body,Бессеточные,"Бессеточные методы и механика разрушения еды

Бессеточные методы и механика разрушения еды - MagicDP",Бессточные | Бес сеточные | Бес-сеточные | Беседочные | Бессрочные,LOW,SPELLING
2020-08-31-intel-xeon-i-amd-epyc-v-ansys.md:body,Новожилов,"Intel Xeon и AMD EPYC в ANSYS
    
by Юрий Новожилов

Intel Xeon и AMD EPYC в ANSYS - MagicDPD",Новоселов | Новосел | Новоселом,LOW,SPELLING
2020-09-01-vebinar-ls-dyna-efg-podrobnyy-razbor.md:title,учётом,Вебинар «LS-DYNA EFG – подробный разбор с учётом возможностей сеточной адаптации»,учетом | учет | счет,LOW,SPELLING
2020-09-01-vebinar-ls-dyna-efg-podrobnyy-razbor.md:body,учётом,"Вебинар ""LS-DYNA EFG – подробный разбор с учётом возможностей сеточной адаптации"" - MagicDPD",учетом | учет | счет,LOW,SPELLING
2020-09-03-novoe-v-spaceclaim-2020r2.md:title,2020R2,Новое в SpaceClaim 2020R2,А | И | К | О | Я,LOW,SPELLING
2020-09-03-novoe-v-spaceclaim-2020r2.md:body,2020R2,"Новое в SpaceClaim 2020R2

by Юрий Новожилов

Новое в SpaceClaim 2020R2 - MagicDPD",А | И | К | О | Я,LOW,SPELLING
2020-09-03-novoe-v-spaceclaim-2020r2.md:body,Новожилов,"Новое в SpaceClaim 2020R2

by Юрий Новожилов

Новое в SpaceClaim 2020R2 - MagicDPD",Новоселов | Новосел | Новоселом,LOW,SPELLING
2020-09-03-novoe-v-spaceclaim-2020r2.md:body,2020R2,"Новое в SpaceClaim 2020R2

by Юрий Новожилов

Новое в SpaceClaim 2020R2 - MagicDPD",А | И | К | О | Я,LOW,SPELLING
2020-09-07-vebinar-po-efg-ot-dynamore.md:body,Новожилов,"Вебинар по EFG от DYNAmore
  
by Юрий Новожилов

Вебинар по EFG от DYNAmore - MagicDPD",Новоселов | Новосел | Новоселом,LOW,SPELLING
2020-09-11-obzortrening-po-spaceclaim-2020r2-ot-le.md:title,2020R2,Обзор/тренинг по SpaceClaim 2020R2 от LEAP,А | И | К | О | Я,LOW,SPELLING
2020-09-11-obzortrening-po-spaceclaim-2020r2-ot-le.md:body,2020R2,"Обзор/тренинг по SpaceClaim 2020R2 от LEAP

Обзор/тренинг по SpaceClaim 2020R2 от LEAP - MagicDPD",А | И | К | О | Я,LOW,SPELLING
2020-09-11-obzortrening-po-spaceclaim-2020r2-ot-le.md:body,2020R2,"Обзор/тренинг по SpaceClaim 2020R2 от LEAP

Обзор/тренинг по SpaceClaim 2020R2 от LEAP - MagicDPD",А | И | К | О | Я,LOW,SPELLING
2020-09-14-modeliruem-kover-v-rocky-dem.md:body,Новожилов,"Моделируем ковер в Rocky DEM
    
by Юрий Новожилов

Моделируем ковер в Rocky DEM - MagicDPD",Новоселов | Новосел | Новоселом,LOW,SPELLING
2020-09-24-ansys-hfss-2020r2.md:title,2020R2,Ansys HFSS 2020R2,А | И | К | О | Я,LOW,SPELLING
2020-09-24-ansys-hfss-2020r2.md:body,2020R2,"Ansys HFSS 2020R2

Ansys HFSS 2020R2 - MagicDPD",А | И | К | О | Я,LOW,SPELLING
2020-09-24-ansys-hfss-2020r2.md:body,2020R2,"Ansys HFSS 2020R2

Ansys HFSS 2020R2 - MagicDPD",А | И | К | О | Я,LOW,SPELLING
2020-09-25-sph-dlya-modelirovaniya-bryzg.md:body,Новожилов,"SPH для моделирования брызг
  
by Юрий Новожилов

SPH для моделирования брызг - MagicDPD",Новоселов | Новосел | Новоселом,LOW,SPELLING
2020-10-06-nelineynoe-povedenie-materialov.md:body,Новожилов,"Нелинейное поведение материалов
 
by Юрий Новожилов

Нелинейное поведение материалов - MagicDPD",Новоселов | Новосел | Новоселом,LOW,SPELLING
2020-10-07-postanovka-zadachi-o-trehtochechnom-izgibe.md:title,трехточечном,Постановка задачи о трехточечном изгибе сэндвич панели в ANSYS,трех точечном | трех-точечном,LOW,SPELLING
2020-10-07-postanovka-zadachi-o-trehtochechnom-izgibe.md:title,сэндвич,Постановка задачи о трехточечном изгибе сэндвич панели в ANSYS,сандвич | сандвича | сандвиче | сандвичи | сандвичу,LOW,SPELLING
2020-10-07-postanovka-zadachi-o-trehtochechnom-izgibe.md:body,Новожилов,"    
by Юрий Новожилов

Постановка задачи о трехточечном изгибе сэндвич панели в ANSYS - MagicDPD",Новоселов | Новосел | Новоселом,LOW,SPELLING
2020-10-07-postanovka-zadachi-o-trehtochechnom-izgibe.md:body,трехточечном,"    
by Юрий Новожилов

Постановка задачи о трехточечном изгибе сэндвич панели в ANSYS - MagicDPD",трех точечном | трех-точечном,LOW,SPELLING
2020-10-07-postanovka-zadachi-o-trehtochechnom-izgibe.md:body,сэндвич,"    
by Юрий Новожилов

Постановка задачи о трехточечном изгибе сэндвич панели в ANSYS - MagicDPD",сандвич | сандвича | сандвиче | сандвичи | сандвичу,LOW,SPELLING
2020-10-08-obzor-polnostyu-novogo-ansys-discovery-2.md:title,2020R2,Обзор полностью нового ANSYS Discovery 2020R2,А | И | К | О | Я,LOW,SPELLING
2020-10-08-obzor-polnostyu-novogo-ansys-discovery-2.md:body,2020R2,"Обзор полностью нового ANSYS Discovery 2020R2

by Юрий Новожилов

Обзор полностью нового ANSYS Disco",А | И | К | О | Я,LOW,SPELLING
2020-10-08-obzor-polnostyu-novogo-ansys-discovery-2.md:body,Новожилов,"Обзор полностью нового ANSYS Discovery 2020R2

by Юрий Новожилов

Обзор полностью нового ANSYS Disco",Новоселов | Новосел | Новоселом,LOW,SPELLING
2020-10-08-obzor-polnostyu-novogo-ansys-discovery-2.md:body,2020R2,"Обзор полностью нового ANSYS Discovery 2020R2

by Юрий Новожилов

Обзор полностью нового ANSYS Disco",А | И | К | О | Я,LOW,SPELLING
2020-10-09-video-dlya-teh-kto-progulival-na-pervyh.md:body,Новожилов,"Видео для тех, кто прогуливал на первых курсах

by Юрий Новожилов

Видео для тех, кто прогуливал на ",Новоселов | Новосел | Новоселом,LOW,SPELLING
2020-10-14-kak-mozhno-razuprochnyatsya.md:title,разупрочняться,Как можно разупрочняться,раз упрочняться | раз-упрочняться,LOW,SPELLING
2020-10-14-kak-mozhno-razuprochnyatsya.md:body,разупрочняться,"Как можно разупрочняться
 
by Юрий Новожилов

Как можно разупрочняться - MagicDPD",раз упрочняться | раз-упрочняться,LOW,SPELLING
2020-10-14-kak-mozhno-razuprochnyatsya.md:body,Новожилов,"Как можно разупрочняться
 
by Юрий Новожилов

Как можно разупрочняться - MagicDPD",Новоселов | Новосел | Новоселом,LOW,SPELLING
2020-10-14-kak-mozhno-razuprochnyatsya.md:body,разупрочняться,"Как можно разупрочняться
 
by Юрий Новожилов

Как можно разупрочняться - MagicDPD",раз упрочняться | раз-упрочняться,LOW,SPELLING
2020-10-15-prokatka-s-optimizatsiey-v-forge-i-pseven.md:body,Новожилов,"Прокатка с оптимизацией в Forge и pSeven
  
by Юрий Новожилов

Прокатка с оптимизацией в Forge и pSe",Новоселов | Новосел | Новоселом,LOW,SPELLING
2020-10-16-portsiya-zabytyh-znaniy.md:body,Новожилов,"Порция забытых знаний

by Юрий Новожилов

Порция забытых знаний - MagicDPD",Новоселов | Новосел | Новоселом,LOW,SPELLING
2020-10-19-impetus-afea-dlya-reversivnoy-prokatki.md:body,Новожилов,"!
    
by Юрий Новожилов

Impetus Afea для реверсивной прокатки?! - MagicDPD",Новоселов | Новосел | Новоселом,LOW,SPELLING
2020-10-20-nelokalnost-v-peridinamike.md:title,перидинамике,Нелокальность в перидинамике,пери динамике | пери-динамике,LOW,SPELLING
2020-10-20-nelokalnost-v-peridinamike.md:body,перидинамике,"Нелокальность в перидинамике
 
by Юрий Новожилов

Нелокальность в перидинамике - MagicDPD",пери динамике | пери-динамике,LOW,SPELLING
2020-10-20-nelokalnost-v-peridinamike.md:body,Новожилов,"Нелокальность в перидинамике
 
by Юрий Новожилов

Нелокальность в перидинамике - MagicDPD",Новоселов | Новосел | Новоселом,LOW,SPELLING
2020-10-20-nelokalnost-v-peridinamike.md:body,перидинамике,"Нелокальность в перидинамике
 
by Юрий Новожилов

Нелокальность в перидинамике - MagicDPD",пери динамике | пери-динамике,LOW,SPELLING
2020-10-26-bolshie-raschety-mpm-na-gpu.md:body,Новожилов,"Большие расчеты MPM на GPU
 
by Юрий Новожилов

Большие расчеты MPM на GPU - MagicDPD",Новоселов | Новосел | Новоселом,LOW,SPELLING
2020-10-27-ansys-pokupaet-agi.md:body,Новожилов,"ANSYS покупает AGI
  
by Юрий Новожилов

ANSYS покупает AGI - MagicDPD",Новоселов | Новосел | Новоселом,LOW,SPELLING
2020-10-30-extended-position-based-dynamics.md:body,Новожилов,"Extended Position Based Dynamics
 
by Юрий Новожилов

Extended Position Based Dynamics - MagicDPD",Новоселов | Новосел | Новоселом,LOW,SPELLING
2020-11-02-raschet-teraformirovaniya-v-realnom-vre.md:title,тераформирования,Расчет «тераформирования» в реальном времени благодаря гибридной DEM постановке,переформирования | переформирование | переформированию | переформировании,LOW,SPELLING
2020-11-02-raschet-teraformirovaniya-v-realnom-vre.md:body,Новожилов,"    
by Юрий Новожилов

Расчет ""тераформирования"" в реальном времени благодаря гибридной DEM постано",Новоселов | Новосел | Новоселом,LOW,SPELLING
2020-11-02-raschet-teraformirovaniya-v-realnom-vre.md:body,тераформирования,"    
by Юрий Новожилов

Расчет ""тераформирования"" в реальном времени благодаря гибридной DEM постано",переформирования | переформирование | переформированию | переформировании,LOW,SPELLING
2020-11-03-obzor-kriteriev-razrusheniya-polimernyh-ko.md:body,Новожилов,"Обзор критериев разрушения полимерных композитов

by Юрий Новожилов

Обзор критериев разрушения поли",Новоселов | Новосел | Новоселом,LOW,SPELLING
2020-11-04-polnomasshtabnoe-modelirovanie-rabot-kar.md:body,Новожилов,"  
by Юрий Новожилов

Полномасштабное моделирование работ карьерного экскаватора в комбинированной F",Новоселов | Новосел | Новоселом,LOW,SPELLING
2020-11-05-quickfem-mke-raschety-v-ios.md:body,Новожилов,"Quickfem — МКЭ расчеты в iOS
 
by Юрий Новожилов

Quickfem - МКЭ расчеты в iOS - MagicDPD",Новоселов | Новосел | Новоселом,LOW,SPELLING
2020-11-06-freecad-reinforcement-workbench.md:body,Новожилов,"FreeCAD Reinforcement Workbench
  
by Юрий Новожилов

FreeCAD Reinforcement Workbench - MagicDPD",Новоселов | Новосел | Новоселом,LOW,SPELLING
2020-11-09-optimizatsiya-bokala-dlya-vina.md:body,Новожилов,"Оптимизация бокала для вина
   
by Юрий Новожилов

Оптимизация бокала для вина - MagicDPD",Новоселов | Новосел | Новоселом,LOW,SPELLING
2020-11-10-uctalostnyy-rost-treschin-v-ansys-mechanic.md:title,Уcталостный,Уcталостный рост трещин в Ansys Mechanical,Усталостный | Усталостной | Усталостные | Усталостных | Усталостным,LOW,SPELLING
2020-11-10-uctalostnyy-rost-treschin-v-ansys-mechanic.md:body,Уcталостный,"Уcталостный рост трещин в Ansys Mechanical
   
by Юрий Новожилов

Уcталостный рост трещин в Ansys Me",Усталостный | Усталостной | Усталостные | Усталостных | Усталостным,LOW,SPELLING
2020-11-10-uctalostnyy-rost-treschin-v-ansys-mechanic.md:body,Новожилов,"Уcталостный рост трещин в Ansys Mechanical
   
by Юрий Новожилов

Уcталостный рост трещин в Ansys Me",Новоселов | Новосел | Новоселом,LOW,SPELLING
2020-11-10-uctalostnyy-rost-treschin-v-ansys-mechanic.md:body,Уcталостный,"Уcталостный рост трещин в Ansys Mechanical
   
by Юрий Новожилов

Уcталостный рост трещин в Ansys Me",Усталостный | Усталостной | Усталостные | Усталостных | Усталостным,LOW,SPELLING
2020-11-16-ls-dyna-implicit-training.md:body,Новожилов,"LS-DYNA Implicit Training
 
by Юрий Новожилов

LS-DYNA Implicit Training - MagicDPD",Новоселов | Новосел | Новоселом,LOW,SPELLING
2020-11-23-sudodem.md:body,Новожилов,"SudoDEM
  
by Юрий Новожилов

SudoDEM - MagicDPD",Новоселов | Новосел | Новоселом,LOW,SPELLING
2020-11-24-infiniband-ndr.md:body,Новожилов,"Infiniband NDR
   
by Юрий Новожилов

Infiniband NDR - MagicDPD",Новоселов | Новосел | Новоселом,LOW,SPELLING
2020-11-27-obzor-vozmozhnostey-ls-dyna-r120.md:body,Новожилов,"Обзор возможностей LS-DYNA R12.0
    
by Юрий Новожилов

Обзор возможностей LS-DYNA R12.0 - MagicDPD",Новоселов | Новосел | Новоселом,LOW,SPELLING
2020-12-03-esli-vy-reshili-pisat-svoy-sph-kod.md:body,Новожилов,"Если вы решили писать свой SPH код
 
by Юрий Новожилов

Если вы решили писать свой SPH код - MagicDP",Новоселов | Новосел | Новоселом,LOW,SPELLING
2020-12-04-vse-chto-vy-hoteli-i-ne-hoteli-znat-o-ko.md:body,Новожилов,"Все что вы хотели и не хотели знать о контактах в LS-DYNA
 
by Юрий Новожилов

Все что вы хотели и н",Новоселов | Новосел | Новоселом,LOW,SPELLING
2020-12-07-v-cfd-dlya-chaynikov-chast-1-uravnenie.md:body,Новожилов,"В CFD для чайников — часть 1: уравнение неразрывности

by Юрий Новожилов

В CFD для чайников - часть",Новоселов | Новосел | Новоселом,LOW,SPELLING
2020-12-08-zachem-ansys-kupil-agi.md:body,Новожилов,"Зачем ANSYS купил AGI
 
by Юрий Новожилов

Зачем ANSYS купил AGI - MagicDPD",Новоселов | Новосел | Новоселом,LOW,SPELLING
2020-12-09-kak-rabotaet-mke.md:body,Новожилов,"Как работает МКЭ

by Юрий Новожилов

Как работает МКЭ - MagicDPD",Новоселов | Новосел | Новоселом,LOW,SPELLING
2020-12-10-plasticheskaya-deformatsiya.md:body,Новожилов,"Пластическая деформация

by Юрий Новожилов

Пластическая деформация - MagicDPD",Новоселов | Новосел | Новоселом,LOW,SPELLING
2020-12-11-ls-dyna-dlya-studentov-besplatno.md:body,Новожилов,"LS-DYNA для студентов бесплатно!
  
by Юрий Новожилов

 ",Новоселов | Новосел | Новоселом,LOW,SPELLING
2020-12-14-v-cfd-dlya-chaynikov-chast-2-uravnenie.md:body,Новожилов,"В CFD для чайников — часть 2: уравнение Навье-Стокса

by Юрий Новожилов

В CFD для чайников - часть ",Новоселов | Новосел | Новоселом,LOW,SPELLING
2020-12-16-snos-the-mina-plaza.md:body,Новожилов,"Снос The Mina Plaza
  
by Юрий Новожилов

Снос The Mina Plaza - MagicDPD",Новоселов | Новосел | Новоселом,LOW,SPELLING
2020-12-18-chb-vvedenie-v-sopromat.md:body,Новожилов,"ЧБ введение в сопромат

by Юрий Новожилов

ЧБ введение в сопромат - MagicDPD",Новоселов | Новосел | Новоселом,LOW,SPELLING
2020-12-21-v-cfd-dlya-chaynikov-chast-3-uravnenie.md:body,Новожилов,"В CFD для чайников — часть 3: уравнение баланса энергии

by Юрий Новожилов

В CFD для чайников - час",Новоселов | Новосел | Новоселом,LOW,SPELLING
2020-12-23-protsessy-prokatki.md:body,Новожилов,"Процессы прокатки

by Юрий Новожилов

Процессы прокатки - MagicDPD",Новоселов | Новосел | Новоселом,LOW,SPELLING
2020-12-28-v-cfd-dlya-chaynikov-chast-4-chto-zhe-tak.md:body,Новожилов,"В CFD для чайников — часть 4: что же такое CFD

by Юрий Новожилов

В CFD для чайников - часть 4: что",Новоселов | Новосел | Новоселом,LOW,SPELLING
2020-12-31-shkola-dambldora-i-novyy-god.md:body,Новожилов,"Школа Дамблдора и новый год!

by Юрий Новожилов

Школа Дамблдора и новый год! - MagicDPD",Новоселов | Новосел | Новоселом,LOW,SPELLING
2021-01-11-t-obraznoe-soedinenie-zhelezobetonnyh-bal.md:body,Новожилов,"T-образное соединение железобетонных балок
 
by Юрий Новожилов

T-образное соединение железобетонных",Новоселов | Новосел | Новоселом,LOW,SPELLING
2021-01-13-raschet-3d-pechati-zdaniy.md:body,Новожилов,"Расчет 3D печати зданий
    
by Юрий Новожилов

Расчет 3D печати зданий - MagicDPD",Новоселов | Новосел | Новоселом,LOW,SPELLING
2021-01-15-seminar-sph-dlya-zadach-fsi.md:body,Мубинь,"Семинар: SPH для задач FSI

У нас тут анонс нового семинара от SPHeric по моделированию взаимодейств",Дубин | Муцин | Рубин | Убить | Дубина,LOW,SPELLING
2021-01-15-seminar-sph-dlya-zadach-fsi.md:body,бессеточных,"Семинар: SPH для задач FSI

У нас тут анонс нового семинара от SPHeric по моделированию взаимодейств",бессточных | бес сеточных | бес-сеточных | беседочных | бессрочных,LOW,SPELLING
2021-01-15-seminar-sph-dlya-zadach-fsi.md:body,Новожилов,"Семинар: SPH для задач FSI

У нас тут анонс нового семинара от SPHeric по моделированию взаимодейств",Новоселов | Новосел | Новоселом,LOW,SPELLING
2021-01-18-aerodinamika-melnira.md:body,Новожилов,"Аэродинамика мьёльнира

Я вот вчера последних Мстителей пересматривал. А сегодня увидел, как коллеги",Новоселов | Новосел | Новоселом,LOW,SPELLING
2021-01-19-ansys-discovery-gui.md:body,Новожилов,"Ansys Discovery GUI


 




Краткий обзор нового интерфейса Discovery и различных инструментов, кото",Новоселов | Новосел | Новоселом,LOW,SPELLING
2021-01-20-dem-dlya-gazonokosilok.md:body,Новожилов,"DEM для газонокосилок


 




Очередной заход Rocky DEM в ту область, где, казалось бы, нет никаких ",Новоселов | Новосел | Новоселом,LOW,SPELLING
2021-01-21-generative-extensions-dlya-creo.md:body,так-то,"Generative Extensions для Creo


 




В 7-ой версии Creo появились новые функции для оптимизации то",тактом | тактов | такт | факто | такта,LOW,SPELLING
2021-01-21-generative-extensions-dlya-creo.md:body,Новожилов,"Generative Extensions для Creo


 




В 7-ой версии Creo появились новые функции для оптимизации то",Новоселов | Новосел | Новоселом,LOW,SPELLING
2021-01-22-mashinnoe-obuchenie-dlya-cfd.md:body,Стивен,"Машинное обучение для CFD


 




Стивен Брантон (Steven L. Brunton) - доцент кафедры машиностроения",Ставен | Стилен | Ставня,LOW,SPELLING
2021-01-22-mashinnoe-obuchenie-dlya-cfd.md:body,Брантон,"Машинное обучение для CFD


 




Стивен Брантон (Steven L. Brunton) - доцент кафедры машиностроения",Брайтон | Баритон | Батон | Братнин | Антон,LOW,SPELLING
2021-01-22-mashinnoe-obuchenie-dlya-cfd.md:body,скачивания,"Машинное обучение для CFD


 




Стивен Брантон (Steven L. Brunton) - доцент кафедры машиностроения",скашивания | смачивания | стачивания | укачивания | вкачивания,LOW,SPELLING
2021-01-22-mashinnoe-obuchenie-dlya-cfd.md:body,Новожилов,"Машинное обучение для CFD


 




Стивен Брантон (Steven L. Brunton) - доцент кафедры машиностроения",Новоселов | Новосел | Новоселом,LOW,SPELLING
2021-01-26-spheric-sloshing-wave-impact-test.md:body,Сандийских,"SPHERIC Sloshing Wave Impact Test


 




Пример того, как LAMMPS USER-SMD от Сандийских лабораторий",Индийских | Руандийских | Угандийских | Бандитских | Мансийских,LOW,SPELLING
2021-01-26-spheric-sloshing-wave-impact-test.md:body,Новожилов,"SPHERIC Sloshing Wave Impact Test


 




Пример того, как LAMMPS USER-SMD от Сандийских лабораторий",Новоселов | Новосел | Новоселом,LOW,SPELLING
2021-01-27-virtualnaya-gonka-avtonomnyh-avtomobiley.md:body,что-то,"Виртуальная гонка автономных автомобилей


 




Итак, у нас тут что-то действительно уникальное от ",ото | тот | что | фото | лото,LOW,SPELLING
2021-01-27-virtualnaya-gonka-avtonomnyh-avtomobiley.md:body,хакатона,"Виртуальная гонка автономных автомобилей


 




Итак, у нас тут что-то действительно уникальное от ",халатна | лактона | накатана | закатана | Харитона,LOW,SPELLING
2021-01-27-virtualnaya-gonka-avtonomnyh-avtomobiley.md:body,софта,"Виртуальная гонка автономных автомобилей


 




Итак, у нас тут что-то действительно уникальное от ",софита | софа | кофта | сорта | соф та,LOW,SPELLING
2021-01-27-virtualnaya-gonka-avtonomnyh-avtomobiley.md:body,Новожилов,"Виртуальная гонка автономных автомобилей


 




Итак, у нас тут что-то действительно уникальное от ",Новоселов | Новосел | Новоселом,LOW,SPELLING
2021-01-28-spaceclaim-2021r1.md:title,2021R1,SpaceClaim 2021R1,А | И | К | О | Я,LOW,SPELLING
2021-01-28-spaceclaim-2021r1.md:body,2021R1,"SpaceClaim 2021R1


 




Как вы уже могли догадаться по новостной ленте, стал доступен Ansys 2021R1",А | И | К | О | Я,LOW,SPELLING
2021-01-28-spaceclaim-2021r1.md:body,2021R1,"SpaceClaim 2021R1


 




Как вы уже могли догадаться по новостной ленте, стал доступен Ansys 2021R1",А | И | К | О | Я,LOW,SPELLING
2021-02-01-ls-dyna-master-klass-s-ale-test-teylora.md:body,малодеформируемую,"LS-DYNA мастер класс: S-ALE тест Тейлора


 




Коллеги, стала публично доступна запись моего масте",мало деформируемую | мало-деформируемую,LOW,SPELLING
2021-02-01-ls-dyna-master-klass-s-ale-test-teylora.md:body,морфинг,"LS-DYNA мастер класс: S-ALE тест Тейлора


 




Коллеги, стала публично доступна запись моего масте",морфин | морфина | морфине | морфину,LOW,SPELLING
2021-02-01-ls-dyna-master-klass-s-ale-test-teylora.md:body,эйлеровой,"LS-DYNA мастер класс: S-ALE тест Тейлора


 




Коллеги, стала публично доступна запись моего масте",флеровой | флеровый | Эйлер | элерон,LOW,SPELLING
2021-02-02-openlb-open-source-lattice-boltzmann-c.md:body,решёточных,"OpenLB - Open Source Lattice Boltzmann Code
 


OpenLB - это открытая реализация CFD решателя на осн",решеточных | нешуточных | решеточные | решеточный | решеточным,LOW,SPELLING
2021-02-03-modelirovanie-peny-nizkoy-plotnosti-v-mk.md:body,пен,"Моделирование пены низкой плотности в МКЭ

На сегодня я нашел два интересных видео, посвященных моде",пне | пеню | пена | пене | пени,LOW,SPELLING
2021-02-05-python-dlya-avtomatizatsii-raboty-s-paravi.md:body,Новожилов,"Python для автоматизации работы с ParaView


 


 
 
by Юрий Новожилов

Usage of Python in ParaView ",Новоселов | Новосел | Новоселом,LOW,SPELLING
2021-02-08-neyavnyy-reshatel-sph-s-uchetom-szhimaemost.md:body,Соответсвенно," 




Обзор публикации ""An Implicit Compressible SPH Solver for Snow Simulation"" коллег из FIFTY2 Te",Соответственно | Соответственною | Соответственное | Соответственной | Соответственном,LOW,SPELLING
2021-02-08-neyavnyy-reshatel-sph-s-uchetom-szhimaemost.md:body,валидации," 




Обзор публикации ""An Implicit Compressible SPH Solver for Snow Simulation"" коллег из FIFTY2 Te",вариации | вальвации | вариация | вальвация,LOW,SPELLING
2021-02-09-ansys-nauchit-fizike.md:body,как-то,"Ansys научит физике


 




Я как-то просмотрел этот момент, а тем временем у Ansys уже существует с",факто | какао | акт,LOW,SPELLING
2021-02-09-ansys-nauchit-fizike.md:body,Новожилов,"Ansys научит физике


 




Я как-то просмотрел этот момент, а тем временем у Ansys уже существует с",Новоселов | Новосел | Новоселом,LOW,SPELLING
2021-02-10-thums-stali-besplatnymi.md:body,достпна,"THUMS стали бесплатными


 




Коллеги, моделировать безопасность человека стало еще проще! Одна из",доступна | доступная | доступа | доступный | достойна,LOW,SPELLING
2021-02-10-thums-stali-besplatnymi.md:body,Новожилов,"THUMS стали бесплатными


 




Коллеги, моделировать безопасность человека стало еще проще! Одна из",Новоселов | Новосел | Новоселом,LOW,SPELLING
2021-02-11-layopt-eto-vam-ne-bridge-builder.md:body,плагин,"LayOpt - это вам не bridge builder


 




LayOpt является интерактивным веб-приложением, которое по",план | плавни | паладин | плагиат | пластин,LOW,SPELLING
2021-02-11-layopt-eto-vam-ne-bridge-builder.md:body,3D-задач,"LayOpt - это вам не bridge builder


 




LayOpt является интерактивным веб-приложением, которое по",Задач | Задача | Задаче | Задачи | Задачу,LOW,SPELLING
2021-02-11-layopt-eto-vam-ne-bridge-builder.md:body,Бата,"LayOpt - это вам не bridge builder


 




LayOpt является интерактивным веб-приложением, которое по",Байта | Балта | Банта | Баста | Батан,LOW,SPELLING
2021-02-11-layopt-eto-vam-ne-bridge-builder.md:body,комерческих,"LayOpt - это вам не bridge builder


 




LayOpt является интерактивным веб-приложением, которое по",коммерческих | коммерчески | гомерических | коммерческие | коммерческий,LOW,SPELLING
2021-02-11-layopt-eto-vam-ne-bridge-builder.md:body,багов,"LayOpt - это вам не bridge builder


 




LayOpt является интерактивным веб-приложением, которое по",багров | багор | баков | балов | баров,LOW,SPELLING
2021-02-12-opensim-modelirovanie-oporno-dvigatel.md:body,Новожилов,"OpenSim - моделирование опорно-двигательного аппарата


 




OpenSim - это свободное программное об",Новоселов | Новосел | Новоселом,LOW,SPELLING
2021-02-15-podhody-k-modelirovaniyu-podushek-bezopast.md:title,безопастности,Подходы к моделированию подушек безопастности,безопасности | безопасность | безучастности | безучастность,LOW,SPELLING
2021-02-15-podhody-k-modelirovaniyu-podushek-bezopast.md:body,безопастности,"Подходы к моделированию подушек безопастности


 




В настоящее время LS-DYNA предлагает три разли",безопасности | безопасность | безучастности | безучастность,LOW,SPELLING
2021-02-15-podhody-k-modelirovaniyu-podushek-bezopast.md:body,дискретизирована,"Подходы к моделированию подушек безопастности


 




В настоящее время LS-DYNA предлагает три разли",дискредитирована | дискредитирован | дискредитировано | дискредитированы | дискредитированный,LOW,SPELLING
2021-02-15-podhody-k-modelirovaniyu-podushek-bezopast.md:body,безопастности,"Подходы к моделированию подушек безопастности


 




В настоящее время LS-DYNA предлагает три разли",безопасности | безопасность | безучастности | безучастность,LOW,SPELLING
2021-02-15-podhody-k-modelirovaniyu-podushek-bezopast.md:body,Новожилов,"Подходы к моделированию подушек безопастности


 




В настоящее время LS-DYNA предлагает три разли",Новоселов | Новосел | Новоселом,LOW,SPELLING
2021-02-16-obzor-atena.md:body,Новожилов,"Обзор ATENA


 




Полный и ""немой"" обзор возможностей системы моделирования ATENA для расширенного",Новоселов | Новосел | Новоселом,LOW,SPELLING
2021-02-17-pravila-peredelki-ls-dyna-modeli-iz-expl.md:body,пересобрать,"Правила переделки LS-DYNA модели из explicit в implicit


 




LS-DYNA славится своей способностью ",пере собрать | пере-собрать | перебрать | перегорать | переизбрать,LOW,SPELLING
2021-02-18-teoriya-razrusheniya-dlya-materialovedov-i-r.md:body,почётным,"Теория разрушения для материаловедов и расчетчиков

  - это сайт-книга по теории разрушения, созданн",почетным | потным | почетными | портным | постным,LOW,SPELLING
2021-02-19-staticheskiy-prednatyag-v-ls-dyna.md:body,преднагружения,"Статический преднатяг в LS-DYNA


 




Стал доступен мой небольшой мастре-класс по работе динамичес",пред нагружения | пред-нагружения,LOW,SPELLING
2021-02-24-ansys-zaymetsya-alhimiey.md:body,Кэмбриджа,"Ansys займется алхимией

17 февраля 2021 ANSYS обвил о своей договоренности с компанией  Intellegens",Кембриджа | Кембридж | Кембридже | Кембриджу | Кембриджем,LOW,SPELLING
2021-02-24-ansys-zaymetsya-alhimiey.md:body,Боингом,"Ansys займется алхимией

17 февраля 2021 ANSYS обвил о своей договоренности с компанией  Intellegens",Бином | Богом | Боулингом | Допингом | Полингом,LOW,SPELLING
2021-02-26-manim-kak-sdelat-vashu-nauchnuyu-prezent.md:body,анимированной,"manim - как сделать вашу научную презентацию захватывающей

Многие гики от науки знают, что в сети е",армированной | реанимированной | ацилированной | афишированной | анодированной,LOW,SPELLING
2021-02-26-manim-kak-sdelat-vashu-nauchnuyu-prezent.md:body,3b1b,"manim - как сделать вашу научную презентацию захватывающей

Многие гики от науки знают, что в сети е",а | и | к | о | я,LOW,SPELLING
2021-03-02-detonatsionno-deflagratsionnyy-perehod.md:body,безовая,"Детонационно-дефлаграционный переход

Нормальная безовая статья из Бауманки про работу уравнения сос",базовая | бедовая | беговая | беловая | базовый,LOW,SPELLING
2021-03-02-detonatsionno-deflagratsionnyy-perehod.md:body,Бауманки,"Детонационно-дефлаграционный переход

Нормальная безовая статья из Бауманки про работу уравнения сос",Басурманки | Баранки | Башмаки | Буханки | Бумажки,LOW,SPELLING
2021-03-02-detonatsionno-deflagratsionnyy-perehod.md:body,Тарвера,"Детонационно-дефлаграционный переход

Нормальная безовая статья из Бауманки про работу уравнения сос",Траверса | Траверза | Таверна | Гравера | Старовера,LOW,SPELLING
2021-03-03-podvizhnyy-istochnik-tepla-v-ansys-mechani.md:body,наплавки,"Подвижный источник тепла в ANSYS Mechanical


 




Сегодня будет жестко, и даже немного больно. Вид",на плавки | на-плавки | плавки | неплавкие | неплавких,LOW,SPELLING
2021-03-04-moose-neprostoy-los.md:body,суперкомпьютерах,"MOOSE - непростой лось


 




MOOSE (Multiphysics Object-Oriented Simulation Environment, Объектно-",супер компьютерах | супер-компьютерах,LOW,SPELLING
2021-03-04-moose-neprostoy-los.md:body,кодаВстроенная,"MOOSE - непростой лось


 




MOOSE (Multiphysics Object-Oriented Simulation Environment, Объектно-",кода Встроенная | кода-Встроенная,LOW,SPELLING
2021-03-04-moose-neprostoy-los.md:body,сеткамиМетод,"MOOSE - непростой лось


 




MOOSE (Multiphysics Object-Oriented Simulation Environment, Объектно-",сетками Метод | сетками-Метод,LOW,SPELLING
2021-03-04-moose-neprostoy-los.md:body,Галеркина,"MOOSE - непростой лось


 




MOOSE (Multiphysics Object-Oriented Simulation Environment, Объектно-",Галерки на | Галерки-на | Галерка | Галерки | Балерина,LOW,SPELLING
2021-03-04-moose-neprostoy-los.md:body,разрывный,"MOOSE - непростой лось


 




MOOSE (Multiphysics Object-Oriented Simulation Environment, Объектно-",разрывной | разрывные | разрывных | разрывным,LOW,SPELLING
2021-03-04-moose-neprostoy-los.md:body,интефейс,"MOOSE - непростой лось


 




MOOSE (Multiphysics Object-Oriented Simulation Environment, Объектно-",интерфейс | интерфейса | интерфейсе | интерфейсу | интерфейсы,LOW,SPELLING
2021-03-05-sph-modelirovanie-spinnomozgovoy-zhidkost.md:body,безсеточного,"SPH моделирование спинномозговой жидкости в LS-DYNA

Спинномозговая жидкость (Cerebrospinal Fluid, C",без сеточного | без-сеточного | беседочного | бессточного | безлегочного,LOW,SPELLING
2021-03-09-thermo-calc.md:body,20th,"Thermo-calc


 




Система позволяющая рассчитывать свойства металлов в зависимости от температуры ",а | и | к | о | я,LOW,SPELLING
2021-03-10-kc-femfre-bessetochnyy-kod-resheniya-zada.md:title,бессеточный,KC-FEMFRE - бессеточный код решения задач разрушения,бессточный | бес сеточный | бес-сеточный | беседочный | бессрочный,LOW,SPELLING
2021-03-10-kc-femfre-bessetochnyy-kod-resheniya-zada.md:body,бессеточный,"KC-FEMFRE - бессеточный код решения задач разрушения

Знаете ли вы, что компания Karagozian & Case, ",бессточный | бес сеточный | бес-сеточный | беседочный | бессрочный,LOW,SPELLING
2021-03-10-kc-femfre-bessetochnyy-kod-resheniya-zada.md:body,бессеточный,"KC-FEMFRE - бессеточный код решения задач разрушения

Знаете ли вы, что компания Karagozian & Case, ",бессточный | бес сеточный | бес-сеточный | беседочный | бессрочный,LOW,SPELLING
2021-03-10-kc-femfre-bessetochnyy-kod-resheniya-zada.md:body,бессеточный,"KC-FEMFRE - бессеточный код решения задач разрушения

Знаете ли вы, что компания Karagozian & Case, ",бессточный | бес сеточный | бес-сеточный | беседочный | бессрочный,LOW,SPELLING
2021-03-10-kc-femfre-bessetochnyy-kod-resheniya-zada.md:body,бессеточных,"KC-FEMFRE - бессеточный код решения задач разрушения

Знаете ли вы, что компания Karagozian & Case, ",бессточных | бес сеточных | бес-сеточных | беседочных | бессрочных,LOW,SPELLING
2021-03-10-kc-femfre-bessetochnyy-kod-resheniya-zada.md:body,Гелеркина,"KC-FEMFRE - бессеточный код решения задач разрушения

Знаете ли вы, что компания Karagozian & Case, ",Пелерина | Пелеринах | Пелеринам | Пелерин | Пелерине,LOW,SPELLING
2021-03-11-krashtest-samoleta.md:body,документалки,"Краштест самолета


 




Я, в своих расчетах, больше привык моделировать удары тяжелых комических с",документики | документации | документален | документик | документация,LOW,SPELLING
2021-03-12-project-chrono.md:body,бессеточные,"Project Chrono


 




Chrono - это открытый фреймворк математического моделирования физических проц",бессточные | бес сеточные | бес-сеточные | беседочные | бессрочные,LOW,SPELLING
2021-03-12-project-chrono.md:body,бессеточный,"Project Chrono


 




Chrono - это открытый фреймворк математического моделирования физических проц",бессточный | бес сеточный | бес-сеточный | беседочный | бессрочный,LOW,SPELLING
2021-03-12-project-chrono.md:body,просадку,"Project Chrono


 




Chrono - это открытый фреймворк математического моделирования физических проц",посадку | присадку | пр осадку | пр-осадку | про садку,LOW,SPELLING
2021-03-12-project-chrono.md:body,проетка,"Project Chrono


 




Chrono - это открытый фреймворк математического моделирования физических проц",проекта | пролетка | кротка,LOW,SPELLING
2021-03-15-modelirovanie-rosta-korallov.md:body,Константинос,"Моделирование роста кораллов


 




Первый доклад с первого виртуального семинара от UK Fluids Netw",Константином | Константинов | Константин ос | Константин-ос | Константин,LOW,SPELLING
2021-03-16-topologicheskaya-optimizatsiya-v-izogeometri.md:title,изогеометрической,Топологическая оптимизация в изогеометрической постановке,изо геометрической | изо-геометрической,LOW,SPELLING
2021-03-16-topologicheskaya-optimizatsiya-v-izogeometri.md:body,изогеометрической,"Топологическая оптимизация в изогеометрической постановке

Статья, о которой я сегодня рассуждаю, эт",изо геометрической | изо-геометрической,LOW,SPELLING
2021-03-16-topologicheskaya-optimizatsiya-v-izogeometri.md:body,изогеометрического,"Топологическая оптимизация в изогеометрической постановке

Статья, о которой я сегодня рассуждаю, эт",изо геометрического | изо-геометрического,LOW,SPELLING
2021-03-17-pro-iga-po-russki.md:body,84__1,"Про IGA по русски

Наконец нашел статью про IGA на русском. Данный метод сейчас очень активно развив",а | и | к | о | я,LOW,SPELLING
2021-03-17-pro-iga-po-russki.md:body,84__1,"Про IGA по русски

Наконец нашел статью про IGA на русском. Данный метод сейчас очень активно развив",а | и | к | о | я,LOW,SPELLING
2021-03-18-harakteristiki-i-zakony-turbulentnosti.md:body,Олдфаги,"Характеристики и законы турбулентности


 




Союз вуз фильм переставляет! Олдфаги тут? 1985 год од",Полифаги | Олифа | Полифаг,LOW,SPELLING
2021-03-19-sph-v-ls-dyna-obzornyy-doklad-dynamore.md:body,эйлеровой,"SPH в LS-DYNA - обзорный доклад DYNAmore


 




Обзорный интересный доклад о применении гидродинами",флеровой | флеровый | Эйлер | элерон,LOW,SPELLING
2021-03-19-sph-v-ls-dyna-obzornyy-doklad-dynamore.md:body,лагранжева,"SPH в LS-DYNA - обзорный доклад DYNAmore


 




Обзорный интересный доклад о применении гидродинами",Лагранжа | Лагранже | Лагранжем | Лагранж,LOW,SPELLING
2021-03-22-modelirovanie-vyazkouprugih-techeniy-v-sph.md:title,вязкоупругих,Моделирование вязкоупругих течений в SPH постановке,вязко упругих | вязко-упругих,LOW,SPELLING
2021-03-22-modelirovanie-vyazkouprugih-techeniy-v-sph.md:body,вязкоупругих,"Моделирование вязкоупругих течений в SPH постановке


 




Второй доклад с первого виртуального сем",вязко упругих | вязко-упругих,LOW,SPELLING
2021-03-22-modelirovanie-vyazkouprugih-techeniy-v-sph.md:body,Кинг,"Моделирование вязкоупругих течений в SPH постановке


 




Второй доклад с первого виртуального сем",Книг | Кино | Кину | Кинь | Пинг,LOW,SPELLING
2021-03-22-modelirovanie-vyazkouprugih-techeniy-v-sph.md:body,вязкоупругих,"Моделирование вязкоупругих течений в SPH постановке


 




Второй доклад с первого виртуального сем",вязко упругих | вязко-упругих,LOW,SPELLING
2021-03-23-teoriya-uprugosti-sektsii-ot-politeha.md:title,Политеха,Теория упругости - секции от Политеха,Политеса | Полита | Потеха | Политес | Политых,LOW,SPELLING
2021-03-23-teoriya-uprugosti-sektsii-ot-politeha.md:body,Политеха,"Теория упругости - секции от Политеха

Сегодняшний материал может легко положить на лопатки все учеб",Политеса | Полита | Потеха | Политес | Политых,LOW,SPELLING
2021-03-23-teoriya-uprugosti-sektsii-ot-politeha.md:body,Политехе,"Теория упругости - секции от Политеха

Сегодняшний материал может легко положить на лопатки все учеб",Политесе | Потехе | Политес | Политое | Политые,LOW,SPELLING
2021-03-23-teoriya-uprugosti-sektsii-ot-politeha.md:body,Лурье,"Теория упругости - секции от Политеха

Сегодняшний материал может легко положить на лопатки все учеб",Дурье | Курье | Турье | Фурье | Дурий,LOW,SPELLING
2021-03-23-teoriya-uprugosti-sektsii-ot-politeha.md:body,Пальмова,"Теория упругости - секции от Политеха

Сегодняшний материал может легко положить на лопатки все учеб",Пальмовая | Пальма | Пальмовою | Пальмовое | Пальмовой,LOW,SPELLING
2021-03-23-teoriya-uprugosti-sektsii-ot-politeha.md:body,твёрдого,"Теория упругости - секции от Политеха

Сегодняшний материал может легко положить на лопатки все учеб",твердого | твердо | твердый | тверды,LOW,SPELLING
2021-03-23-teoriya-uprugosti-sektsii-ot-politeha.md:body,Пальмова,"Теория упругости - секции от Политеха

Сегодняшний материал может легко положить на лопатки все учеб",Пальмовая | Пальма | Пальмовою | Пальмовое | Пальмовой,LOW,SPELLING
2021-03-23-teoriya-uprugosti-sektsii-ot-politeha.md:body,Фрейдин,"Теория упругости - секции от Политеха

Сегодняшний материал может легко положить на лопатки все учеб",Фрейлин | Фрейдист | Фрейдизм | Фрейлина | Фрейлине,LOW,SPELLING
2021-03-25-ochen-goryachaya-prokatka.md:body,бессеточными,"Очень горячая прокатка


 




Мастер-класс посвящен обзору основных настроек решателя, работе и гра",бессточными | бес сеточными | бес-сеточными | бессточным | беседочными,LOW,SPELLING
2021-03-25-ochen-goryachaya-prokatka.md:body,Новожилов,"Очень горячая прокатка


 




Мастер-класс посвящен обзору основных настроек решателя, работе и гра",Новоселов | Новосел | Новоселом,LOW,SPELLING
2021-03-26-ls-dyna-dlya-grazhdanskogo-stroitelstva-o.md:body,околостроительных,"LS-DYNA для гражданского строительства от Arup


 








Потрясающий, великолепный, незабываемый д",около строительных | около-строительных | котлостроительных | котлостроительный | котлостроительные,LOW,SPELLING
2021-03-26-ls-dyna-dlya-grazhdanskogo-stroitelstva-o.md:body,грода,"LS-DYNA для гражданского строительства от Arup


 








Потрясающий, великолепный, незабываемый д",горда | города | года | рода | юрода,LOW,SPELLING
2021-03-29-modelirovanie-razrusheniya-i-fragmentatsii.md:body,Эваристо,"Моделирование разрушения и фрагментации при помощи SPH


 




Третий доклад с первого виртуального ",Варистор | Наваристо | Эвкариота | Наваристый | Увалистый,LOW,SPELLING
2021-03-29-modelirovanie-razrusheniya-i-fragmentatsii.md:body,Ферраро,"Моделирование разрушения и фрагментации при помощи SPH


 




Третий доклад с первого виртуального ",Ферратом | Ферратов | Феррат | Феррата | Феррате,LOW,SPELLING
2021-03-29-modelirovanie-razrusheniya-i-fragmentatsii.md:body,Сен-Луи,"Моделирование разрушения и фрагментации при помощи SPH


 




Третий доклад с первого виртуального ",Сени | Сынули | Сену | Сенну | Генуи,LOW,SPELLING
2021-03-30-forum-ansys-2021.md:body,КАДФЕМ,"Форум ANSYS 2021

Коллеги, на всякий случай напоминаю, что уже завтра начнется главное CAE событие в",КАФЕ | КАДЕТ | ХАДЖЕМ | КАМФЕН | КАШЛЕМ,LOW,SPELLING
2021-03-30-forum-ansys-2021.md:body,куда-то,"Форум ANSYS 2021

Коллеги, на всякий случай напоминаю, что уже завтра начнется главное CAE событие в",кудлатою | кудлатое | кудлатой | кудлатом | кудлатый,LOW,SPELLING
2021-03-30-forum-ansys-2021.md:body,колеблитесь,"Форум ANSYS 2021

Коллеги, на всякий случай напоминаю, что уже завтра начнется главное CAE событие в",колеблетесь | колеблюсь | колеблясь | колебнуться,LOW,SPELLING
2021-03-31-modelirovanie-protsessa-namotki-preprega.md:title,препрега,Моделирование процесса намотки препрега,припрем | припрет | перепрелый,LOW,SPELLING
2021-03-31-modelirovanie-protsessa-namotki-preprega.md:body,препрега,"Моделирование процесса намотки препрега


 




Некоторые композитные изделия, как, например, баллон",припрем | припрет | перепрелый,LOW,SPELLING
2021-03-31-modelirovanie-protsessa-namotki-preprega.md:body,баллонны,"Моделирование процесса намотки препрега


 




Некоторые композитные изделия, как, например, баллон",баллонные | баллонных | баллонный | баллонным | баллоны,LOW,SPELLING
2021-03-31-modelirovanie-protsessa-namotki-preprega.md:body,перепрегов,"Моделирование процесса намотки препрега


 




Некоторые композитные изделия, как, например, баллон",перепрев | перепелов | перепевов | перепрело | перегревов,LOW,SPELLING
2021-03-31-modelirovanie-protsessa-namotki-preprega.md:body,Новожилов,"Моделирование процесса намотки препрега


 




Некоторые композитные изделия, как, например, баллон",Новоселов | Новосел | Новоселом,LOW,SPELLING
2021-04-01-tut-ischut-inzhenera-po-prochnosti.md:body,КАДФЕМ,"Тут ищут инженера по прочности





Коллеги, питерский офис компании КАДФЕМ Си-Ай-Эс ищет для своей ",КАФЕ | КАДЕТ | ХАДЖЕМ | КАМФЕН | КАШЛЕМ,LOW,SPELLING
2021-04-01-tut-ischut-inzhenera-po-prochnosti.md:body,прочниста,"Тут ищут инженера по прочности





Коллеги, питерский офис компании КАДФЕМ Си-Ай-Эс ищет для своей ",прочистка | хрониста | протиста | ручниста | прочности,LOW,SPELLING
2021-04-01-tut-ischut-inzhenera-po-prochnosti.md:body,прокачаться,"Тут ищут инженера по прочности





Коллеги, питерский офис компании КАДФЕМ Си-Ай-Эс ищет для своей ",покачаться | про качаться | про-качаться | прокачать | прокачиваться,LOW,SPELLING
2021-04-01-tut-ischut-inzhenera-po-prochnosti.md:body,КАДФЕМ,"Тут ищут инженера по прочности





Коллеги, питерский офис компании КАДФЕМ Си-Ай-Эс ищет для своей ",КАФЕ | КАДЕТ | ХАДЖЕМ | КАМФЕН | КАШЛЕМ,LOW,SPELLING
2021-04-01-tut-ischut-inzhenera-po-prochnosti.md:body,Новожилов,"Тут ищут инженера по прочности





Коллеги, питерский офис компании КАДФЕМ Си-Ай-Эс ищет для своей ",Новоселов | Новосел | Новоселом,LOW,SPELLING
2021-04-01-tut-ischut-inzhenera-po-prochnosti.md:body,КАДФЕМ,"Тут ищут инженера по прочности





Коллеги, питерский офис компании КАДФЕМ Си-Ай-Эс ищет для своей ",КАФЕ | КАДЕТ | ХАДЖЕМ | КАМФЕН | КАШЛЕМ,LOW,SPELLING
2021-04-02-lektsii-po-diskretnoy-differentsialnoy-ge.md:body,дифференциа,"Лекции по дискретной дифференциальной геометрии


 




Любите учебные курсы? Тогда как вам такое? С",дифференциал | дифференциала | дифференциале | дифференциалу | дифференциалы,LOW,SPELLING
2021-04-02-lektsii-po-diskretnoy-differentsialnoy-ge.md:body,льная,"Лекции по дискретной дифференциальной геометрии


 




Любите учебные курсы? Тогда как вам такое? С",льна | ильная | ильный,LOW,SPELLING
2021-04-02-lektsii-po-diskretnoy-differentsialnoy-ge.md:body,трия,"Лекции по дискретной дифференциальной геометрии


 




Любите учебные курсы? Тогда как вам такое? С",тория | три | атрия | ария | триб,LOW,SPELLING
2021-04-02-lektsii-po-diskretnoy-differentsialnoy-ge.md:body,тополо,"Лекции по дискретной дифференциальной геометрии


 




Любите учебные курсы? Тогда как вам такое? С",тополог | топало | топило | тополю | тополе,LOW,SPELLING
2021-04-02-lektsii-po-diskretnoy-differentsialnoy-ge.md:body,гия,"Лекции по дискретной дифференциальной геометрии


 




Любите учебные курсы? Тогда как вам такое? С",гиря | гиб | гид | гик | гит,LOW,SPELLING
2021-04-02-lektsii-po-diskretnoy-differentsialnoy-ge.md:body,неразделимы,"Лекции по дискретной дифференциальной геометрии


 




Любите учебные курсы? Тогда как вам такое? С",неразделимые | неразделимых | неразделимый | неразделимым,LOW,SPELLING
2021-04-02-lektsii-po-diskretnoy-differentsialnoy-ge.md:body,Кинан,"Лекции по дискретной дифференциальной геометрии


 




Любите учебные курсы? Тогда как вам такое? С",Инна | Индан | Кинза | Финна | Инн,LOW,SPELLING
2021-04-02-lektsii-po-diskretnoy-differentsialnoy-ge.md:body,Крейн,"Лекции по дискретной дифференциальной геометрии


 




Любите учебные курсы? Тогда как вам такое? С",Крен | Рейн | Арен,LOW,SPELLING
2021-04-02-lektsii-po-diskretnoy-differentsialnoy-ge.md:body,плейлист,"Лекции по дискретной дифференциальной геометрии


 




Любите учебные курсы? Тогда как вам такое? С",плечист | флейтист | петлистый | плечистый,LOW,SPELLING
2021-04-02-lektsii-po-diskretnoy-differentsialnoy-ge.md:body,Новожилов,"Лекции по дискретной дифференциальной геометрии


 




Любите учебные курсы? Тогда как вам такое? С",Новоселов | Новосел | Новоселом,LOW,SPELLING
2021-04-05-modelirvoanie-sloshinga-pri-vertikalnyh.md:title,Моделирвоание,Моделирвоание слошинга при вертикальных колебаниях,Моделирование | Моделированием | Моделированию | Моделировании | Моделирования,LOW,SPELLING
2021-04-05-modelirvoanie-sloshinga-pri-vertikalnyh.md:title,слошинга,Моделирвоание слошинга при вертикальных колебаниях,слябинга | смокинга | слябинг | смокинг | блошиный,LOW,SPELLING
2021-04-05-modelirvoanie-sloshinga-pri-vertikalnyh.md:body,Моделирвоание,"Моделирвоание слошинга при вертикальных колебаниях


 




Четвертый доклад с первого виртуального с",Моделирование | Моделированием | Моделированию | Моделировании | Моделирования,LOW,SPELLING
2021-04-05-modelirvoanie-sloshinga-pri-vertikalnyh.md:body,слошинга,"Моделирвоание слошинга при вертикальных колебаниях


 




Четвертый доклад с первого виртуального с",слябинга | смокинга | слябинг | смокинг | блошиный,LOW,SPELLING
2021-04-05-modelirvoanie-sloshinga-pri-vertikalnyh.md:body,Курси,"Моделирвоание слошинга при вертикальных колебаниях


 




Четвертый доклад с первого виртуального с",Курсив | Кури | Курс | Курки | Курса,LOW,SPELLING
2021-04-05-modelirvoanie-sloshinga-pri-vertikalnyh.md:body,Лучианом,"Моделирвоание слошинга при вертикальных колебаниях


 




Четвертый доклад с первого виртуального с",Лучина | Лучинам | Лучиком | Лучиною | Лучиной,LOW,SPELLING
2021-04-09-2k+.md:body,паблик,"2k+

Коллеги, на этой неделе количество подписчиков в основном зеркале MagicDPD во Вконтактике перев",Павлик | па блик | па-блик | паб лик | паб-лик,LOW,SPELLING
2021-04-09-2k+.md:body,паблика,"2k+

Коллеги, на этой неделе количество подписчиков в основном зеркале MagicDPD во Вконтактике перев",публика | Павлика | па блика | па-блика | паб лика,LOW,SPELLING
2021-04-09-2k+.md:body,Яндекс,"2k+

Коллеги, на этой неделе количество подписчиков в основном зеркале MagicDPD во Вконтактике перев",Индекс | Индекса | Индексе | Индексу | Индексы,LOW,SPELLING
2021-04-09-2k+.md:body,Дзен,"2k+

Коллеги, на этой неделе количество подписчиков в основном зеркале MagicDPD во Вконтактике перев",Диен | Доен | Дойный,LOW,SPELLING
2021-04-09-2k+.md:body,паблик,"2k+

Коллеги, на этой неделе количество подписчиков в основном зеркале MagicDPD во Вконтактике перев",Павлик | па блик | па-блик | паб лик | паб-лик,LOW,SPELLING
2021-04-09-2k+.md:body,софта,"2k+

Коллеги, на этой неделе количество подписчиков в основном зеркале MagicDPD во Вконтактике перев",софита | софа | кофта | сорта | соф та,LOW,SPELLING
2021-04-09-2k+.md:body,мемасиков,"2k+

Коллеги, на этой неделе количество подписчиков в основном зеркале MagicDPD во Вконтактике перев",механиков | нематиков | механик | нематик,LOW,SPELLING
2021-04-09-2k+.md:body,контент,"2k+

Коллеги, на этой неделе количество подписчиков в основном зеркале MagicDPD во Вконтактике перев",конвент | кон тент | кон-тент | континент | констант,LOW,SPELLING
2021-04-09-2k+.md:body,паблика,"2k+

Коллеги, на этой неделе количество подписчиков в основном зеркале MagicDPD во Вконтактике перев",публика | Павлика | па блика | па-блика | паб лика,LOW,SPELLING
2021-04-09-2k+.md:body,паблика,"2k+

Коллеги, на этой неделе количество подписчиков в основном зеркале MagicDPD во Вконтактике перев",публика | Павлика | па блика | па-блика | паб лика,LOW,SPELLING
2021-04-12-vystupaem-na-ansys-simulation-world-2021.md:body,Новожилов,"Выступаем на ANSYS Simulation World 2021

Коллеги, 20-21 апреля ANSYS проведет вторую большую технич",Новоселов | Новосел | Новоселом,LOW,SPELLING
2021-04-13-lektsii-po-sph-ot-sozdatelya-metoda.md:body,Монаган,"Лекции по SPH от создателя метода


 




Знакомьтесь, это Джозеф Дж. Монаган (Joseph J. Monaghan) -",Наган | Донага | Монада | Монадах | Монадам,LOW,SPELLING
2021-04-13-lektsii-po-sph-ot-sozdatelya-metoda.md:body,Монаша,"Лекции по SPH от создателя метода


 




Знакомьтесь, это Джозеф Дж. Монаган (Joseph J. Monaghan) -",Монашка | Монада | Монаха,LOW,SPELLING
2021-04-13-lektsii-po-sph-ot-sozdatelya-metoda.md:body,бессеточный,"Лекции по SPH от создателя метода


 




Знакомьтесь, это Джозеф Дж. Монаган (Joseph J. Monaghan) -",бессточный | бес сеточный | бес-сеточный | беседочный | бессрочный,LOW,SPELLING
2021-04-13-lektsii-po-sph-ot-sozdatelya-metoda.md:body,Новожилов,"Лекции по SPH от создателя метода


 




Знакомьтесь, это Джозеф Дж. Монаган (Joseph J. Monaghan) -",Новоселов | Новосел | Новоселом,LOW,SPELLING
2021-04-14-vyazkost-zhidkosti.md:body,неньютоновские,"Вязкость жидкости


 




В этом видео рассматривается вязкость, ключевое свойство механики жидкости",не ньютоновские | не-ньютоновские | ньютоновские | ньютоновский | ньютоновских,LOW,SPELLING
2021-04-14-vyazkost-zhidkosti.md:body,Новожилов,"Вязкость жидкости


 




В этом видео рассматривается вязкость, ключевое свойство механики жидкости",Новоселов | Новосел | Новоселом,LOW,SPELLING
2021-04-15-hexagon-pokupaet-cadlm.md:body,расчётах,"Hexagon покупает CADLM

Hexagon объявили о приобретении компании CADLM SAS - разработчика ODYSSEE (C",расчетах | расчет | насчет,LOW,SPELLING
2021-04-16-uchim-teormeh.md:title,Теормех,Учим Теормех,Теор мех | Теор-мех | Теорем | Теоремах | Теореме,LOW,SPELLING
2021-04-16-uchim-teormeh.md:body,Теормех,"Учим Теормех

Коллеги, давайте добавим еще фундаментального образования! Сегодня я предлагаю вам при",Теор мех | Теор-мех | Теорем | Теоремах | Теореме,LOW,SPELLING
2021-04-16-uchim-teormeh.md:body,Политеха,"Учим Теормех

Коллеги, давайте добавим еще фундаментального образования! Сегодня я предлагаю вам при",Политеса | Полита | Потеха | Политес | Политых,LOW,SPELLING
2021-04-16-uchim-teormeh.md:body,физ-мат,"Учим Теормех

Коллеги, давайте добавим еще фундаментального образования! Сегодня я предлагаю вам при",физмат | физмата | физмате | физмату,LOW,SPELLING
2021-04-21-chto-takoe-turbulentnost.md:body,Новожилов,"Что такое турбулентность


 




Турбулентная гидродинамика буквально вокруг нас. Это видео описывае",Новоселов | Новосел | Новоселом,LOW,SPELLING
2021-04-27-cadence-pokupaet-pointwise.md:body,блоге,"Cadence покупает Pointwise

Cadence, специализирующиеся на расчетах электроники и задачах радиофизик",боге | логе | благе | блохе | блоке,LOW,SPELLING
2021-04-28-metod-krupnyh-vihrey.md:body,подсеточного,"Метод крупных вихрей


 




Метод крупных вихрей или, как это более привычно слышать, LES (Large Ed",подметочного | под сеточного | под-сеточного | подстрочного | подсечного,LOW,SPELLING
2021-05-11-iga-v-ls-dyna.md:body,изогеометрического,"IGA в LS-DYNA


 




Вебинар более чем на час от DYNAmore про современное состояние изогеометрическ",изо геометрического | изо-геометрического,LOW,SPELLING
2021-05-17-ansys-batch-connections.md:body,Где-то,"Ansys Batch Connections

Где-то год назад Ansys выкатил функцию Batch Connections и про нее почему-т",Одето | Вдето | Одетый | Вдетый,LOW,SPELLING
2021-05-17-ansys-batch-connections.md:body,почему-то,"Ansys Batch Connections

Где-то год назад Ansys выкатил функцию Batch Connections и про нее почему-т",почему | почемучка | почесуха,LOW,SPELLING
2021-05-17-ansys-batch-connections.md:body,раскленную,"Ansys Batch Connections

Где-то год назад Ansys выкатил функцию Batch Connections и про нее почему-т",раскаленную | расклеенную | растленную | раскаленный | расклеенный,LOW,SPELLING
2021-05-17-ansys-batch-connections.md:body,многопоточно,"Ansys Batch Connections

Где-то год назад Ansys выкатил функцию Batch Connections и про нее почему-т",много поточно | много-поточно | многофотонный | многомоторный | многополосный,LOW,SPELLING
2021-05-19-coreform-iga-otsenka-prochnosti-s-solid-i.md:body,изогеометрических,"Coreform IGA: оценка прочности с Solid IGA


 




Coreform - еще один большой игрок на поле изогеом",изо геометрических | изо-геометрических,LOW,SPELLING
2021-05-19-coreform-iga-otsenka-prochnosti-s-solid-i.md:body,что-то,"Coreform IGA: оценка прочности с Solid IGA


 




Coreform - еще один большой игрок на поле изогеом",ото | тот | что | фото | лото,LOW,SPELLING
2021-05-24-ls-opt-70.md:body,какая-то,"LS-Opt 7.0


 




Итак, новая версии оптимизатора от ANSYS LST - LS-Opt 7.0. Прошу особенно обратит",какао | какая | какают | какает | какало,LOW,SPELLING
2021-05-24-ls-opt-70.md:body,Новожилов,"LS-Opt 7.0


 




Итак, новая версии оптимизатора от ANSYS LST - LS-Opt 7.0. Прошу особенно обратит",Новоселов | Новосел | Новоселом,LOW,SPELLING
2021-05-25-import-topologii-pechatnyh-plat-v-ansys-m.md:body,2021R1,"Импорт топологии печатных плат в Ansys Mechanical и LS-DYNA


 




Демонстрация активно развиваемой",А | И | К | О | Я,LOW,SPELLING
2021-05-25-import-topologii-pechatnyh-plat-v-ansys-m.md:body,расчёта,"Импорт топологии печатных плат в Ansys Mechanical и LS-DYNA


 




Демонстрация активно развиваемой",расчета | расчетах | расчетам | расчет | расиста,LOW,SPELLING
2021-05-27-modelirovanie-detonatsii-sfericheskogo-vv.md:body,залипательных,"Моделирование детонации сферического ВВ


 




Примеры залипательных и красивых видео про воздушные",занимательных | зажигательных | занимательный | зажигательный,LOW,SPELLING
2021-05-31-modelirovanie-raboty-sistemy-passivnoy-b.md:body,КАДФЕМ,"09 июня 2021 года в 11:00 (МСК)  КАДФЕМ Си-Ай-Эс, ""Уральские локомотивы"" и Ansys расскажут, как сист",КАФЕ | КАДЕТ | ХАДЖЕМ | КАМФЕН | КАШЛЕМ,LOW,SPELLING
2021-06-01-topologicheskoy-optimizatsii-metodom-beso.md:body,Майком,"Топологической оптимизации методом BESO


 




BESO (Bi-directional Evolutionary Structural Optimiz",Майском | Майклом | Маком | Майкам | Майкою,LOW,SPELLING
2021-06-01-topologicheskoy-optimizatsii-metodom-beso.md:body,Кси,"Топологической оптимизации методом BESO


 




BESO (Bi-directional Evolutionary Structural Optimiz",Кис | Коси | Си | Кии | Кои,LOW,SPELLING
2021-06-01-topologicheskoy-optimizatsii-metodom-beso.md:body,Майк,"Топологической оптимизации методом BESO


 




BESO (Bi-directional Evolutionary Structural Optimiz",Майка | Майке | Майки | Майку | Майкл,LOW,SPELLING
2021-06-01-topologicheskoy-optimizatsii-metodom-beso.md:body,Новожилов,"Топологической оптимизации методом BESO


 




BESO (Bi-directional Evolutionary Structural Optimiz",Новоселов | Новосел | Новоселом,LOW,SPELLING
2021-06-02-uchet-dempfirovaniya.md:body,счёт,"Учет демпфирования


 




Согласно большой советской энциклопедии, демпфирование колебаний - это ис",счет | сечь | чуть | сдуть,LOW,SPELLING
2021-06-04-siemens-pokupaet-nextflow-software.md:body,Новожилов,"Siemens покупает Nextflow Software


 




Siemens объявил о приобретении разработчика SPH кодов Nex",Новоселов | Новосел | Новоселом,LOW,SPELLING
2021-06-07-ceysmostoykoe-proektirovanie-v-ls-dyna.md:title,Cейсмостойкое,Cейсмостойкое проектирование в LS-DYNA,Сейсмостойкое | Сейсмостойкие | Сейсмостойкою | Сейсмостойкой | Сейсмостойком,LOW,SPELLING
2021-06-07-ceysmostoykoe-proektirovanie-v-ls-dyna.md:body,Cейсмостойкое,"Cейсмостойкое проектирование в LS-DYNA


 




Онлайн-школа сейсмостойкого проектирования была основ",Сейсмостойкое | Сейсмостойкие | Сейсмостойкою | Сейсмостойкой | Сейсмостойком,LOW,SPELLING
2021-06-07-ceysmostoykoe-proektirovanie-v-ls-dyna.md:body,Мариосом,"Cейсмостойкое проектирование в LS-DYNA


 




Онлайн-школа сейсмостойкого проектирования была основ",Макросом | Матросом | Маисом | Марсом | Марийском,LOW,SPELLING
2021-06-07-ceysmostoykoe-proektirovanie-v-ls-dyna.md:body,Панагиоту,"Cейсмостойкое проектирование в LS-DYNA


 




Онлайн-школа сейсмостойкого проектирования была основ",Панагия | Панагию | Панагии | Панагиею | Панагией,LOW,SPELLING
2021-06-11-ispolzovanie-modeli-nakopleniya-povrezhde.md:body,Файстер," 




Томас Файстер (Thomas Feister) из EWI очень хорошо и понятно рассказывает про одну из самых пе",Мастер | Растер | Мастера | Мастере | Мастеру,LOW,SPELLING
2021-06-11-ispolzovanie-modeli-nakopleniya-povrezhde.md:body,загрублении," 




Томас Файстер (Thomas Feister) из EWI очень хорошо и понятно рассказывает про одну из самых пе",заглублении | огрублении | награблении | заглублению | заглубление,LOW,SPELLING
2021-06-15-osnovy-modelirovaniya-razrusheniya-material.md:body,Накаджимы," 




Неплохая обзорная лекция от Design Online Academy по тому, на что смотреть при моделировании т",Накажи | Накажите,LOW,SPELLING
2021-06-16-deflagratsionno-detonatsionnyy-perehod.md:body,Ливермора,"Дефлаграционно-детонационный переход


 




Математическое моделирование эксперимента, проведенного",Ливер мора | Ливер-мора,LOW,SPELLING
2021-06-17-polnomasshtabnoe-modelirovanie-i-proverka.md:body,из-за,Публикация по итогам кандидатской работы из Швеции. Коллеги смоделировали износ ковша горной канатно,изба | извоза | изюма | из | низа,LOW,SPELLING
2021-06-21-meshgems-stali-chastyu-dassault.md:body,лицензировала,"MeshGems стали частью Dassault

Мало кто знает, но до недавнего времени была на рынке CAE одна небол",лицензирована | лицензирован | лицензировано | лицензированы | рецензировала,LOW,SPELLING
2021-06-21-meshgems-stali-chastyu-dassault.md:body,чем-то,"MeshGems стали частью Dassault

Мало кто знает, но до недавнего времени была на рынке CAE одна небол",четно | четою | четой | четок | чебот,LOW,SPELLING
2021-06-25-sph-dlya-fsi.md:body,Мубин,"SPH для FSI


 




Профессор Мубин Лю (Moubin LIU) рассказывает о гидродинамике сглаженных частиц (",Дубин | Муцин | Рубин,LOW,SPELLING
2021-06-25-sph-dlya-fsi.md:body,лагранжев,"SPH для FSI


 




Профессор Мубин Лю (Moubin LIU) рассказывает о гидродинамике сглаженных частиц (",Лагранже | Лагранжем | Лагранж,LOW,SPELLING
2021-06-25-sph-dlya-fsi.md:body,бессеточный,"SPH для FSI


 




Профессор Мубин Лю (Moubin LIU) рассказывает о гидродинамике сглаженных частиц (",бессточный | бес сеточный | бес-сеточный | беседочный | бессрочный,LOW,SPELLING
2021-06-25-sph-dlya-fsi.md:body,Мубин,"SPH для FSI


 




Профессор Мубин Лю (Moubin LIU) рассказывает о гидродинамике сглаженных частиц (",Дубин | Муцин | Рубин,LOW,SPELLING
2021-06-25-sph-dlya-fsi.md:body,Новожилов,"SPH для FSI


 




Профессор Мубин Лю (Moubin LIU) рассказывает о гидродинамике сглаженных частиц (",Новоселов | Новосел | Новоселом,LOW,SPELLING
2021-06-29-quadmeshcloud.md:body,Новожилов,"quadmesh.cloud





Еще одна публикация от команды, создавшей сеточный генератор LoopyCuts. На этот ",Новоселов | Новосел | Новоселом,LOW,SPELLING
2021-07-02-ballisticheskiy-analiz-vystrela-v-dzhona-f.md:body,по-прежнему,"Кеннеди в LS-DYNA





Спустя почти 60 лет после убийства Джона Ф. Кеннеди в 1963 году большинство а",прежнему | порожнему | прежний | порожний,LOW,SPELLING
2021-07-05-ke-modelirovanie-sars-cov-2-v-ansys-mech.md:body,Что-то,"КЭ моделирование SARS-CoV-2 в ANSYS Mechanical





Сегодня у нас очень странная научная статья от к",Ото | Тот | Что | Фото | Лото,LOW,SPELLING
2021-07-05-ke-modelirovanie-sars-cov-2-v-ansys-mech.md:body,что-то,"КЭ моделирование SARS-CoV-2 в ANSYS Mechanical





Сегодня у нас очень странная научная статья от к",ото | тот | что | фото | лото,LOW,SPELLING
2021-07-05-ke-modelirovanie-sars-cov-2-v-ansys-mech.md:body,зачем-то,"КЭ моделирование SARS-CoV-2 в ANSYS Mechanical





Сегодня у нас очень странная научная статья от к",зачеток | зачетом | зачетов | зачем | зачет,LOW,SPELLING
2021-07-20-kakim-nasa-videl-cfd-v-1989.md:body,суперкомпьютеры,"Каким NASA видел CFD в 1989


 




Я на этом видео разглядел суперкомпьютеры Cray. А вы смогли увид",супер компьютеры | супер-компьютеры,LOW,SPELLING
2021-07-20-kakim-nasa-videl-cfd-v-1989.md:body,какой-то,"Каким NASA видел CFD в 1989


 




Я на этом видео разглядел суперкомпьютеры Cray. А вы смогли увид",какой | какого | каково | каковой | какова,LOW,SPELLING
2021-08-16-plany-razvitiya-ls-dyna.md:body,Алекса,"Планы развития LS-DYNA


 
Запись доклада Алекса Петта (Alex Pett), главного по продуктам LS-DYNA и ",Апекса | Леска | Латекса | Аленка | Алешка,LOW,SPELLING
2021-08-16-plany-razvitiya-ls-dyna.md:body,Петта,"Планы развития LS-DYNA


 
Запись доклада Алекса Петта (Alex Pett), главного по продуктам LS-DYNA и ",Петита | Петра | Бета,LOW,SPELLING
2021-08-16-plany-razvitiya-ls-dyna.md:body,детом,"Планы развития LS-DYNA


 
Запись доклада Алекса Петта (Alex Pett), главного по продуктам LS-DYNA и ",детдом | одетом | вдетом | дедом | делом,LOW,SPELLING
2021-08-16-plany-razvitiya-ls-dyna.md:body,Новожилов,"Планы развития LS-DYNA


 
Запись доклада Алекса Петта (Alex Pett), главного по продуктам LS-DYNA и ",Новоселов | Новосел | Новоселом,LOW,SPELLING
2021-08-17-mathtype.md:body,когда-то,"MathType

Был когда-то во времена до 2000 года такой движок написания уравнений и формул в Word - Ma",когда | богато | рогато | космато | поддато,LOW,SPELLING
2021-08-17-mathtype.md:body,переделами,"MathType

Был когда-то во времена до 2000 года такой движок написания уравнений и формул в Word - Ma",переделками | пределами | переделали | перепелами | пере делами,LOW,SPELLING
2021-08-20-ischem-vyhod-iz-labirinta-bez-ii.md:body,Джереми,"Ищем выход из лабиринта без ИИ

Отличное решение без всякого модного ИИ предлагает Джереми Теллер (J",Джерси | Дверьми | Дерма | Дрема | Дереза,LOW,SPELLING
2021-08-20-ischem-vyhod-iz-labirinta-bez-ii.md:body,Теллер,"Ищем выход из лабиринта без ИИ

Отличное решение без всякого модного ИИ предлагает Джереми Теллер (J",Теллур | Теллуре | Телегр | Теллура | Теллуру,LOW,SPELLING
2021-08-20-ischem-vyhod-iz-labirinta-bez-ii.md:body,Неймана,"Ищем выход из лабиринта без ИИ

Отличное решение без всякого модного ИИ предлагает Джереми Теллер (J",Немана | Неман | Фейнмана | Немала | Неумна,LOW,SPELLING
2021-08-20-ischem-vyhod-iz-labirinta-bez-ii.md:body,Новожилов,"Ищем выход из лабиринта без ИИ

Отличное решение без всякого модного ИИ предлагает Джереми Теллер (J",Новоселов | Новосел | Новоселом,LOW,SPELLING
2021-08-23-modelirovanie-degradatsii-litievyh-akkumu.md:title,аккумулаторов,Моделирование деградации литиевых аккумулаторов при механических повреждениях,аккумуляторов | аккумулятор | аккумулятором,LOW,SPELLING
2021-08-24-skripty-v-ansys-mechanical-na-python.md:body,запилил,"Скрипты в Ansys Mechanical на Python

LEAP уже запилил запись своего двухдневного учебного курса по ",зашпилил | запили | напилил | запалил | запулил,LOW,SPELLING
2021-08-24-skripty-v-ansys-mechanical-na-python.md:body,скриптовке,"Скрипты в Ansys Mechanical на Python

LEAP уже запилил запись своего двухдневного учебного курса по ",скрипочке | скрипочка | скрипочек | скрипочки | скрипочку,LOW,SPELLING
2021-08-24-skripty-v-ansys-mechanical-na-python.md:body,медиа,"Скрипты в Ansys Mechanical на Python

LEAP уже запилил запись своего двухдневного учебного курса по ",медиан | медика | Медина | меда | меди,LOW,SPELLING
2021-08-24-skripty-v-ansys-mechanical-na-python.md:body,Новожилов,"Скрипты в Ansys Mechanical на Python

LEAP уже запилил запись своего двухдневного учебного курса по ",Новоселов | Новосел | Новоселом,LOW,SPELLING
2021-08-26-raschet-fazovyh-prevrascheniy-zhelezo-uglero.md:body,переделы," 




DYNAmore рассказывает как работать моделями материалов *MAT_UHS_STEEL/*MAT_244 и *MAT_GENERALI",передел | пределы | передела | переделе | переделу,LOW,SPELLING
2021-08-27-samyy-pervyy-raschet-udara-samoleta-v-ase.md:body,изопараметрических,"Самый первый расчет удара самолета в АСЭ





Сегодня днем я нашел совершенно чудесный артефакт древ",изо параметрических | изо-параметрических,LOW,SPELLING
2021-08-27-samyy-pervyy-raschet-udara-samoleta-v-ase.md:body,Риера,"Самый первый расчет удара самолета в АСЭ





Сегодня днем я нашел совершенно чудесный артефакт древ",Триера | Ребра | Ера | Гримера | Примера,LOW,SPELLING
2021-08-30-obor-novogo-v-ansys-cfd-2021-r2.md:title,Обор,Обор нового в Ansys CFD 2021 R2,Обжор | Обзор | Отбор | Бор | Обо,LOW,SPELLING
2021-08-30-obor-novogo-v-ansys-cfd-2021-r2.md:body,Обор,"Обор нового в Ansys CFD 2021 R2


 




Коллеги из Австралии подготовили три серии про CFD возможнос",Обжор | Обзор | Отбор | Бор | Обо,LOW,SPELLING
2021-08-30-obor-novogo-v-ansys-cfd-2021-r2.md:body,Новожилов,"Обор нового в Ansys CFD 2021 R2


 




Коллеги из Австралии подготовили три серии про CFD возможнос",Новоселов | Новосел | Новоселом,LOW,SPELLING
2021-09-01-insta-inzhenera.md:title,Инста,Инста инженера,Инст | Инта | Инистый | Истый,LOW,SPELLING
2021-09-01-insta-inzhenera.md:body,Инста,"Инста инженера





Рекомендую всем ознакомится с социальными сетями Юрия Коваленко, который делает ",Инст | Инта | Инистый | Истый,LOW,SPELLING
2021-09-01-insta-inzhenera.md:body,Коваленко,"Инста инженера





Рекомендую всем ознакомится с социальными сетями Юрия Коваленко, который делает ",Ковалентно | Повалено | Коленка | Наковаленка | Кобыленка,LOW,SPELLING
2021-09-01-insta-inzhenera.md:body,Новожилов,"Инста инженера





Рекомендую всем ознакомится с социальными сетями Юрия Коваленко, который делает ",Новоселов | Новосел | Новоселом,LOW,SPELLING
2021-09-03-nasa-technical-memorandum-astronautic-s.md:body,общи,"NASA TECHNICAL MEMORANDUM: ASTRONAUTIC STRUCTURES MANUAL

Представьте, что вы в космосе, под рукой н",обыщи | общие | общих | общий | общим,LOW,SPELLING
2021-09-03-nasa-technical-memorandum-astronautic-s.md:body,Новожилов,"NASA TECHNICAL MEMORANDUM: ASTRONAUTIC STRUCTURES MANUAL

Представьте, что вы в космосе, под рукой н",Новоселов | Новосел | Новоселом,LOW,SPELLING
2021-09-06-novye-dem-podhody-k-modelirovanyu-hrupkog.md:title,моделированю,Новые DEM подходы к моделированю хрупкого разрушения трещеноватых материалов,моделированию | моделирован | моделирована | моделировано | моделированы,LOW,SPELLING
2021-09-06-novye-dem-podhody-k-modelirovanyu-hrupkog.md:title,трещеноватых,Новые DEM подходы к моделированю хрупкого разрушения трещеноватых материалов,трещиноватых | трещиноваты | трещиноватые | трещиноватый | трещиноватым,LOW,SPELLING
2021-09-06-novye-dem-podhody-k-modelirovanyu-hrupkog.md:body,Во-первых,"Используя математическое моделирование, можно получить представление о процессе разрушения хрупких н",Первых | Оперных | Опертых | Волевых | Впертых,LOW,SPELLING
2021-09-06-novye-dem-podhody-k-modelirovanyu-hrupkog.md:body,Во-вторых,"Используя математическое моделирование, можно получить представление о процессе разрушения хрупких н",Повторных | Которых | Повторный | Который,LOW,SPELLING
2021-09-06-novye-dem-podhody-k-modelirovanyu-hrupkog.md:body,прочностей,"Используя математическое моделирование, можно получить представление о процессе разрушения хрупких н",прочностной | прочности | прочность | пряностей | пучностей,LOW,SPELLING
2021-09-13-zadacha-kirsha-v-code-aster.md:title,Кирша,Задача Кирша в Code_Aster,Киша | Кирка | Аир,LOW,SPELLING
2021-09-13-zadacha-kirsha-v-code-aster.md:body,Кирша,"Задача Кирша в Code_Aster


 




Code_Aster проверенный годам и уважаемый код для прочностных расче",Киша | Кирка | Аир,LOW,SPELLING
2021-09-14-ntopology-education.md:body,из-за,"nTopology Education

nTopology - довольно известная специализированная система проектирования издели",изба | извоза | изюма | из | низа,LOW,SPELLING
2021-09-14-ntopology-education.md:body,что-то,"nTopology Education

nTopology - довольно известная специализированная система проектирования издели",ото | тот | что | фото | лото,LOW,SPELLING
2021-09-14-ntopology-education.md:body,пенообразное,"nTopology Education

nTopology - довольно известная специализированная система проектирования издели",лентообразное | пеплообразное | первообразное | лунообразное | несообразное,LOW,SPELLING
2021-09-16-metod-svyazannyh-chastits-v-mehanike-gornyh.md:body,Дэвида,"Метод связанных частиц в механике горных пород


 




Вебинар доктора Дэвида Потионди (Dr. David Po",Давида | Вида | Твида | Эгида | Давид,LOW,SPELLING
2021-09-16-metod-svyazannyh-chastits-v-mehanike-gornyh.md:body,Потионди,"Метод связанных частиц в механике горных пород


 




Вебинар доктора Дэвида Потионди (Dr. David Po",Потони | Ротонда | Потонуть,LOW,SPELLING
2021-09-16-metod-svyazannyh-chastits-v-mehanike-gornyh.md:body,многомасштабной,"Метод связанных частиц в механике горных пород


 




Вебинар доктора Дэвида Потионди (Dr. David Po",много масштабной | много-масштабной,LOW,SPELLING
2021-09-16-metod-svyazannyh-chastits-v-mehanike-gornyh.md:body,Твенте,"Метод связанных частиц в механике горных пород


 




Вебинар доктора Дэвида Потионди (Dr. David Po",Тенте | Тенет | Тент | Тете | Вене,LOW,SPELLING
2021-09-16-metod-svyazannyh-chastits-v-mehanike-gornyh.md:body,Энсхеде,"Метод связанных частиц в механике горных пород


 




Вебинар доктора Дэвида Потионди (Dr. David Po",Эрстеде | Эрстед | Эрстеда | Эрстеду | Эрстеды,LOW,SPELLING
2021-09-17-hexgen-i-hex2spline-allhex-i-iga-setki.md:body,контент,"HexGen и Hex2Spline: ALLHEX и IGA сетки для LS-DYNA

Коллеги, на мой взгляд, сегодня просто огненный",конвент | кон тент | кон-тент | континент | констант,LOW,SPELLING
2021-09-17-hexgen-i-hex2spline-allhex-i-iga-setki.md:body,Юнцзе,"HexGen и Hex2Spline: ALLHEX и IGA сетки для LS-DYNA

Коллеги, на мой взгляд, сегодня просто огненный",Юнце | Юнице | Юзе | Юнца | Юнцу,LOW,SPELLING
2021-09-17-hexgen-i-hex2spline-allhex-i-iga-setki.md:body,Джессики,"HexGen и Hex2Spline: ALLHEX и IGA сетки для LS-DYNA

Коллеги, на мой взгляд, сегодня просто огненный",Джерси,HIGH,SPELLING
2021-09-17-hexgen-i-hex2spline-allhex-i-iga-setki.md:body,Чжан,"HexGen и Hex2Spline: ALLHEX и IGA сетки для LS-DYNA

Коллеги, на мой взгляд, сегодня просто огненный",Чужан | Чан | Жан | Южан | Чужанин,LOW,SPELLING
2021-09-17-hexgen-i-hex2spline-allhex-i-iga-setki.md:body,поликуба,"HexGen и Hex2Spline: ALLHEX и IGA сетки для LS-DYNA

Коллеги, на мой взгляд, сегодня просто огненный",политура | поелику | политуре | политуру | политуры,LOW,SPELLING
2021-09-17-hexgen-i-hex2spline-allhex-i-iga-setki.md:body,репозитории,"HexGen и Hex2Spline: ALLHEX и IGA сетки для LS-DYNA

Коллеги, на мой взгляд, сегодня просто огненный",депозитарии | депозитарий | депозитарию | депозитария,LOW,SPELLING
2021-09-17-hexgen-i-hex2spline-allhex-i-iga-setki.md:body,бинарники,"HexGen и Hex2Spline: ALLHEX и IGA сетки для LS-DYNA

Коллеги, на мой взгляд, сегодня просто огненный",свинарники | бананники | бинарными | свинарник | бананник,LOW,SPELLING
2021-09-17-hexgen-i-hex2spline-allhex-i-iga-setki.md:body,пересборке,"HexGen и Hex2Spline: ALLHEX и IGA сетки для LS-DYNA

Коллеги, на мой взгляд, сегодня просто огненный",переборке | пере сборке | пере-сборке | переборе | переборка,LOW,SPELLING
2021-09-17-hexgen-i-hex2spline-allhex-i-iga-setki.md:body,репозитории,"HexGen и Hex2Spline: ALLHEX и IGA сетки для LS-DYNA

Коллеги, на мой взгляд, сегодня просто огненный",депозитарии | депозитарий | депозитарию | депозитария,LOW,SPELLING
2021-09-17-hexgen-i-hex2spline-allhex-i-iga-setki.md:body,софта,"HexGen и Hex2Spline: ALLHEX и IGA сетки для LS-DYNA

Коллеги, на мой взгляд, сегодня просто огненный",софита | софа | кофта | сорта | соф та,LOW,SPELLING
2021-09-17-hexgen-i-hex2spline-allhex-i-iga-setki.md:body,Джессики,"HexGen и Hex2Spline: ALLHEX и IGA сетки для LS-DYNA

Коллеги, на мой взгляд, сегодня просто огненный",Джерси,HIGH,SPELLING
2021-09-17-hexgen-i-hex2spline-allhex-i-iga-setki.md:body,Чжан,"HexGen и Hex2Spline: ALLHEX и IGA сетки для LS-DYNA

Коллеги, на мой взгляд, сегодня просто огненный",Чужан | Чан | Жан | Южан | Чужанин,LOW,SPELLING
2021-09-20-skoro-rasskazhu-pro-ls-dyna-r13.md:body,многомасштабное,"Скоро расскажу про LS-DYNA R13

Коллеги, прошу вас зарезервировать час своего времени на этой неделе",много масштабное | много-масштабное,LOW,SPELLING
2021-09-20-skoro-rasskazhu-pro-ls-dyna-r13.md:body,чате,"Скоро расскажу про LS-DYNA R13

Коллеги, прошу вас зарезервировать час своего времени на этой неделе",чает | чаете | чае | бате | дате,LOW,SPELLING
2021-09-21-modelirovanie-detonatsii-vv.md:body,расказывают,"Моделирование детонации ВВ

Ozen Engineering расказывают, как промоделировать детонацию в Ansys Auto",рассказывают | раскалывают | раскапывают | раскатывают | рассказывать,LOW,SPELLING
2021-09-21-modelirovanie-detonatsii-vv.md:body,эйлеровой,"Моделирование детонации ВВ

Ozen Engineering расказывают, как промоделировать детонацию в Ansys Auto",флеровой | флеровый | Эйлер | элерон,LOW,SPELLING
2021-09-22-lektsiya-po-iga-ot-tomasa-hyuza.md:title,Хьюза,Лекция по IGA от Томаса Хьюза,Юза | Дюза | Блюза | Союза | Вьюга,LOW,SPELLING
2021-09-22-lektsiya-po-iga-ot-tomasa-hyuza.md:body,Хьюза,"Лекция по IGA от Томаса Хьюза

Томас Дж. Р. Хьюз, является ведущим исследователем в области автомати",Юза | Дюза | Блюза | Союза | Вьюга,LOW,SPELLING
2021-09-22-lektsiya-po-iga-ot-tomasa-hyuza.md:body,Хьюз,"Лекция по IGA от Томаса Хьюза

Томас Дж. Р. Хьюз, является ведущим исследователем в области автомати",Юз | Дюз | Хоз | Хрю | Нью,LOW,SPELLING
2021-09-22-lektsiya-po-iga-ot-tomasa-hyuza.md:body,изогеметрического,"Лекция по IGA от Томаса Хьюза

Томас Дж. Р. Хьюз, является ведущим исследователем в области автомати",изометрического | изометрический | изометрическою | изометрическое | изометрической,LOW,SPELLING
2021-09-22-lektsiya-po-iga-ot-tomasa-hyuza.md:body,бессеточные,"Лекция по IGA от Томаса Хьюза

Томас Дж. Р. Хьюз, является ведущим исследователем в области автомати",бессточные | бес сеточные | бес-сеточные | беседочные | бессрочные,LOW,SPELLING
2021-09-22-lektsiya-po-iga-ot-tomasa-hyuza.md:body,Хьюза,"Лекция по IGA от Томаса Хьюза

Томас Дж. Р. Хьюз, является ведущим исследователем в области автомати",Юза | Дюза | Блюза | Союза | Вьюга,LOW,SPELLING
2021-09-23-sravnenie-raboty-kodov-modelirovaniya-det.md:body,когда-то,"Сравнение работы кодов моделирования детонации ВВ

Разработчики blastFoam, открытого CFD кода на баз",когда | богато | рогато | космато | поддато,LOW,SPELLING
2021-09-23-sravnenie-raboty-kodov-modelirovaniya-det.md:body,поглощённой,"Сравнение работы кодов моделирования детонации ВВ

Разработчики blastFoam, открытого CFD кода на баз",поглощенной | поглощенною | поглощенное | поглощенном | поглощенный,LOW,SPELLING
2021-09-23-sravnenie-raboty-kodov-modelirovaniya-det.md:body,поглощённой,"Сравнение работы кодов моделирования детонации ВВ

Разработчики blastFoam, открытого CFD кода на баз",поглощенной | поглощенною | поглощенное | поглощенном | поглощенный,LOW,SPELLING
2021-09-23-sravnenie-raboty-kodov-modelirovaniya-det.md:body,высоконелинейных,"Сравнение работы кодов моделирования детонации ВВ

Разработчики blastFoam, открытого CFD кода на баз",высоко нелинейных | высоко-нелинейных,LOW,SPELLING
2021-09-23-sravnenie-raboty-kodov-modelirovaniya-det.md:body,полуоткрытьй,"Сравнение работы кодов моделирования детонации ВВ

Разработчики blastFoam, открытого CFD кода на баз",полуоткрыть | полуоткрытой | полуоткрытый,LOW,SPELLING
2021-09-23-sravnenie-raboty-kodov-modelirovaniya-det.md:body,Сандийских,"Сравнение работы кодов моделирования детонации ВВ

Разработчики blastFoam, открытого CFD кода на баз",Индийских | Руандийских | Угандийских | Бандитских | Мансийских,LOW,SPELLING
2021-09-23-sravnenie-raboty-kodov-modelirovaniya-det.md:body,какие-то,"Сравнение работы кодов моделирования детонации ВВ

Разработчики blastFoam, открытого CFD кода на баз",карета | ракета | ракита | кассета | калиевый,LOW,SPELLING
2021-09-23-sravnenie-raboty-kodov-modelirovaniya-det.md:body,кто-то,"Сравнение работы кодов моделирования детонации ВВ

Разработчики blastFoam, открытого CFD кода на баз",Киото | котом | котов | кот | кто,LOW,SPELLING
2021-09-24-polyubit-matematicheskuyu-fiziku.md:body,Гилбертом,"Полюбить математическую физику

Я хочу признаться в страшном: я не очень люблю математическую физику",Гильбертом | Гильберт | Гильбертова,LOW,SPELLING
2021-09-24-polyubit-matematicheskuyu-fiziku.md:body,Стрэнгом,"Полюбить математическую физику

Я хочу признаться в страшном: я не очень люблю математическую физику",Строгом | Стругом | Странном | Струнном | Стриг,LOW,SPELLING
2021-09-24-polyubit-matematicheskuyu-fiziku.md:body,Кливом,"Полюбить математическую физику

Я хочу признаться в страшном: я не очень люблю математическую физику",Клювом | Клевом | Клином | Клипом | Клиром,LOW,SPELLING
2021-09-24-polyubit-matematicheskuyu-fiziku.md:body,Молером,"Полюбить математическую физику

Я хочу признаться в страшном: я не очень люблю математическую физику",Колером | Мохером | Моленом | Молевом | Мол ером,LOW,SPELLING
2021-09-24-polyubit-matematicheskuyu-fiziku.md:body,Гилберт,"Полюбить математическую физику

Я хочу признаться в страшном: я не очень люблю математическую физику",Гильберт | Гильберта | Гильберте | Гильберту,LOW,SPELLING
2021-09-24-polyubit-matematicheskuyu-fiziku.md:body,Стрэнг,"Полюбить математическую физику

Я хочу признаться в страшном: я не очень люблю математическую физику",Стран | Стриг | Строг | Струг | Струн,LOW,SPELLING
2021-09-24-polyubit-matematicheskuyu-fiziku.md:body,Гилберт,"Полюбить математическую физику

Я хочу признаться в страшном: я не очень люблю математическую физику",Гильберт | Гильберта | Гильберте | Гильберту,LOW,SPELLING
2021-09-24-polyubit-matematicheskuyu-fiziku.md:body,Стрэнг,"Полюбить математическую физику

Я хочу признаться в страшном: я не очень люблю математическую физику",Стран | Стриг | Строг | Струг | Струн,LOW,SPELLING
2021-09-24-polyubit-matematicheskuyu-fiziku.md:body,Гилберт,"Полюбить математическую физику

Я хочу признаться в страшном: я не очень люблю математическую физику",Гильберт | Гильберта | Гильберте | Гильберту,LOW,SPELLING
2021-09-24-polyubit-matematicheskuyu-fiziku.md:body,Стрэнг,"Полюбить математическую физику

Я хочу признаться в страшном: я не очень люблю математическую физику",Стран | Стриг | Строг | Струг | Струн,LOW,SPELLING
2021-09-24-polyubit-matematicheskuyu-fiziku.md:body,Гил,"Полюбить математическую физику

Я хочу признаться в страшном: я не очень люблю математическую физику",Игл | Гнил | Гл | Ил | Бил,LOW,SPELLING
2021-09-24-polyubit-matematicheskuyu-fiziku.md:body,Стрэнг,"Полюбить математическую физику

Я хочу признаться в страшном: я не очень люблю математическую физику",Стран | Стриг | Строг | Струг | Струн,LOW,SPELLING
2021-09-24-polyubit-matematicheskuyu-fiziku.md:body,плейлист,"Полюбить математическую физику

Я хочу признаться в страшном: я не очень люблю математическую физику",плечист | флейтист | петлистый | плечистый,LOW,SPELLING
2021-09-24-polyubit-matematicheskuyu-fiziku.md:body,клоны,"Полюбить математическую физику

Я хочу признаться в страшном: я не очень люблю математическую физику",клоуны | кулоны | клон | коны | склоны,LOW,SPELLING
2021-09-27-teorii-razrusheniya.md:body,Ранкина,"Теории разрушения


 




Теории разрушения используются для прогнозирования того, когда материал ра",Нанкина | Ранки на | Ранки-на | Равнина | Рванина,LOW,SPELLING
2021-09-27-teorii-razrusheniya.md:body,Мизеса,"Теории разрушения


 




Теории разрушения используются для прогнозирования того, когда материал ра",Мизера | Бизнеса | Мизерна | Мизер | Мазера,LOW,SPELLING
2021-09-27-teorii-razrusheniya.md:body,Мизеса,"Теории разрушения


 




Теории разрушения используются для прогнозирования того, когда материал ра",Мизера | Бизнеса | Мизерна | Мизер | Мазера,LOW,SPELLING
2021-09-30-directfem.md:body,бессеточным,"DirectFEM

DirectFEM - это новый продукт для решения задач механики. Основная используемая в нем тех",бессточным | бес сеточным | бес-сеточным | бессточными | беседочным,LOW,SPELLING
2021-09-30-directfem.md:body,из-за,"DirectFEM

DirectFEM - это новый продукт для решения задач механики. Основная используемая в нем тех",изба | извоза | изюма | из | низа,LOW,SPELLING
2021-09-30-directfem.md:body,все-таки,"DirectFEM

DirectFEM - это новый продукт для решения задач механики. Основная используемая в нем тех",весталки | Светки | вставки | сетки | светски,LOW,SPELLING
2021-10-01-voda-v-meshke.md:body,вто,"Вода в мешке


 




Неплохой заход про жидкость для решателя твердотельной кинематики, коим RecurDy",вот | вето | то | во | Вт,LOW,SPELLING
2021-10-01-voda-v-meshke.md:body,физично,"Вода в мешке


 




Неплохой заход про жидкость для решателя твердотельной кинематики, коим RecurDy",физичкою | физичкой | физико | цинично | физичек,LOW,SPELLING
2021-10-05-arhivnoe-video-k-25-letiyu-fortran.md:title,летию,Архивное видео к 25 летию FORTRAN,лети | летаю | летим | летит | литию,LOW,SPELLING
2021-10-05-arhivnoe-video-k-25-letiyu-fortran.md:body,летию,"Архивное видео к 25 летию FORTRAN


 




Подумать только: в 1982 году он уже был старый, но и сейча",лети | летаю | летим | летит | литию,LOW,SPELLING
2021-10-05-arhivnoe-video-k-25-letiyu-fortran.md:body,25th,"Архивное видео к 25 летию FORTRAN


 




Подумать только: в 1982 году он уже был старый, но и сейча",а | и | к | о | я,LOW,SPELLING
2021-10-08-mfront-instrument-generatsii-koda-cae-m.md:body,какой-то,"MFront - инструмент генерации кода CAE моделей материала

MFront очень любопытный открытый продукт, ",какой | какого | каково | каковой | какова,LOW,SPELLING
2021-10-08-mfront-instrument-generatsii-koda-cae-m.md:body,винтажных,"MFront - инструмент генерации кода CAE моделей материала

MFront очень любопытный открытый продукт, ",витражных | ватажных | виражных | авантажных | монтажных,LOW,SPELLING
2021-10-11-propomax.md:body,пре-пост,"ProPoMax





ProPoMax - это открытый пре-пост для открытого же FEM кода CalculiX. Для настолько отк",крепости | крепость | прелости | прелость | предст,LOW,SPELLING
2021-10-12-uchetnoe-video-goroobrazovanie-na-6-ti-g.md:title,гранной,Учетное видео: горообразование на 6-ти гранной трубе,граненой | игранной | бранной | гранкой | кранной,LOW,SPELLING
2021-10-12-uchetnoe-video-goroobrazovanie-na-6-ti-g.md:body,гранной,"Учетное видео: горообразование на 6-ти гранной трубе


 




 
 

Dynamic Crushing of a Honeycomb Ce",граненой | игранной | бранной | гранкой | кранной,LOW,SPELLING
2021-10-13-vozmozhnosti-reshateley-ansys-v-oblasti-te.md:body,почему-то,"Возможности решателей Ansys в области теории разрушения

Коллеги, почему-то даже у меня, когда речь ",почему | почемучка | почесуха,LOW,SPELLING
2021-10-21-obzor-novyh-vozmozhnostey-ansys-meshing-2.md:title,2021R2,Обзор новых возможностей Ansys Meshing 2021R2,А | И | К | О | Я,LOW,SPELLING
2021-10-21-obzor-novyh-vozmozhnostey-ansys-meshing-2.md:body,2021R2,"Обзор новых возможностей Ansys Meshing 2021R2


 





 





 









 


   
 

Ansys 2021 R2 St",А | И | К | О | Я,LOW,SPELLING
2021-10-27-kak-pisat-polzovatelskie-modeli-mater.md:body,почему-то,"Как писать пользовательские модели материалов под LS-DYNA





Допустим, вам почему-то не хватило не",почему | почемучка | почесуха,LOW,SPELLING
2021-10-27-kak-pisat-polzovatelskie-modeli-mater.md:body,репозитория,"Как писать пользовательские модели материалов под LS-DYNA





Допустим, вам почему-то не хватило не",депозитария | депозитарий | депозитариях | депозитариям | депозитарию,LOW,SPELLING
2021-10-29-matfizika-ot-karla-bender.md:title,Матфизика,Матфизика от Карла Бендер,Мат физика | Мат-физика | Метафизика | Метафизик,LOW,SPELLING
2021-10-29-matfizika-ot-karla-bender.md:title,Бендер,Матфизика от Карла Бендер,Бедер | Тендер | Бандур,LOW,SPELLING
2021-10-29-matfizika-ot-karla-bender.md:body,Матфизика,"Матфизика от Карла Бендер


 




Сегодня у нас есть возможность побывать на лекции профессора Карла",Мат физика | Мат-физика | Метафизика | Метафизик,LOW,SPELLING
2021-10-29-matfizika-ot-karla-bender.md:body,Бендер,"Матфизика от Карла Бендер


 




Сегодня у нас есть возможность побывать на лекции профессора Карла",Бедер | Тендер | Бандур,LOW,SPELLING
2021-10-29-matfizika-ot-karla-bender.md:body,Бендер,"Матфизика от Карла Бендер


 




Сегодня у нас есть возможность побывать на лекции профессора Карла",Бедер | Тендер | Бандур,LOW,SPELLING
2021-10-29-matfizika-ot-karla-bender.md:body,Энн,"Матфизика от Карла Бендер


 




Сегодня у нас есть возможность побывать на лекции профессора Карла",Энд | Анн | Инн,LOW,SPELLING
2021-10-29-matfizika-ot-karla-bender.md:body,Коннекер,"Матфизика от Карла Бендер


 




Сегодня у нас есть возможность побывать на лекции профессора Карла",Коннектор | Конвейер | Коннекторе | Коннектора | Коннектору,LOW,SPELLING
2021-11-02-rabota-mke-i-metoda-galerkina.md:title,Галеркина,Работа МКЭ и метода Галеркина,Галерки на | Галерки-на | Галерка | Галерки | Балерина,LOW,SPELLING
2021-11-02-rabota-mke-i-metoda-galerkina.md:body,Галеркина,"Работа МКЭ и метода Галеркина


 




Достаточно толковое объяснение того как работает традиционный ",Галерки на | Галерки-на | Галерка | Галерки | Балерина,LOW,SPELLING
2021-11-02-rabota-mke-i-metoda-galerkina.md:body,Галеркина,"Работа МКЭ и метода Галеркина


 




Достаточно толковое объяснение того как работает традиционный ",Галерки на | Галерки-на | Галерка | Галерки | Балерина,LOW,SPELLING
2021-11-03-vizualizatsiya-v-stile-shliren-metoda-i-ten.md:body,черно-белые,Есть много экспериментов в ходе которых необходима визуализация неоднородность в жидкости или газе. ,Чернобыле | чернотелке | Чернобыль | чернотелка,LOW,SPELLING
2021-11-03-vizualizatsiya-v-stile-shliren-metoda-i-ten.md:body,инструкию,Есть много экспериментов в ходе которых необходима визуализация неоднородность в жидкости или газе. ,инструкцию | инструкциею | инструкции | инструкций | инструкция,LOW,SPELLING
2021-11-08-vvedenie-v-vychislitelnuyu-gidrodinamiku.md:body,Пуллиам,"Введение в вычислительную гидродинамику - лекции NASA





Лекции читает Томас Пуллиам, Сектор вычис",Пулам | Муллам | Пулькам | Пульсам | Пультам,LOW,SPELLING
2021-11-08-vvedenie-v-vychislitelnuyu-gidrodinamiku.md:body,аэронаук,"Введение в вычислительную гидродинамику - лекции NASA





Лекции читает Томас Пуллиам, Сектор вычис",аэронавт | аэронавту | аэронавта | аэронавте | аэронавты,LOW,SPELLING
2021-11-08-vvedenie-v-vychislitelnuyu-gidrodinamiku.md:body,суперкомпьютеров,"Введение в вычислительную гидродинамику - лекции NASA





Лекции читает Томас Пуллиам, Сектор вычис",супер компьютеров | супер-компьютеров,LOW,SPELLING
2021-11-08-vvedenie-v-vychislitelnuyu-gidrodinamiku.md:body,Дэвид,"Введение в вычислительную гидродинамику - лекции NASA





Лекции читает Томас Пуллиам, Сектор вычис",Давид | Вид | Давида | Давиде | Давиду,LOW,SPELLING
2021-11-08-vvedenie-v-vychislitelnuyu-gidrodinamiku.md:body,Зингг,"Введение в вычислительную гидродинамику - лекции NASA





Лекции читает Томас Пуллиам, Сектор вычис",Зин | Пинг | Ринг | Зина | Зине,LOW,SPELLING
2021-11-09-peredvizhenie-po-volnam-i-prohozhdenie-vol.md:body,Кэмбриджа,"На открытых водоемах часто наблюдается, что утята/гусята следуют за своими матерями в высокоорганизо",Кембриджа | Кембридж | Кембридже | Кембриджу | Кембриджем,LOW,SPELLING
2021-11-10-polnostyu-nelineynyy-dinamicheskiy-raschet.md:body,Такатори," 




В качестве сейсмической нагрузки использована запись движения грунта в Такатори, землетрясение",Тараторил | Тараторим | Тараторит | Тараторки | Тараторить,LOW,SPELLING
2021-11-11-topologicheskaya-optimizatsiya-s-uchetom-aniz.md:body,стартап,"Anisoprint, люксембургский стартап в области композитной 3D-печати, и Additive Flow, британский разр",старта | стартах | стартам,LOW,SPELLING
2021-11-11-topologicheskaya-optimizatsiya-s-uchetom-aniz.md:body,3D-печати,"Anisoprint, люксембургский стартап в области композитной 3D-печати, и Additive Flow, британский разр",Печати | Печатки | Опечатки | Печали | Печать,LOW,SPELLING
2021-11-11-topologicheskaya-optimizatsiya-s-uchetom-aniz.md:body,слайсер,"Anisoprint, люксембургский стартап в области композитной 3D-печати, и Additive Flow, британский разр",лайнер | стайер | снайпер,LOW,SPELLING
2021-11-11-topologicheskaya-optimizatsiya-s-uchetom-aniz.md:body,анизотропность,"Anisoprint, люксембургский стартап в области композитной 3D-печати, и Additive Flow, британский разр",ан изотропность | ан-изотропность | изотропность | изотропностью | изотропности,LOW,SPELLING
2021-11-11-topologicheskaya-optimizatsiya-s-uchetom-aniz.md:body,Щебетову,"Anisoprint, люксембургский стартап в области композитной 3D-печати, и Additive Flow, британский разр",Щебету | Дебетовую | Щебетом | Щебет | Дебетовый,LOW,SPELLING
2021-11-12-zachem-ansys-prishel-k-modeli-turbulentnos.md:body,блоге,"Зачем Ansys пришел к модели турбулентности GEKO


 




Большая статья в блоге ""All About CFD..."" по",боге | логе | благе | блохе | блоке,LOW,SPELLING
2021-11-12-zachem-ansys-prishel-k-modeli-turbulentnos.md:body,Вилкокса,"Зачем Ansys пришел к модели турбулентности GEKO


 




Большая статья в блоге ""All About CFD..."" по",Вил кокса | Вил-кокса | Вилок | Вилковый | Вилка,LOW,SPELLING
2021-11-12-zachem-ansys-prishel-k-modeli-turbulentnos.md:body,приятого,"Зачем Ansys пришел к модели турбулентности GEKO


 




Большая статья в блоге ""All About CFD..."" по",примятого | принятого | приятного | приятный | примятый,LOW,SPELLING
2021-11-15-additivnyy-kubik-rubika.md:title,Рубика,Аддитивный кубик Рубика,Рублика | Рубрика | Рубчика | Рубка | Кубика,LOW,SPELLING
2021-11-15-additivnyy-kubik-rubika.md:body,Рубика,"Аддитивный кубик Рубика

Компания EOS Global, разработчик систем аддитивного производства, показала ",Рублика | Рубрика | Рубчика | Рубка | Кубика,LOW,SPELLING
2021-11-15-additivnyy-kubik-rubika.md:body,Рубика,"Аддитивный кубик Рубика

Компания EOS Global, разработчик систем аддитивного производства, показала ",Рублика | Рубрика | Рубчика | Рубка | Кубика,LOW,SPELLING
2021-11-16-novye-vozmozhnosti-sredy-workbench-ls-dyn.md:body,ремастер,"Новые возможности среды Workbench LS-DYNA 2021 R2


 




Наконец выложен ремастер моего вебинара по",ре мастер | ре-мастер | мастер | растер | ремонтер,LOW,SPELLING
2021-11-17-cht.md:body,эйлеровой,"CHT





CTH - это ""многофазный"" решатель для МКЭ в эйлеровой формулировке, разработанный в Сандийск",флеровой | флеровый | Эйлер | элерон,LOW,SPELLING
2021-11-17-cht.md:body,Сандийской,"CHT





CTH - это ""многофазный"" решатель для МКЭ в эйлеровой формулировке, разработанный в Сандийск",Индийской | Руандийской | Угандийской | Бандитской | Мансийской,LOW,SPELLING
2021-11-17-cht.md:body,Ли-Тарвер,"CHT





CTH - это ""многофазный"" решатель для МКЭ в эйлеровой формулировке, разработанный в Сандийск",Литавре | Литавр | Литавра,LOW,SPELLING
2021-11-17-cht.md:body,Сандии,"CHT





CTH - это ""многофазный"" решатель для МКЭ в эйлеровой формулировке, разработанный в Сандийск",Скандии | Саднили | Санидин | Сандвичи | Садики,LOW,SPELLING
2021-11-18-novye-vozmozhnosti-reshatelya-ls-dyna-r13.md:body,Ремастер,"Новые возможности решателя LS-DYNA R13 - часть первая


 




Ремастер первой части вебинара по 13-о",Ре мастер | Ре-мастер | Мастер | Растер | Ремонтер,LOW,SPELLING
2021-11-19-ansys-i-zvezdnye-voyny.md:title,звёздные,"Ansys и ""звёздные войны""",звездные | звездное | звездных | звездный | звездным,LOW,SPELLING
2021-11-19-ansys-i-zvezdnye-voyny.md:body,звёздные,"Ansys и ""звёздные войны""

15 ноября 2021 года спутник ""Космос 1408"" был уничтожен в ходе испытания р",звездные | звездное | звездных | звездный | звездным,LOW,SPELLING
2021-11-19-ansys-i-zvezdnye-voyny.md:body,пренадлежащего,"Ansys и ""звёздные войны""

15 ноября 2021 года спутник ""Космос 1408"" был уничтожен в ходе испытания р",принадлежащего | предлежащего | ненадлежащего | принадлежащий | предлежащий,LOW,SPELLING
2021-11-22-novye-vozmozhnosti-reshatelya-ls-dyna-r13.md:body,решателем,"Новые возможности решателя LS-DYNA R13: часть II

Коллеги, на этой неделе, в среду перед обедом я пр",вешателем | вешателе | предателем | вешатель | делателем,LOW,SPELLING
2021-11-22-novye-vozmozhnosti-reshatelya-ls-dyna-r13.md:body,что-то,"Новые возможности решателя LS-DYNA R13: часть II

Коллеги, на этой неделе, в среду перед обедом я пр",ото | тот | что | фото | лото,LOW,SPELLING
2021-11-23-ls-tasc-dlya-nelineynoy-topologicheskoy-op.md:body,что-то,"Мы все привыкли, что топологическая оптимизация aka генеративный дизайн, это что-то работающее с куч",ото | тот | что | фото | лото,LOW,SPELLING
2021-11-24-natsionalnaya-laboratoriya-lourensa-liverm.md:title,Ливермора,Национальная лаборатория Лоуренса Ливермора и атака астероидов!,Ливер мора | Ливер-мора,LOW,SPELLING
2021-11-24-natsionalnaya-laboratoriya-lourensa-liverm.md:body,Ливермора,Национальная лаборатория Лоуренса Ливермора (LLNL) принимает участие в первом в истории NASA испытан,Ливер мора | Ливер-мора,LOW,SPELLING
2021-11-24-natsionalnaya-laboratoriya-lourensa-liverm.md:body,бессеточный,Национальная лаборатория Лоуренса Ливермора (LLNL) принимает участие в первом в истории NASA испытан,бессточный | бес сеточный | бес-сеточный | беседочный | бессрочный,LOW,SPELLING
2021-11-25-neyavnaya-shtampovka-kartona-v-ansys-mechan.md:body,решетили,"Неявная штамповка картона в Ansys Mechanical





Традиционно, для решения задач штамповки использую",решет или | решет-или | решили | изрешетили | решетки,LOW,SPELLING
2021-11-25-neyavnaya-shtampovka-kartona-v-ansys-mechan.md:body,2019R1,"Неявная штамповка картона в Ansys Mechanical





Традиционно, для решения задач штамповки использую",А | И | К | О | Я,LOW,SPELLING
2021-11-26-dawn-am.md:body,3D-печатные,"Dawn-AM


 




Любопытный код от исследовательской группы Технического университета Эйндховена, изу",Печатные | Непечатные | Печатаные | Печатное | Печатных,LOW,SPELLING
2021-11-26-dawn-am.md:body,аддитивки,"Dawn-AM


 




Любопытный код от исследовательской группы Технического университета Эйндховена, изу",аддитивен | аддитивна | аддитивно | аддитивны | аддитивный,LOW,SPELLING
2021-12-02-flacs-cfd-dlya-zadach-promeshennoy-bezopasn.md:title,промешенной,FLACS-CFD для задач промешенной безопасности,помешенной | промеренной | прометенной | провешенной | про мешенной,LOW,SPELLING
2021-12-02-flacs-cfd-dlya-zadach-promeshennoy-bezopasn.md:body,промешенной,"FLACS-CFD для задач промешенной безопасности


 




Внезапно, FLACS-CFD - это набор инструментов дл",помешенной | промеренной | прометенной | провешенной | про мешенной,LOW,SPELLING
2021-12-06-lektsiya-po-iga-dlya-universiteta-perdyu.md:title,Пердью,Лекция по IGA для Университета Пердью,Жердью | Пермью | Перший,LOW,SPELLING
2021-12-06-lektsiya-po-iga-dlya-universiteta-perdyu.md:body,Пердью,"Лекция по IGA для Университета Пердью


 




Лекция 2019 года от Томаса Дж. Р. Хьюза об ""изогеометр",Жердью | Пермью | Перший,LOW,SPELLING
2021-12-06-lektsiya-po-iga-dlya-universiteta-perdyu.md:body,Хьюза,"Лекция по IGA для Университета Пердью


 




Лекция 2019 года от Томаса Дж. Р. Хьюза об ""изогеометр",Юза | Дюза | Блюза | Союза | Вьюга,LOW,SPELLING
2021-12-06-lektsiya-po-iga-dlya-universiteta-perdyu.md:body,изогеометрическом,"Лекция по IGA для Университета Пердью


 




Лекция 2019 года от Томаса Дж. Р. Хьюза об ""изогеометр",изо геометрическом | изо-геометрическом,LOW,SPELLING
2021-12-06-lektsiya-po-iga-dlya-universiteta-perdyu.md:body,Пердью,"Лекция по IGA для Университета Пердью


 




Лекция 2019 года от Томаса Дж. Р. Хьюза об ""изогеометр",Жердью | Пермью | Перший,LOW,SPELLING
2021-12-07-na-chto-sposoben-ls-opt.md:body,робастное,"На что способен LS-Opt


 




Часовой обзор от Dynamore про возможности и текущий статус главного о",областное | лобастое | зобастое | лопастное | областной,LOW,SPELLING
2021-12-09-13th-european-ls-dyna-conference.md:title,13th,13th European LS-DYNA Conference,а | и | к | о | я,LOW,SPELLING
2021-12-09-13th-european-ls-dyna-conference.md:body,13th,"13th European LS-DYNA Conference





Стали доступны материалы 13-ой европейской конференции LS-DYNA",а | и | к | о | я,LOW,SPELLING
2021-12-09-13th-european-ls-dyna-conference.md:body,13th,"13th European LS-DYNA Conference





Стали доступны материалы 13-ой европейской конференции LS-DYNA",а | и | к | о | я,LOW,SPELLING
2021-12-14-adaptivnye-setki-dlya-vysokoskorostnyh-te.md:body,итеративно,"Адаптивные сетки для высокоскоростных течений

Я люблю смотреть на решения, связанные с адаптивными ",итеративною | итеративное | итеративной | итеративном | итератив но,LOW,SPELLING
2021-12-14-adaptivnye-setki-dlya-vysokoskorostnyh-te.md:body,данническая,"Адаптивные сетки для высокоскоростных течений

Я люблю смотреть на решения, связанные с адаптивными ",каноническая | паническая | канонический | панический,LOW,SPELLING
2021-12-15-signed-von-mises-stress.md:body,Мизесу,"Signed Von Mises stress

Одной из грубейших ошибок при обработке результатов является необдуманный в",Мизеру | Бизнесу | Мизер | Мазеру | Минеру,LOW,SPELLING
2021-12-15-signed-von-mises-stress.md:body,Мизесу,"Signed Von Mises stress

Одной из грубейших ошибок при обработке результатов является необдуманный в",Мизеру | Бизнесу | Мизер | Мазеру | Минеру,LOW,SPELLING
2021-12-15-signed-von-mises-stress.md:body,бетонов,"Signed Von Mises stress

Одной из грубейших ошибок при обработке результатов является необдуманный в",батонов | бетонок | бетоном | бутонов | кетонов,LOW,SPELLING
2021-12-15-signed-von-mises-stress.md:body,все-таки,"Signed Von Mises stress

Одной из грубейших ошибок при обработке результатов является необдуманный в",весталки | Светки | вставки | сетки | светски,LOW,SPELLING
2021-12-15-signed-von-mises-stress.md:body,что-то,"Signed Von Mises stress

Одной из грубейших ошибок при обработке результатов является необдуманный в",ото | тот | что | фото | лото,LOW,SPELLING
2021-12-15-signed-von-mises-stress.md:body,Мизесу,"Signed Von Mises stress

Одной из грубейших ошибок при обработке результатов является необдуманный в",Мизеру | Бизнесу | Мизер | Мазеру | Минеру,LOW,SPELLING
2021-12-15-signed-von-mises-stress.md:body,Мизесу,"Signed Von Mises stress

Одной из грубейших ошибок при обработке результатов является необдуманный в",Мизеру | Бизнесу | Мизер | Мазеру | Минеру,LOW,SPELLING
2021-12-16-mathcha-online-math-editor.md:body,онлайн,"Mathcha - Online Math Editor


 



Mathcha - это онлайн WYSIWYG редактор нацеленный на быстрое созд",орлан | облаян | сплайн | облаянный,LOW,SPELLING
2021-12-16-mathcha-online-math-editor.md:body,по-русски,"Mathcha - Online Math Editor


 



Mathcha - это онлайн WYSIWYG редактор нацеленный на быстрое созд",пруссаки | прусские | прусских | прусский | прусским,LOW,SPELLING
2021-12-21-modelirovanie-tekstilnyh-kompozitov-v-l.md:body,ламинатов,"Моделирование текстильных композитов в LS-DYNA


 



Очень актуальное для меня свежее видео про раб",алюминатов | амиантовый | заминать | алюминат | лапина,LOW,SPELLING
2021-12-28-cadfix-stl.md:body,слайсера,"CADfix STL


 



CADfix STL - это бесплатная версия геометрического процессора от ITI, в которой ос",лайнера | стайера | снайпера | лайнер | стайер,LOW,SPELLING
2021-12-30-superkompyuternoe-modelirovanie-geomehan.md:title,Суперкомпьютерное,Суперкомпьютерное моделирование геомеханического состояния массива горных пород,Супер компьютерное | Супер-компьютерное,LOW,SPELLING
2021-12-30-superkompyuternoe-modelirovanie-geomehan.md:title,геомеханического,Суперкомпьютерное моделирование геомеханического состояния массива горных пород,биомеханического | биомеханический | биомеханическою | биомеханическое | биомеханической,LOW,SPELLING
2021-12-30-superkompyuternoe-modelirovanie-geomehan.md:body,геомеханических," 




Доклад по применению LS-DYNA для решения геомеханических задач. Доклад сделан в рамках суперко",биомеханических | биомеханический | биомеханические | биомеханическим,LOW,SPELLING
2021-12-30-superkompyuternoe-modelirovanie-geomehan.md:body,суперкомпьютерной," 




Доклад по применению LS-DYNA для решения геомеханических задач. Доклад сделан в рамках суперко",супер компьютерной | супер-компьютерной,LOW,SPELLING
2021-12-30-superkompyuternoe-modelirovanie-geomehan.md:body,Смалюк," 




Доклад по применению LS-DYNA для решения геомеханических задач. Доклад сделан в рамках суперко",Смак | Малек | Салют | Салак | Смелю,LOW,SPELLING
2021-12-30-superkompyuternoe-modelirovanie-geomehan.md:body,Медведев," 




Доклад по применению LS-DYNA для решения геомеханических задач. Доклад сделан в рамках суперко",Медведе | Медведей | Медведем,LOW,SPELLING
2021-12-30-superkompyuternoe-modelirovanie-geomehan.md:body,Медведева," 




Доклад по применению LS-DYNA для решения геомеханических задач. Доклад сделан в рамках суперко",Медведе | Медведей | Медведем | Медведка | Медведица,LOW,SPELLING
2021-12-30-superkompyuternoe-modelirovanie-geomehan.md:body,Дегтярев," 




Доклад по применению LS-DYNA для решения геомеханических задач. Доклад сделан в рамках суперко",Дегтя рев | Дегтя-рев | Дегтярный | Дегтярное | Дегтярные,LOW,SPELLING
2021-12-30-superkompyuternoe-modelirovanie-geomehan.md:body,Суперкомпьютерное," 




Доклад по применению LS-DYNA для решения геомеханических задач. Доклад сделан в рамках суперко",Супер компьютерное | Супер-компьютерное,LOW,SPELLING
2021-12-30-superkompyuternoe-modelirovanie-geomehan.md:body,геомеханического," 




Доклад по применению LS-DYNA для решения геомеханических задач. Доклад сделан в рамках суперко",биомеханического | биомеханический | биомеханическою | биомеханическое | биомеханической,LOW,SPELLING
2022-01-03-vvedenie-v-metod-reshetochnyh-uravneniy-bo.md:title,решёточных,Введение в метод решёточных уравнений Больцмана,решеточных | нешуточных | решеточные | решеточный | решеточным,LOW,SPELLING
2022-01-03-vvedenie-v-metod-reshetochnyh-uravneniy-bo.md:body,решёточных,"Введение в метод решёточных уравнений Больцмана


 



Вводный курс по LBM (Lattice Boltzmann Method",решеточных | нешуточных | решеточные | решеточный | решеточным,LOW,SPELLING
2022-01-03-vvedenie-v-metod-reshetochnyh-uravneniy-bo.md:body,Тимма,"Введение в метод решёточных уравнений Больцмана


 



Вводный курс по LBM (Lattice Boltzmann Method",Тимка | Имам | Мима | Имама | Мимам,LOW,SPELLING
2022-01-03-vvedenie-v-metod-reshetochnyh-uravneniy-bo.md:body,Крюгера,"Введение в метод решёточных уравнений Больцмана


 



Вводный курс по LBM (Lattice Boltzmann Method",Бюргера | Драгера | Флюгера | Кратера | Крекера,LOW,SPELLING
2022-01-06-bolshoy-obzor-vozmozhnostey-vetki-civilf.md:title,сгенерировать,"Большой обзор возможностей ветки  2021 для решателя   по моделированию бетона, армированного волокна",генерировать | дегенерировать | регенерировать | сцентрировать,LOW,SPELLING
2022-01-06-bolshoy-obzor-vozmozhnostey-vetki-civilf.md:title,объёмной,"Большой обзор возможностей ветки  2021 для решателя   по моделированию бетона, армированного волокна",объемной | объемно | обжимной | объемною | объемное,LOW,SPELLING
2022-01-06-bolshoy-obzor-vozmozhnostey-vetki-civilf.md:title,что-то,"Большой обзор возможностей ветки  2021 для решателя   по моделированию бетона, армированного волокна",ото | тот | что | фото | лото,LOW,SPELLING
2022-01-07-eto-video-illyustriruet-krupnomasshtabnyy.md:body,19ч,Анизотропный медный поликристаллический микропиллер с 80 зернами автоматически генерируется из перес,сч | уч | НЧ | ВЧ | чл,LOW,SPELLING
2022-01-07-eto-video-illyustriruet-krupnomasshtabnyy.md:body,14м,Анизотропный медный поликристаллический микропиллер с 80 зернами автоматически генерируется из перес,дм | ем | гм | хм | им,LOW,SPELLING
2022-01-07-eto-video-illyustriruet-krupnomasshtabnyy.md:body,190к,Анизотропный медный поликристаллический микропиллер с 80 зернами автоматически генерируется из перес,к | як | шк | эк | ЦК,LOW,SPELLING
2022-01-09-kollegi-podognali-svezhee-video-s-kanala.md:title,такой-то,"Коллеги подогнали свежее видео с канала FEA for ALL о том, как можно в  с  и такой-то матерью сгенер",такой | такого | таково | таковой | такова,LOW,SPELLING
2022-01-09-kollegi-podognali-svezhee-video-s-kanala.md:title,сгенерировать,"Коллеги подогнали свежее видео с канала FEA for ALL о том, как можно в  с  и такой-то матерью сгенер",генерировать | дегенерировать | регенерировать | сцентрировать,LOW,SPELLING
2022-01-09-kollegi-podognali-svezhee-video-s-kanala.md:body,сгенерировать,"В целом, на основе того кода, что мелькает в видео, можно сгенерировать объекты и не только суровом ",генерировать | дегенерировать | регенерировать | сцентрировать,LOW,SPELLING
2022-01-11-nvidia-prodolzhaet-svoe-dvizhenie-v-storo.md:title,суперкомпьютеры," продолжает свое движение в сторону становления настоящим  гигантом. Вчера стало известно о том, что",супер компьютеры | супер-компьютеры,LOW,SPELLING
2022-01-11-nvidia-prodolzhaet-svoe-dvizhenie-v-storo.md:title,поглощён," продолжает свое движение в сторону становления настоящим  гигантом. Вчера стало известно о том, что",поглощен | поглощена | поглощено | поглощены | поглощу,LOW,SPELLING
2022-01-13-kompaniya-spentys-zanimaetsya-razrabotkoy.md:title,ортезов,"Компания  занимается разработкой современного ПО для проектирования и производства ортезов, и то, чт",отрезов | орте зов | орте-зов | отрезков | отрез,LOW,SPELLING
2022-01-13-kompaniya-spentys-zanimaetsya-razrabotkoy.md:body,ортез,"У компании есть комплекс из 3D сканера для iPAD, собственное приложение для сканирования и удаленная",отрез | орте | фрез,LOW,SPELLING
2022-01-13-kompaniya-spentys-zanimaetsya-razrabotkoy.md:body,скану,"У компании есть комплекс из 3D сканера для iPAD, собственное приложение для сканирования и удаленная",скакну | кану | сану | скаку | скалу,LOW,SPELLING
2022-01-13-kompaniya-spentys-zanimaetsya-razrabotkoy.md:body,ортез,"У компании есть комплекс из 3D сканера для iPAD, собственное приложение для сканирования и удаленная",отрез | орте | фрез,LOW,SPELLING
2022-01-14-udar-fotorealistichnogo-sph-gusya-v-kry.md:title,фотореалистичного,"Удар ""фотореалистичного""  гуся в крыло самолета.  расчет от мексиканского партнера  , компании LURI ",фото реалистичного | фото-реалистичного,LOW,SPELLING
2022-01-17-kod-s-ne-ochen-blagozvuchnym-dlya-russkog.md:body,неопределенностей,"Код является, своего рода, стандартом для решения задач  (soil structure interraction) при моделиров",неопределенности | неопределенность | неопределенностью | определенность,LOW,SPELLING
2022-01-19-segodnya-ya-by-hotel-rasskazat-vam-ob-iss.md:body,Джошуа,Исследование данного процесса - это очередной проект Джошуа Вольпера  (Joshuah Wolper) из Пенсильван,Дошла | Джона | Джону | Джонка | Дожму,LOW,SPELLING
2022-01-19-segodnya-ya-by-hotel-rasskazat-vam-ob-iss.md:body,Вольпера,Исследование данного процесса - это очередной проект Джошуа Вольпера  (Joshuah Wolper) из Пенсильван,Вольера | Вольерах | Вольерам | Вольер | Вольере,LOW,SPELLING
2022-01-19-segodnya-ya-by-hotel-rasskazat-vam-ob-iss.md:body,Джошуа,Исследование данного процесса - это очередной проект Джошуа Вольпера  (Joshuah Wolper) из Пенсильван,Дошла | Джона | Джону | Джонка | Дожму,LOW,SPELLING
2022-01-19-segodnya-ya-by-hotel-rasskazat-vam-ob-iss.md:body,валидационных,Исследование данного процесса - это очередной проект Джошуа Вольпера  (Joshuah Wolper) из Пенсильван,вариационных | вариационный | вариационные | вариационным,LOW,SPELLING
2022-01-19-segodnya-ya-by-hotel-rasskazat-vam-ob-iss.md:body,верификационных,Исследование данного процесса - это очередной проект Джошуа Вольпера  (Joshuah Wolper) из Пенсильван,сертификационных | тарификационных | сертификационный | тарификационный,LOW,SPELLING
2022-01-20-ce-polycube-cut-enhanced-polycube-maps.md:body,объёмов,"Методы генерации сетки, основанные на объемных картах PolyCube-Map, предлагают автоматическую генера",объемов | объем | обеим,LOW,SPELLING
2022-01-20-ce-polycube-cut-enhanced-polycube-maps.md:body,подобаемы,"Методы генерации сетки, основанные на объемных картах PolyCube-Map, предлагают автоматическую генера",подобает | подобием | подобьем | подгибаемый | подрубаемый,LOW,SPELLING
2022-01-20-ce-polycube-cut-enhanced-polycube-maps.md:body,битных,"Методы генерации сетки, основанные на объемных картах PolyCube-Map, предлагают автоматическую генера",битых | ситных | житных,LOW,SPELLING
2022-01-26-modeliruem-serdechnyy-klapan.md:body,стентом,"Моделируем сердечный клапан

Презентация 2019 года по моделированию динамики трикуспидального сердеч",тентом | стендом | стенном | стертом | стен том,LOW,SPELLING
2022-01-31-u-cadance-v-bloge-vyshel-neplohoy-post.md:title,блоге,"У  в блоге вышел неплохой пост, сравнивающий работу метода конечных элементов (), метода конечных ра",боге | логе | благе | блохе | блоке,LOW,SPELLING
2022-02-01-rasskaz-o-tom-kak-thyssenkrupp-ispolz.md:body,какое-то,Это не какое-то бешеное исследования на передовом крае науки. Это просто пример хорошей работы инжен,каково | каковой | какова | карета | ракета,LOW,SPELLING
2022-02-02-15-fevralya-proydet-besplatnaya-onlayn-kon.md:title,онлайн,"15 февраля пройдет бесплатная онлайн конференция Avicenna Day 2022, организуемая Avicenna Alliance, ",орлан | облаян | сплайн | облаянный,LOW,SPELLING
2022-02-04-primenenie-vychislitelnoy-termodinamiki.md:body,Вустерского,"Нашел научную статью коллеги из Вустерского политехнический института, где они моделируют интересующ",Мастерского | Вахтерского | Мастерский | Вахтерский,LOW,SPELLING
2022-02-07-issledovateli-iz-garvardskoy-shkoly-inzhen.md:body,Полсона,"Полсона (Harvard John A. Paulson School of Engineering and Applied Sciences, ) разработали новый спо",Полосная | Полоса | Полосный | Поклона | Полотна,LOW,SPELLING
2022-02-07-issledovateli-iz-garvardskoy-shkoly-inzhen.md:body,Карнаков,"Полсона (Harvard John A. Paulson School of Engineering and Applied Sciences, ) разработали новый спо",Варнаков | Караковый | Арак,LOW,SPELLING
2022-02-07-issledovateli-iz-garvardskoy-shkoly-inzhen.md:body,постдокторант,"Полсона (Harvard John A. Paulson School of Engineering and Applied Sciences, ) разработали новый спо",пост докторант | пост-докторант,LOW,SPELLING
2022-02-07-issledovateli-iz-garvardskoy-shkoly-inzhen.md:body,безмембранного,"Полсона (Harvard John A. Paulson School of Engineering and Applied Sciences, ) разработали новый спо",без мембранного | без-мембранного,LOW,SPELLING
2022-02-08-bullet-constraints-builder.md:body,Лауреа,"Bullet Constraints Builder
Финский Университет прикладных наук Лауреа принимает участие в финансируе",Лауреат | Луара | Луаре | Аура | Ауре,LOW,SPELLING
2022-02-09-kanal-s-uchebnymi-posobiyami-po-rabote-s.md:body,форк,"Ну а CalculiX - это свободный форк . Вот такой круговорот . Только не думайте, что вы сейчас за бесп",фок | фора | форд | форе | форм,LOW,SPELLING
2022-02-10-eof-library-eto-biblioteka-s-otkrytym.md:title,решетелей,EOF-Library - это библиотека с открытым исходным кодом для связки открытых решетелей Elmer FEM (МКЭ),решет елей | решет-елей | решете лей | решете-лей | радетелей,LOW,SPELLING
2022-02-11-lyublyu-poveselitsya-osobenno-poest-a-v.md:body,бессеточном,В честь этого наши коллеги из  показали как в бессеточном  решателе  можно промоделировать процесс н,бессточном | бес сеточном | бес-сеточном | бессточному | беседочном,LOW,SPELLING
2022-02-11-lyublyu-poveselitsya-osobenno-poest-a-v.md:body,бессеточных,В честь этого наши коллеги из  показали как в бессеточном  решателе  можно промоделировать процесс н,бессточных | бес сеточных | бес-сеточных | беседочных | бессрочных,LOW,SPELLING
2022-02-14-prezentatsiya-s-obzorom-modeley-nakopleniya.md:title,aвтомобилей,"Презентация с обзором моделей накопления повреждений и нелинейного разрушения, применяемых в LS-DYNA",автомобилей | автомобиле | автомобилем | автомобиль,LOW,SPELLING
2022-02-14-prezentatsiya-s-obzorom-modeley-nakopleniya.md:body,Мизесу,"Рассматриваются модели течения по Мизесу (для тех кто только начинает), модель Гурсона с разрушением",Мизеру | Бизнесу | Мизер | Мазеру | Минеру,LOW,SPELLING
2022-02-14-prezentatsiya-s-obzorom-modeley-nakopleniya.md:body,Гурсона,"Рассматриваются модели течения по Мизесу (для тех кто только начинает), модель Гурсона с разрушением",Гарсона | Гудрона | Грустна | Урона | Гарсонах,LOW,SPELLING
2022-02-14-prezentatsiya-s-obzorom-modeley-nakopleniya.md:body,Джонсона,"Рассматриваются модели течения по Мизесу (для тех кто только начинает), модель Гурсона с разрушением",Джинсов | Джинсовая | Джинсовый,LOW,SPELLING
2022-02-14-prezentatsiya-s-obzorom-modeley-nakopleniya.md:body,Кука,"Рассматриваются модели течения по Мизесу (для тех кто только начинает), модель Гурсона с разрушением",Кубка | Кукла | Курка | Куска | Кучка,LOW,SPELLING
2022-02-14-prezentatsiya-s-obzorom-modeley-nakopleniya.md:body,краш,"Рассматриваются модели течения по Мизесу (для тех кто только начинает), модель Гурсона с разрушением",краше | крашу | каш | краю | краб,LOW,SPELLING
2022-02-15-modeliruem-effekt-pelte-poluprovodniko.md:title,Пельте,Моделируем эффект Пельте (полупроводниковый холодильник) в   c ,Цельте | Дельте | Кельте | Пелите | Пяльте,LOW,SPELLING
2022-02-18-vebinar-po-lsopt-ot-ego-razrabotchikov.md:body,робастного,"LS-OPT является одной из самых сильных систем оптимизации, робастного проектирования и решения задач",областного | лобастого | зобастого | лопастного | областной,LOW,SPELLING
2022-02-18-vebinar-po-lsopt-ot-ego-razrabotchikov.md:body,инфрастуктуре,"LS-OPT является одной из самых сильных систем оптимизации, робастного проектирования и решения задач",инфраструктуре | инфраструктур | инфраструктура | инфраструктуру | инфраструктуры,LOW,SPELLING
2022-02-21-ko-dnyu-svyatogo-valentina-inzhenery-iz-uni.md:title,Райса,Ко Дню святого Валентина инженеры из Университета Райса и Университета Васада представили реалистичн,Раса | Райка | Рапса | Рейса | Раиса,LOW,SPELLING
2022-02-21-ko-dnyu-svyatogo-valentina-inzhenery-iz-uni.md:title,Васада,Ко Дню святого Валентина инженеры из Университета Райса и Университета Васада представили реалистичн,Фасада | Засада | Вас ада | Вас-ада | Сада,LOW,SPELLING
2022-02-21-ko-dnyu-svyatogo-valentina-inzhenery-iz-uni.md:body,публикованные,"Я пока не нашел, в чем был посчитана эта конкретная модель, но уж больно сильно она напоминает ранее",опубликованные | публикование | опубликованное | опубликованных | опубликованный,LOW,SPELLING
2022-02-22-kollegi-i-druzya-segodnya-ya-hotel-by-poz.md:title,паблик,"Коллеги и друзья, сегодня я хотел бы поздравить всех нас с замечательной цифрой: паблик Magic Driven",Павлик | па блик | па-блик | паб лик | паб-лик,LOW,SPELLING
2022-02-22-kollegi-i-druzya-segodnya-ya-hotel-by-poz.md:body,блога,"Хотя это и в точности согласуется с планом, который я принял в прошлом году, это все равно очень при",бога | лога | блага | блоха | блока,LOW,SPELLING
2022-02-22-kollegi-i-druzya-segodnya-ya-hotel-by-poz.md:body,контента,"Хотя это и в точности согласуется с планом, который я принял в прошлом году, это все равно очень при",конвента | кон тента | кон-тента | континента | константа,LOW,SPELLING
2022-02-22-kollegi-i-druzya-segodnya-ya-hotel-by-poz.md:body,аккаунтов,"Хотя это и в точности согласуется с планом, который я принял в прошлом году, это все равно очень при",акантовый | акантовая | акантовою | акантовое | акантовой,LOW,SPELLING
2022-02-22-kollegi-i-druzya-segodnya-ya-hotel-by-poz.md:body,контента,"Хотя это и в точности согласуется с планом, который я принял в прошлом году, это все равно очень при",конвента | кон тента | кон-тента | континента | константа,LOW,SPELLING
2022-02-22-kollegi-i-druzya-segodnya-ya-hotel-by-poz.md:body,паблик,"Хотя это и в точности согласуется с планом, который я принял в прошлом году, это все равно очень при",Павлик | па блик | па-блик | паб лик | паб-лик,LOW,SPELLING
2022-02-22-kollegi-i-druzya-segodnya-ya-hotel-by-poz.md:body,софт,"Хотя это и в точности согласуется с планом, который я принял в прошлом году, это все равно очень при",софит | соф | сот | кофт | софа,LOW,SPELLING
2022-02-22-kollegi-i-druzya-segodnya-ya-hotel-by-poz.md:body,вендоров,"Хотя это и в точности согласуется с планом, который я принял в прошлом году, это все равно очень при",военкоров | теноров | венгров | Федоров | цензоров,LOW,SPELLING
2022-02-22-kollegi-i-druzya-segodnya-ya-hotel-by-poz.md:body,паблик,"Хотя это и в точности согласуется с планом, который я принял в прошлом году, это все равно очень при",Павлик | па блик | па-блик | паб лик | паб-лик,LOW,SPELLING
2022-02-23-otlichnaya-novost-ot-moego-druga-i-odnog.md:title,Черняева,"Отличная новость от моего друга, и одного из самых талантливых расчетчиков, Александра Черняева.",Черневая | Чернявая | Черневый | Чернявый | Чернеца,LOW,SPELLING
2022-02-23-otlichnaya-novost-ot-moego-druga-i-odnog.md:body,Алесандр,"Он удостоился чести стать редактором специального выпуска научного журнала ""Applied Mechanics""
Выпус",Александр | Александра | Александре | Александру | Александры,LOW,SPELLING
2022-02-25-lektsiya-pro-metod-reshetochnyh-uravneniy-bo.md:title,блога,"Лекция про Метод решеточных уравнений Больцмана (lattice Boltzmann method, ) от блога .",бога | лога | блага | блоха | блока,LOW,SPELLING
2022-02-28-vebinar-ot-oasysarup-po-sale-v-ansy.md:title,слошинга,Вебинар от / по  в   - рассказывают на примере задачи слошинга топлива в деформируемом топливном бак,слябинга | смокинга | слябинг | смокинг | блошиный,LOW,SPELLING
2022-03-02-esli-vy-dumaete-chto-plasticheskoe-techeni.md:title,Мизесу,"Если вы думаете, что пластическое течение металлов (да и других материалов) происходит только по Миз",Мизеру | Бизнесу | Мизер | Мазеру | Минеру,LOW,SPELLING
2022-03-02-esli-vy-dumaete-chto-plasticheskoe-techeni.md:body,Фредерика,"Там есть отличная обзорная статья про основные поверхности текучести, начиная от поверхности Анри Тр",Предерзкий | Предерзкая | Предерзкие | Предерзких | Предерзким,LOW,SPELLING
2022-03-02-esli-vy-dumaete-chto-plasticheskoe-techeni.md:body,Барлата,"Там есть отличная обзорная статья про основные поверхности текучести, начиная от поверхности Анри Тр",Бархата | Барчата | Барчонок,LOW,SPELLING
2022-03-02-esli-vy-dumaete-chto-plasticheskoe-techeni.md:body,неквадратичную,"Там есть отличная обзорная статья про основные поверхности текучести, начиная от поверхности Анри Тр",не квадратичную | не-квадратичную | квадратичную | квадратичною | квадратичный,LOW,SPELLING
2022-03-03-hochetsya-smotret-na-chto-to-uspokaivayuschee.md:title,что-то,"Хочется смотреть на что-то успокаивающее, например на моделирование диффузионной конвекции, ограниче",ото | тот | что | фото | лото,LOW,SPELLING
2022-03-04-net-sil-chitat-sereznye-nauchnye-novosti.md:body,залипать,"Продолжаем залипать на эксперименты.  

 ",налипать | закипать | залапать | заливать | зализать,LOW,SPELLING
2022-03-09-ya-nashel-originalnuyu-statyu-s-pervym-usp.md:title,краш,"Я нашел оригинальную статью с первым успешным комическим краш тестом автомобиля, выполненным в  , пр",краше | крашу | каш | краю | краб,LOW,SPELLING
2022-03-15-vr-sketch-eto-rasshirenie-dlya-sketchup.md:body,сисимах,"Кажется, что эта штука действительно работоспособна. Нет, конечно сложные модели строить удобнее по ",сиси мах | сиси-мах | системах | лисицах | оксимах,LOW,SPELLING
2022-03-15-vr-sketch-eto-rasshirenie-dlya-sketchup.md:body,что-то,"Кажется, что эта штука действительно работоспособна. Нет, конечно сложные модели строить удобнее по ",ото | тот | что | фото | лото,LOW,SPELLING
2022-03-16-sozdatel-proekta-enterfea-pokazali-tiz.md:title,тизер,Создатель проекта  показали тизер своего авторского учебного курса по нелинейным расчетам КЭ расчета,мизер | тире | триер | тер | тиаре,LOW,SPELLING
2022-03-17-v-sovremennom-mire-otkrytyh-svobodnyh-ke.md:body,где-то,Однако большинство из них будет опираться на платформу Salome для пер/постпроцессинга. Ну а самое сл,одето | вдето | одетый | вдетый,LOW,SPELLING
2022-03-18-nebolshoe-obzornoe-video-po-apm-studio.md:title,софта,"Небольшое обзорное видео по APM Studio - российскому не стыдному CAE комплексу. В целом, выглядит оч",софита | софа | кофта | сорта | соф та,LOW,SPELLING
2022-03-21-v-proshlom-moem-poste-pro-apm-chitateli.md:body,кое-что,"И если про ЛОГОС я кое-что знаю, то вот Fidesys для меня практически новая область знаний. И тут я п",коечкою | коечкой | коечною | коечное | коечной,LOW,SPELLING
2022-03-22-pyfr-eto-freymvork-na-baze-python-s.md:title,архитектурах, - это фреймворк на базе  с открытым исходным кодом для решения задач типа адвекции-диффузии на пото,архитектура | архитекторах | архитектор,LOW,SPELLING
2022-03-22-pyfr-eto-freymvork-na-baze-python-s.md:title,Хуинха, - это фреймворк на базе  с открытым исходным кодом для решения задач типа адвекции-диффузии на пото,Хина | Руинах | Хунта | Руина | Хуана,LOW,SPELLING
2022-03-23-peresyadem-na-surovyy-opensource-many-p.md:body,Маны,"Маны по  в студию!  

 ",Манны | Марны | Даны | Ханы | Мацы,LOW,SPELLING
2022-03-25-davno-ya-nichego-ne-postil-pro-concrete.md:title,постил,Давно я ничего не постил про !,посетил | простил | гостил | мостил | портил,LOW,SPELLING
2022-03-30-primery-raboty-novogo-generatora-svarnyh.md:title,2022R1,"Примеры работы нового генератора сварных швов в   2022R1. Кстати, теперь такие швы можно делать и ме",А | И | К | О | Я,LOW,SPELLING
2022-04-01-7-aprelya-shvedskoe-podrazdelenie-dynamor.md:title,де-факто,7 апреля шведское подразделение  будет рассказывать про идентификацию параметров для моделей  и . Да,факто | дефектом | дефектов | дефект | дефекта,LOW,SPELLING
2022-04-01-7-aprelya-shvedskoe-podrazdelenie-dynamor.md:title,трехосности,7 апреля шведское подразделение  будет рассказывать про идентификацию параметров для моделей  и . Да,греховности | тревожности | греховность | тревожность,LOW,SPELLING
2022-04-01-7-aprelya-shvedskoe-podrazdelenie-dynamor.md:title,Лоде,7 апреля шведское подразделение  будет рассказывать про идентификацию параметров для моделей  и . Да,Лодке | Лорде | Оде | Плоде | Клоде,LOW,SPELLING
2022-04-04-vozmozhno-vy-slyshali-chto-ansys-nedavno-v.md:title,решетили,"Возможно вы слышали, что Ansys недавно выпустил  библиотеку , которая позволят использовать продукты",решет или | решет-или | решили | изрешетили | решетки,LOW,SPELLING
2022-04-04-vozmozhno-vy-slyshali-chto-ansys-nedavno-v.md:body,Тиффри,"Прямо сейчас доступны седеющие пакеты , , PyDPF-Core, PyDPF-Post, Legacy PyMAPDL Reader и  MI BoM An",Тиф фри | Тиф-фри | Цифири | Цифра | Тиара,LOW,SPELLING
2022-04-04-vozmozhno-vy-slyshali-chto-ansys-nedavno-v.md:body,перово,"Прямо сейчас доступны седеющие пакеты , , PyDPF-Core, PyDPF-Post, Legacy PyMAPDL Reader и  MI BoM An",перовою | перовое | перовой | перовом | перво,LOW,SPELLING
2022-04-05-bolshaya-chast-issledovaniy-v-oblasti-gip.md:body,Саванта,Исследователи из Университета Иллинойса Урбана-Шампейн и Ливерпуля разработали модель для понимания ,Савана | Саванна | Саван та | Саван-та | Саванный,LOW,SPELLING
2022-04-05-bolshaya-chast-issledovaniy-v-oblasti-gip.md:body,Василиоса,Исследователи из Университета Иллинойса Урбана-Шампейн и Ливерпуля разработали модель для понимания ,Василиса | Василиска | Василисах | Василисам | Василис,LOW,SPELLING
2022-04-05-bolshaya-chast-issledovaniy-v-oblasti-gip.md:body,Теофилиса,Исследователи из Университета Иллинойса Урбана-Шампейн и Ливерпуля разработали модель для понимания ,Теофиллина | Теофиллин | Теофиллине | Теофиллину,LOW,SPELLING
2022-04-06-ranshe-vse-govorili-chto-modelirovat-ko.md:title,дискретизирована,"Раньше все говорили, что моделировать композиты на микро уровне - это довольно сложно, если вообще в",дискредитирована | дискредитирован | дискредитировано | дискредитированы | дискредитированный,LOW,SPELLING
2022-04-06-ranshe-vse-govorili-chto-modelirovat-ko.md:title,ферменных,"Раньше все говорили, что моделировать композиты на микро уровне - это довольно сложно, если вообще в",ферментных | фирменных | форменных | фурменных,LOW,SPELLING
2022-04-07-magate-rasskazhet-kak-ispolzovat-cfd.md:body,МАГАТЭ,В данной публикации представлены результаты координируемого МАГАТЭ исследовательского проекта (CRP) ,МАГНАТ | АГАТ | МАГНАТА | МАГНАТЕ | МАГНАТУ,LOW,SPELLING
2022-04-07-magate-rasskazhet-kak-ispolzovat-cfd.md:body,валидации,В данной публикации представлены результаты координируемого МАГАТЭ исследовательского проекта (CRP) ,вариации | вальвации | вариация | вальвация,LOW,SPELLING
2022-04-12-20-aprelya-proydet-besplatnyy-vebinar-ot.md:title,Марека,"20 апреля пройдет бесплатный вебинар от Марека Ханачовски (Marek HANACZOWSKI), магистром мостостроен",Марка | Марена | Марева | Маревый,LOW,SPELLING
2022-04-12-20-aprelya-proydet-besplatnyy-vebinar-ot.md:title,Ханачовски,"20 апреля пройдет бесплатный вебинар от Марека Ханачовски (Marek HANACZOWSKI), магистром мостостроен",Хабаровский | Хабаровск | Хабаровские | Хабаровских | Хабаровским,LOW,SPELLING
2022-04-12-20-aprelya-proydet-besplatnyy-vebinar-ot.md:body,Марека,"Вебинар будет повторением его доклада на Конгрессе по безопасности мостов, который проходил во Вроцл",Марка | Марена | Марева | Маревый,LOW,SPELLING
2022-04-13-ya-uzhe-pisal-pro-interesnyy-otkrytyy-mezhd.md:body,сплайновой,"Так вот, в нем теперь есть поддержка , и это все стало возможным благодаря совместному проекту с ком",сплайнов ой | сплайнов-ой | лайновой | плановой | сплайнов,LOW,SPELLING
2022-04-13-ya-uzhe-pisal-pro-interesnyy-otkrytyy-mezhd.md:body,погружденных,"Так вот, в нем теперь есть поддержка , и это все стало возможным благодаря совместному проекту с ком",погруженных | подгруженных | огражденных | побужденных | погруженные,LOW,SPELLING
2022-04-14-vchera-ansys-kupil-sebe-onscale-i-ya-ra.md:body,решателями,"Итак, компания OnScale делала одноименную независимую платформу для  КЭ расчетов в облаке. Идея у ни",вешателями | решат елями | решат-елями | вешателям | предателями,LOW,SPELLING
2022-04-14-vchera-ansys-kupil-sebe-onscale-i-ya-ra.md:body,какие-то,"Итак, компания OnScale делала одноименную независимую платформу для  КЭ расчетов в облаке. Идея у ни",карета | ракета | ракита | кассета | калиевый,LOW,SPELLING
2022-04-14-vchera-ansys-kupil-sebe-onscale-i-ya-ra.md:body,дестопных,"Итак, компания OnScale делала одноименную независимую платформу для  КЭ расчетов в облаке. Идея у ни",двустопных | достойных | доступных | двустопный | достойный,LOW,SPELLING
2022-04-15-obychno-ya-zanimayus-modelirovaniem-bystr.md:title,что-то,"Обычно, я занимаюсь моделированием быстропротекающих (что-то около скорости звука в материале) или х",ото | тот | что | фото | лото,LOW,SPELLING
2022-04-15-obychno-ya-zanimayus-modelirovaniem-bystr.md:body,чего-то,"Но чаще в промышленности требуется расчет чего-то медленного: квазистатика, статика и ползучесть.
Им",чего | неготов | чеботом | чеботов | чебот,LOW,SPELLING
2022-04-15-obychno-ya-zanimayus-modelirovaniem-bystr.md:body,Йоргена,"Но чаще в промышленности требуется расчет чего-то медленного: квазистатика, статика и ползучесть.
Им",Морена | Ордена | Органа | Торена | Боргеса,LOW,SPELLING
2022-04-15-obychno-ya-zanimayus-modelirovaniem-bystr.md:body,Бегрстром,"Но чаще в промышленности требуется расчет чего-то медленного: квазистатика, статика и ползучесть.
Им",Бегством | Регистром | Бегство | Регистр,LOW,SPELLING
2022-04-19-krasivye-rezultaty-les-modelirovaniya-s.md:title,Сапиенца,Красивые результаты  моделирования спускаемого модуля на Марс выполнено командой  (FLUid Modeling an,Саженца | Саженец | Саженцах | Саженцам | Саженце,LOW,SPELLING
2022-04-19-krasivye-rezultaty-les-modelirovaniya-s.md:body,Плакко,"Авторы: Лука Плакко (Luca Placco), Микеле Кого (Michele Cogo), Маттео Бернардини (Matteo Bernardini)",Плавко | Планок | Платок | Плавок | Плаксою,LOW,SPELLING
2022-04-19-krasivye-rezultaty-les-modelirovaniya-s.md:body,Микеле,"Авторы: Лука Плакко (Luca Placco), Микеле Кого (Michele Cogo), Маттео Бернардини (Matteo Bernardini)",Никеле | Меле | Миле | Мицелле | Миксере,LOW,SPELLING
2022-04-19-krasivye-rezultaty-les-modelirovaniya-s.md:body,Маттео,"Авторы: Лука Плакко (Luca Placco), Микеле Кого (Michele Cogo), Маттео Бернардини (Matteo Bernardini)",Маете | Манто | Матем | Матке | Мачте,LOW,SPELLING
2022-04-19-krasivye-rezultaty-les-modelirovaniya-s.md:body,Франческо,"Авторы: Лука Плакко (Luca Placco), Микеле Кого (Michele Cogo), Маттео Бернардини (Matteo Bernardini)",Франциско | Расческа | Франкский,LOW,SPELLING
2022-04-19-krasivye-rezultaty-les-modelirovaniya-s.md:body,Пикано,"Авторы: Лука Плакко (Luca Placco), Микеле Кого (Michele Cogo), Маттео Бернардини (Matteo Bernardini)",Пиканом | Пиано | Пикан | Пикало | Пикана,LOW,SPELLING
2022-04-20-a-znaete-li-vy-chto-ishodnyy-kod-znameni.md:title,репозитории,"А знаете ли вы, что исходный код знаменитого  ( Structural Analysis System) и сейчас лежит в свободн",депозитарии | депозитарий | депозитарию | депозитария,LOW,SPELLING
2022-04-21-dlya-menya-stalo-bolshoy-novostyu-chto-tol.md:title,как-то,"Для меня стало большой новостью, что только в этом году компания  таки смогла завести поддержку  от ",факто | какао | акт,LOW,SPELLING
2022-04-22-a-vot-novost-etogo-goda-pro-ispolzovan.md:body,лицензируется,"Одна карта   дает производительность, соизмеримую с 272 процессорными ядрами    6242!

Новый решател",рецензируется | рецензироваться | рецензировался,LOW,SPELLING
2022-04-27-pervyy-matlab-nazvanie-sokrascheno-ot-m.md:body,клонах,"Написанная на Фортране в конце 1970-х годов, она представляла собой простой интерактивный матричный ",клоунах | кулонах | клона | конах | склонах,LOW,SPELLING
2022-04-27-pervyy-matlab-nazvanie-sokrascheno-ot-m.md:body,Кливом,"Написанная на Фортране в конце 1970-х годов, она представляла собой простой интерактивный матричный ",Клювом | Клевом | Клином | Клипом | Клиром,LOW,SPELLING
2022-04-27-pervyy-matlab-nazvanie-sokrascheno-ot-m.md:body,Молером,"Написанная на Фортране в конце 1970-х годов, она представляла собой простой интерактивный матричный ",Колером | Мохером | Моленом | Молевом | Мол ером,LOW,SPELLING
2022-04-27-pervyy-matlab-nazvanie-sokrascheno-ot-m.md:body,Литтлом,"Написанная на Фортране в конце 1970-х годов, она представляла собой простой интерактивный матричный ",Титлом | Литом | Битлом | Лифтом | Листом,LOW,SPELLING
2022-04-29-v-34-om-vypuske-nauchnogo-zhurnala physics.md:title,ореология,"В 34-ом выпуске научного журнала Physics of Fluids (Q1, H-INDEX 180) была опубликована забавная стат",реология | серология | археология | френология | остеология,LOW,SPELLING
2022-04-29-v-34-om-vypuske-nauchnogo-zhurnala physics.md:title,Ореология,"В 34-ом выпуске научного журнала Physics of Fluids (Q1, H-INDEX 180) была опубликована забавная стат",Реология | Серология | Археология | Френология | Остеология,LOW,SPELLING
2022-04-29-v-34-om-vypuske-nauchnogo-zhurnala physics.md:body,печеньками,"Если вы любите побаловать себя печеньками, то это отличное чтиво для пятницы в рамках . Статья наход",печенками | реченьками | доченька,LOW,SPELLING
2022-05-04-30-sentyabrya-2017-goda-nad-atlantikoy-pro.md:body,взлёта,Авиалайнер  A380-861 авиакомпании  выполнял регулярный межконтинентальный рейс AF066 по маршруту Пар,взлета | взлетах | взлетам | влета | влита,LOW,SPELLING
2022-05-04-30-sentyabrya-2017-goda-nad-atlantikoy-pro.md:body,самолёт,Авиалайнер  A380-861 авиакомпании  выполнял регулярный межконтинентальный рейс AF066 по маршруту Пар,самолет | самолета | самолете | самолету | самолеты,LOW,SPELLING
2022-05-05-po-zayavleniyam-razrabotchikov-endurica-ya.md:body,что-то,"И тут я вспоминаю все, что знаю про усталостную долговечность (а про нее я знаю ну не очень много) и",ото | тот | что | фото | лото,LOW,SPELLING
2022-05-06-prodolzhu-temu-endurica-ya-nemnogo-proshe.md:body,Как-то,"Я немного прошелся по их сайту и нашел много интересного для себя.

Как-то в прошлой жизни, мне пред",Факто | Какао | Акт,LOW,SPELLING
2022-05-11-nashel-v-seti-tsikl-urokov-po-ansys-mech.md:body,Брок,"Больше всего мне зашел последний. В нет показано, как использовать модель  для моделирования бетонно",Барок | Бирок | Бурок | Бок | Рок,LOW,SPELLING
2022-05-11-nashel-v-seti-tsikl-urokov-po-ansys-mech.md:body,Дулут,"Больше всего мне зашел последний. В нет показано, как использовать модель  для моделирования бетонно",Дулу | Дунут | Булат,LOW,SPELLING
2022-05-13-v-set-vylozhili-lektsiyu-tomasa-dzh-r-hyu.md:body,Хьюза,"Р. Хьюза (Thomas J. R. Hughes) про изогеометрический анализ (). Собственно, Томаса Дж. Р. Хьюза - пр",Юза | Дюза | Блюза | Союза | Вьюга,LOW,SPELLING
2022-05-13-v-set-vylozhili-lektsiyu-tomasa-dzh-r-hyu.md:body,изогеометрический,"Р. Хьюза (Thomas J. R. Hughes) про изогеометрический анализ (). Собственно, Томаса Дж. Р. Хьюза - пр",изо геометрический | изо-геометрический,LOW,SPELLING
2022-05-13-v-set-vylozhili-lektsiyu-tomasa-dzh-r-hyu.md:body,Хьюза,"Р. Хьюза (Thomas J. R. Hughes) про изогеометрический анализ (). Собственно, Томаса Дж. Р. Хьюза - пр",Юза | Дюза | Блюза | Союза | Вьюга,LOW,SPELLING
2022-05-13-v-set-vylozhili-lektsiyu-tomasa-dzh-r-hyu.md:body,Одена,"Р. Хьюза (Thomas J. R. Hughes) про изогеометрический анализ (). Собственно, Томаса Дж. Р. Хьюза - пр",Доена | Ордена | Одна | Одела | Одену,LOW,SPELLING
2022-05-16-16-avgusta-2022-goda-v-plimute-shtat-mich.md:title,плимуте,"16 августа 2022 года в плимуте, штат Мичиган свой семина проведет международный консорциум Global Hu",Плимуте | Плимут | Плимута | Плимуту,LOW,SPELLING
2022-05-16-16-avgusta-2022-goda-v-plimute-shtat-mich.md:title,семина,"16 августа 2022 года в плимуте, штат Мичиган свой семина проведет международный консорциум Global Hu",семинар | седина | семена | семита | серина,LOW,SPELLING
2022-05-16-16-avgusta-2022-goda-v-plimute-shtat-mich.md:body,автопроизводителей,"Данный консорциум состоит из 10 автопроизводителей и поставщиков, работающих над развитием технологи",авто производителей | авто-производителей,LOW,SPELLING
2022-05-16-16-avgusta-2022-goda-v-plimute-shtat-mich.md:body,паблика,"Данный консорциум состоит из 10 автопроизводителей и поставщиков, работающих над развитием технологи",публика | Павлика | па блика | па-блика | паб лика,LOW,SPELLING
2022-05-19-etot-vebinar-byl-predstavlen-doktorom-lo.md:title,Лореном,Этот вебинар был представлен доктором Лореном Лоригом (Dr.,Лощеном | Мореном | Тореном,LOW,SPELLING
2022-05-19-etot-vebinar-byl-predstavlen-doktorom-lo.md:title,Лоригом,Этот вебинар был представлен доктором Лореном Лоригом (Dr.,Лор игом | Лор-игом | Ориг | Логом | Лором,LOW,SPELLING
2022-05-20-sph-modelirovanie-vnutrikorpusnogo-uder.md:title,внутрикорпусного," моделирование внутрикорпусного удержание (IVR, in-vessel retention) расплава активной зоны путем вн",внутри корпусного | внутри-корпусного,LOW,SPELLING
2022-05-24-betacae-systems-obyavili-o-tom-chto-tep.md:body,слошинг,Решатель предназначен для моделирования  процессов. Основные примеры применения от разработчика: нап,слябинг | смокинг | блошиный,LOW,SPELLING
2022-05-27-spetsialist-rand-simulation-fea-dennis.md:title,Деннис,"Специалист  Simulation , Деннис Чен, рассказывает, как использование инструментов  может помочь инже",Денис | Денник | Теннис,LOW,SPELLING
2022-05-27-spetsialist-rand-simulation-fea-dennis.md:title,Чен,"Специалист  Simulation , Деннис Чен, рассказывает, как использование инструментов  может помочь инже",Челн | Член | Учен | Цен | Фен,LOW,SPELLING
2022-06-01-kollegi-segodnya-ya-polzuyus-svoim-polozh.md:body,паблика,"Последние несколько месяцев дались мне очень тяжело как в профессиональном, так и в моральном плане.",публика | Павлика | па блика | па-блика | паб лика,LOW,SPELLING
2022-06-05-vazhnye-obyavleniya-ob-dalneyshey-rabote-p.md:title,паблика,Важные объявления об дальнейшей работе паблика.,публика | Павлика | па блика | па-блика | паб лика,LOW,SPELLING
2022-06-05-vazhnye-obyavleniya-ob-dalneyshey-rabote-p.md:body,паблик,"С 6 июня произойдет разделение паблик по языкам. Публикации на русском останутся только в VK, Telegr",Павлик | па блик | па-блик | паб лик | паб-лик,LOW,SPELLING
2022-06-05-vazhnye-obyavleniya-ob-dalneyshey-rabote-p.md:body,заленюсь,"С 6 июня произойдет разделение паблик по языкам. Публикации на русском останутся только в VK, Telegr",заменюсь | за ленюсь | за-ленюсь | заменяться | затеняться,LOW,SPELLING
2022-06-06-segodnya-u-nas-ne-sovsem-cae-novosti-gr.md:title,какой-то,Сегодня у нас не совсем  новости. Группа ученых опубликовала в журнале Journal of Magnetic Resonance,какой | какого | каково | каковой | какова,LOW,SPELLING
2022-06-09-svezhaya-prezentatsiya-po-ansys-lsdyna-al.md:title,Контент,Свежая презентация по    от . Контент очень концентрированный. Прям как все учебные курсы по теме в ,Конвент | Кон тент | Кон-тент | Континент | Констант,LOW,SPELLING
2022-06-13-v-1961-godu-asher-shapiro-osnoval-natsional.md:title,Ашер,В 1961 году Ашер Шапиро основал Национальный комитет по фильмам по механике жидкости (National Commi,Афер | Амер | Абвер,LOW,SPELLING
2022-06-13-v-1961-godu-asher-shapiro-osnoval-natsional.md:title,Шапиро,В 1961 году Ашер Шапиро основал Национальный комитет по фильмам по механике жидкости (National Commi,Шапито | Папирос | Рапирою | Рапирой | Тапиром,LOW,SPELLING
2022-06-15-konsaltingovaya-kompaniya-v-oblasti-cfd-r.md:body,плейлист,"!!) плейлист с их полным четным курсом по  9.

  

 ",плечист | флейтист | петлистый | плечистый,LOW,SPELLING
2022-06-16-svezhiy-razbor-fem-solid-elementov-dlya.md:title,хекс,Свежий разбор   элементов для   R13 - включены объяснения по самым новым формулировкам (-18) и самым,хек | хека | хеке | хеку | кекс,LOW,SPELLING
2022-06-21-python-opensource-freymvork-automan-e.md:body,постобработку,"Основные особенности по мнению разработчиков:
- помогает организовать расчеты
- помогает организоват",пост обработку | пост-обработку,LOW,SPELLING
2022-06-21-python-opensource-freymvork-automan-e.md:body,постобработки,"Основные особенности по мнению разработчиков:
- помогает организовать расчеты
- помогает организоват",пост обработки | пост-обработки,LOW,SPELLING
2022-06-21-python-opensource-freymvork-automan-e.md:body,постобработку,"Основные особенности по мнению разработчиков:
- помогает организовать расчеты
- помогает организоват",пост обработку | пост-обработку,LOW,SPELLING
2022-06-22-pryamoe-chislennoe-modelirovanie-vzaimodey.md:title,пристенной,Прямое численное моделирование взаимодействия капли с тонкой пристенной пленкой той же жидкости.,пристанной | пристежной | причтенной | при стенной | при-стенной,LOW,SPELLING
2022-06-23-v-nastoyaschee-vremya-v-vozduhe-nahoditsya-po.md:title,беспилотников,"В настоящее время в воздухе находится почти 5 миллионов беспилотников, и ожидается, что к 2030 году ",беспилотною | беспилотное | беспилотной | беспилотном | беспилотный,LOW,SPELLING
2022-06-23-v-nastoyaschee-vremya-v-vozduhe-nahoditsya-po.md:title,дрон,"В настоящее время в воздухе находится почти 5 миллионов беспилотников, и ожидается, что к 2030 году ",дон | Дон | адрон | дроф | дрог,LOW,SPELLING
2022-06-23-v-nastoyaschee-vremya-v-vozduhe-nahoditsya-po.md:body,беспилотников,В сотрудничестве с  и  в Западном университете  Лондона был проведен анализ различных сценариев паде,беспилотною | беспилотное | беспилотной | беспилотном | беспилотный,LOW,SPELLING
2022-06-28-ministerstvo-natsionalnoy-oborony-respub.md:title,ТУ-154М,Министерство национальной обороны Республики Польша опубликовало видео отчет о крушении самолета ТУ-,ТУЯМ | ТУМБ | ТУ | УМ | БУМ,LOW,SPELLING
2022-06-28-ministerstvo-natsionalnoy-oborony-respub.md:body,Лех,"В этой катастрофе погиб президент Польши Лех Качиньский и его супруга Мария Качиньская, а также изве",Леях | Цех | Лею | Лед | Лее,LOW,SPELLING
2022-06-28-ministerstvo-natsionalnoy-oborony-respub.md:body,Качиньский,"В этой катастрофе погиб президент Польши Лех Качиньский и его супруга Мария Качиньская, а также изве",Качинский | Ачинский | Качинские | Качинских | Качинским,LOW,SPELLING
2022-06-28-ministerstvo-natsionalnoy-oborony-respub.md:body,Качиньская,"В этой катастрофе погиб президент Польши Лех Качиньский и его супруга Мария Качиньская, а также изве",Качинская | Ачинская | Качинский | Ачинский,LOW,SPELLING
2022-06-28-ministerstvo-natsionalnoy-oborony-respub.md:body,всё,"В этой катастрофе погиб президент Польши Лех Качиньский и его супруга Мария Качиньская, а также изве",всю | все | вся,LOW,SPELLING
2022-07-01-segodnya-u-nas-v-menyu-ssylka-na-obzor-raz.md:body,фотореалистичное,"Стоит отметить, что большинство рассмотренных работ делают упор на фотореалистичное моделирование дл",фото реалистичное | фото-реалистичное,LOW,SPELLING
2022-07-04-fluidx3d-eto-programmnoe-obespechenie.md:body,Боинга,"Решение идет ""в реальном времени"" благодаря использованию мощностей  через .

В качестве примера раб",Бобина | Бога | Бона | Боулинга | Допинга,LOW,SPELLING
2022-07-04-fluidx3d-eto-programmnoe-obespechenie.md:body,50k,"Решение идет ""в реальном времени"" благодаря использованию мощностей  через .

В качестве примера раб",а | и | к | о | я,LOW,SPELLING
2022-07-04-fluidx3d-eto-programmnoe-obespechenie.md:body,100k,"Решение идет ""в реальном времени"" благодаря использованию мощностей  через .

В качестве примера раб",а | и | к | о | я,LOW,SPELLING
2022-07-07-dzhusef-murad-jousef-murad-odin-iz-top.md:title,Джусеф,"Джусеф Мурад (Jousef Murad), один из топовых международнзы  болгеров, записал больше интервью с Гилб",Джозеф | Джозефа | Джозефе | Джозефу,LOW,SPELLING
2022-07-07-dzhusef-murad-jousef-murad-odin-iz-top.md:title,Мурад,"Джусеф Мурад (Jousef Murad), один из топовых международнзы  болгеров, записал больше интервью с Гилб",Мрад | Мура | Аура,LOW,SPELLING
2022-07-07-dzhusef-murad-jousef-murad-odin-iz-top.md:title,международнзы,"Джусеф Мурад (Jousef Murad), один из топовых международнзы  болгеров, записал больше интервью с Гилб",международные | международных | международный | международным | международно,LOW,SPELLING
2022-07-07-dzhusef-murad-jousef-murad-odin-iz-top.md:title,болгеров,"Джусеф Мурад (Jousef Murad), один из топовых международнзы  болгеров, записал больше интервью с Гилб",бойлеров | болеро | колеров | бюргеров | боксеров,LOW,SPELLING
2022-07-07-dzhusef-murad-jousef-murad-odin-iz-top.md:title,Гилбертом,"Джусеф Мурад (Jousef Murad), один из топовых международнзы  болгеров, записал больше интервью с Гилб",Гильбертом | Гильберт | Гильбертова,LOW,SPELLING
2022-07-07-dzhusef-murad-jousef-murad-odin-iz-top.md:title,Стренгом,"Джусеф Мурад (Jousef Murad), один из топовых международнзы  болгеров, записал больше интервью с Гилб",Треногом | Строенном | Сленгом | Стендом | Стенном,LOW,SPELLING
2022-07-11-mystran-aka-my-structural-analysis.md:title,синтаксисте," (aka My Structural Analysis) -  КЭ решатель, базирующийся на синтаксисте .",синтаксисе | синтаксис те | синтаксис-те | синтаксис | синтаксиса,LOW,SPELLING
2022-07-13-ansys-opublikoval-obzor-novyh-fishek-sle.md:title,2022R2, опубликовал обзор новых фишек следующей своей версии 2022R2. Правда обзор получился какой-то куцый.,А | И | К | О | Я,LOW,SPELLING
2022-07-13-ansys-opublikoval-obzor-novyh-fishek-sle.md:title,какой-то, опубликовал обзор новых фишек следующей своей версии 2022R2. Правда обзор получился какой-то куцый.,какой | какого | каково | каковой | какова,LOW,SPELLING
2022-07-13-ansys-opublikoval-obzor-novyh-fishek-sle.md:body,аддитивку,"Рассказали про аддитивку и немного про .

Моделирование аддитивного производства стало выглядеть как",аддитивную | аддитивен | аддитивна | аддитивно | аддитивны,LOW,SPELLING
2022-07-18-internet-seychas-zapolonili-fotografii-s.md:title,Уэбб,"Интернет сейчас заполонили фотографии, сделанные новым орбитальным телескопом Джеймс Уэбб (James Web",Ухаб | Ушиб | Убой | Умбра | Учеба,LOW,SPELLING
2022-07-18-internet-seychas-zapolonili-fotografii-s.md:title,кто-то,"Интернет сейчас заполонили фотографии, сделанные новым орбитальным телескопом Джеймс Уэбб (James Web",Киото | котом | котов | кот | кто,LOW,SPELLING
2022-07-18-internet-seychas-zapolonili-fotografii-s.md:title,блоге,"Интернет сейчас заполонили фотографии, сделанные новым орбитальным телескопом Джеймс Уэбб (James Web",боге | логе | благе | блохе | блоке,LOW,SPELLING
2022-07-18-internet-seychas-zapolonili-fotografii-s.md:title,софт,"Интернет сейчас заполонили фотографии, сделанные новым орбитальным телескопом Джеймс Уэбб (James Web",софит | соф | сот | кофт | софа,LOW,SPELLING
2022-09-08-segodnya-ya-ponyal-chto-pora-by-vosstanovit.md:title,паблика,"Сегодня я понял, что пора бы восстановить работу моего паблика, который был незаслуженно заморожен п",публика | Павлика | па блика | па-блика | паб лика,LOW,SPELLING
2022-09-08-segodnya-ya-ponyal-chto-pora-by-vosstanovit.md:body,как-то,"Первая новость после такого перерыва будет очень легкой и зеленой.

В университете Вирджинии (Univer",факто | какао | акт,LOW,SPELLING
2022-09-09-vchera-kompaniya-altair-obyavila-ob-otkry.md:title,исходны,Вчера компания  объявила об открытии исходны кодов ее явного прочностного решателя .,исходные | исходных | исходный | исходным | исходы,LOW,SPELLING
2022-09-12-video-dlya-lyubiteley-stariny-i-vintazhnogo.md:title,винтажного,Видео для любителей старины и винтажного ПО.,витражного | ватажного | виражного | авантажного | монтажного,LOW,SPELLING
2022-09-14-segodnya-ya-by-hotel-vyskazat-paru-mysley.md:body,что-то,"Многие мои друзья, с которыми мы обсуждали данный проект, изначально неправильно поняли, что это, и ",ото | тот | что | фото | лото,LOW,SPELLING
2022-09-14-segodnya-ya-by-hotel-vyskazat-paru-mysley.md:body,решателями,"Многие мои друзья, с которыми мы обсуждали данный проект, изначально неправильно поняли, что это, и ",вешателями | решат елями | решат-елями | вешателям | предателями,LOW,SPELLING
2022-09-19-vsem-chitatelyam-pablika-budet-polezno-pov.md:title,паблика,"Всем читателям паблика будет полезно повторить, как работают функции форму в FEM моделировании.",публика | Павлика | па блика | па-блика | паб лика,LOW,SPELLING
2022-09-20-segodnya-posmotrim-na-kurs-lektsiy-vveden.md:title,Гарикипати,"Сегодня посмотрим на курс лекций ""Введение в методы конечных элементов"", который читает Кришна Гарик",Прикипать | Прикипали | Прикипал | Прикипая | Прикипала,LOW,SPELLING
2022-09-27-na-proshloy-nedele-ansys-vylozhil-uchebnyy.md:body,определённому,Курс не привязан к какому-то определённому решателю. Он скорее адресован начинающи студентам и инжен,определенному | определенном | определенный,LOW,SPELLING
2022-09-27-na-proshloy-nedele-ansys-vylozhil-uchebnyy.md:body,начинающи,Курс не привязан к какому-то определённому решателю. Он скорее адресован начинающи студентам и инжен,начинающие | начинающих | начинающий | начинающим | начинаю щи,LOW,SPELLING
2022-10-03-synthetik-applied-technologies-soobschili.md:body,Даная,"Даная модель разработана в  и позволяет добавить к обычному JWL учет химической кинетики, что может ",Данная | Дачная | Драная | Дана | Давая,LOW,SPELLING
2022-10-04-nashelsya-v-seti-ochen-interesnyy-dokument.md:title,Флорианом,"Нашелся в сети очень интересный документ - лучшие практики применения модели турбулентности , сравни",Флорином | Флорин | Флора,LOW,SPELLING
2022-10-04-nashelsya-v-seti-ochen-interesnyy-dokument.md:title,Ментером,"Нашелся в сети очень интересный документ - лучшие практики применения модели турбулентности , сравни",Ментором | Монтером | Мент ером | Мент-ером | Менте ром,LOW,SPELLING
2022-10-04-nashelsya-v-seti-ochen-interesnyy-dokument.md:title,Политеха,"Нашелся в сети очень интересный документ - лучшие практики применения модели турбулентности , сравни",Политеса | Полита | Потеха | Политес | Политых,LOW,SPELLING
2022-12-06-segodnya-6-dekabrya-2022-goda-kompaniya.md:body,европы,В официальном пресс-релизе компания DYNAmore позиционируется как ключ к мировой автомобильной индуст,Европы | европ | Европа | Европе | Европу,LOW,SPELLING
2023-04-05-druzya-u-moego-byvshego-kollegi-i-horoshe.md:body,Учёба,Учёба бесплатная со стипендией (в конце текста более точные пояснения). Это хороший путь для эмиграц,Учеба | Чуба | Чуб | Ухаба | Ушиба,LOW,SPELLING
2023-04-05-druzya-u-moego-byvshego-kollegi-i-horoshe.md:body,спонсируются,Учёба бесплатная со стипендией (в конце текста более точные пояснения). Это хороший путь для эмиграц,анонсируются | анонсироваться | анонсируясь,LOW,SPELLING
2023-04-05-druzya-u-moego-byvshego-kollegi-i-horoshe.md:body,учёбы,Учёба бесплатная со стипендией (в конце текста более точные пояснения). Это хороший путь для эмиграц,учебы | чубы | чуб | ухабы | ушибы,LOW,SPELLING
2023-04-05-druzya-u-moego-byvshego-kollegi-i-horoshe.md:body,учёбы,Учёба бесплатная со стипендией (в конце текста более точные пояснения). Это хороший путь для эмиграц,учебы | чубы | чуб | ухабы | ушибы,LOW,SPELLING
2023-04-05-druzya-u-moego-byvshego-kollegi-i-horoshe.md:body,остаётся,Учёба бесплатная со стипендией (в конце текста более точные пояснения). Это хороший путь для эмиграц,остаются | остается | доставаться,LOW,SPELLING
2023-04-10-kazhetsya-chto-v-poslednee-vremya-menya-slish.md:title,блоге,"Кажется, что в последнее время меня слишком часто пинают на тему новостей в канале. Ну давайте попро",боге | логе | благе | блохе | блоке,LOW,SPELLING
2023-04-10-kazhetsya-chto-v-poslednee-vremya-menya-slish.md:body,хинт,"!!). Это наверно самый подробный материал на сегодня.

Небольшой хинт: браузер Safari в macOS очень ",хит | бинт | финт | хина | хине,LOW,SPELLING
2023-04-17-u-menya-est-vazhnoe-obyavlenie.md:body,паблик,"У меня есть, важное объявление.

Как вы могли заметить, паблик долгое время простаивал. Отчасти это ",Павлик | па блик | па-блик | паб лик | паб-лик,LOW,SPELLING
2023-04-17-u-menya-est-vazhnoe-obyavlenie.md:body,контентом,"У меня есть, важное объявление.

Как вы могли заметить, паблик долгое время простаивал. Отчасти это ",конвентом | кон тентом | кон-тентом | конфетном | континентом,LOW,SPELLING
2023-04-17-u-menya-est-vazhnoe-obyavlenie.md:body,паблик,"У меня есть, важное объявление.

Как вы могли заметить, паблик долгое время простаивал. Отчасти это ",Павлик | па блик | па-блик | паб лик | паб-лик,LOW,SPELLING
2023-04-17-u-menya-est-vazhnoe-obyavlenie.md:body,паблика,"У меня есть, важное объявление.

Как вы могли заметить, паблик долгое время простаивал. Отчасти это ",публика | Павлика | па блика | па-блика | паб лика,LOW,SPELLING
2023-04-17-u-menya-est-vazhnoe-obyavlenie.md:body,телеграм,"У меня есть, важное объявление.

Как вы могли заметить, паблик долгое время простаивал. Отчасти это ",телеграмм | телегам | телеграф | телег рам | телег-рам,LOW,SPELLING
2023-04-17-u-menya-est-vazhnoe-obyavlenie.md:body,паблика,"У меня есть, важное объявление.

Как вы могли заметить, паблик долгое время простаивал. Отчасти это ",публика | Павлика | па блика | па-блика | паб лика,LOW,SPELLING
2023-04-17-u-menya-est-vazhnoe-obyavlenie.md:body,паблика,"У меня есть, важное объявление.

Как вы могли заметить, паблик долгое время простаивал. Отчасти это ",публика | Павлика | па блика | па-блика | паб лика,LOW,SPELLING
2023-04-18-prezentatsiya-doktora-horniga-iz-tu-drezde.md:title,Хорнига,Презентация доктора Хорнига из ТУ Дрездена (Германия) о высокоточном моделированииреактивных двигате,Хроника | Борнита | Горница | Горнила | Хорного,LOW,SPELLING
2023-04-18-prezentatsiya-doktora-horniga-iz-tu-drezde.md:title,моделированииреактивных,Презентация доктора Хорнига из ТУ Дрездена (Германия) о высокоточном моделированииреактивных двигате,моделировании реактивных | моделировании-реактивных,LOW,SPELLING
2023-04-19-alexandre-sirois-vigneux-opublikoval-svo.md:title,видое,Alexandre Sirois-Vigneux опубликовал свое видое с тестовым примером работы его ML/GPU-ускоренным MPM,видео | видное | виде | видок | видом,LOW,SPELLING
2023-04-19-alexandre-sirois-vigneux-opublikoval-svo.md:body,снегa,"И его моделирование снегa выглядит очень реалистично, хотя это конечно больше VFX чем точная физика.",снег | снега | снеге | снегу,LOW,SPELLING
2023-04-20-u-particleworks-europe-est-sovershenno-s.md:title,сумашедшие,"У Particleworks Europe есть совершенно сумашедшие демо того, как они моделируют процесс печати на по",сумасшедшие | сума шедшие | сума-шедшие | сумасшедшее | сумасшедших,LOW,SPELLING
2023-04-20-u-particleworks-europe-est-sovershenno-s.md:title,демо,"У Particleworks Europe есть совершенно сумашедшие демо того, как они моделируют процесс печати на по",демон | дело | депо | немо | семо,LOW,SPELLING
2023-04-20-u-particleworks-europe-est-sovershenno-s.md:title,филаментом,"У Particleworks Europe есть совершенно сумашедшие демо того, как они моделируют процесс печати на по",Филаретом | фламенко | Филарет,LOW,SPELLING
2023-04-20-u-particleworks-europe-est-sovershenno-s.md:title,что-то,"У Particleworks Europe есть совершенно сумашедшие демо того, как они моделируют процесс печати на по",ото | тот | что | фото | лото,LOW,SPELLING
2023-04-20-u-particleworks-europe-est-sovershenno-s.md:body,Признаюст,""" Признаюст честно, мне слабо.  

3D Printing Helices - Reproducing work from Wyss Insitute - Partic",Признают | Признаюсь | Признаю ст | Признаю-ст,LOW,SPELLING
2023-04-22-machine-learning-methods-in-geotechnical.md:body,пенетрация,"Machine Learning Methods in Geotechnical Engineering

Подход машинного обучения является областью ис",генерация | генерациях | генерациям | генерацию | генерации,LOW,SPELLING
2023-04-22-machine-learning-methods-in-geotechnical.md:body,геотехнических,"Machine Learning Methods in Geotechnical Engineering

Подход машинного обучения является областью ис",гелиотехнических | лесотехнических | агротехнических | биотехнических | геотермических,LOW,SPELLING
2023-04-22-machine-learning-methods-in-geotechnical.md:body,Маджид,"Machine Learning Methods in Geotechnical Engineering

Подход машинного обучения является областью ис",Мадрид | Мадрида | Мадриде | Мадриду | Хаджи,LOW,SPELLING
2023-04-22-nebolshoy-nabros-na-ventilyator-v-tsest-p.md:title,наброс,Небольшой наброс на вентилятор в цесть пятницы.,набрось | нарос | заброс | наб рос | наб-рос,LOW,SPELLING
2023-04-22-nebolshoy-nabros-na-ventilyator-v-tsest-p.md:title,цесть,Небольшой наброс на вентилятор в цесть пятницы.,есть | десть | лесть | месть | несть,LOW,SPELLING
2023-04-22-nebolshoy-nabros-na-ventilyator-v-tsest-p.md:body,наброс,"Небольшой наброс на вентилятор в цесть пятницы.

В книге «Черты будущего» (в оригинале «Profiles of ",набрось | нарос | заброс | наб рос | наб-рос,LOW,SPELLING
2023-04-22-nebolshoy-nabros-na-ventilyator-v-tsest-p.md:body,цесть,"Небольшой наброс на вентилятор в цесть пятницы.

В книге «Черты будущего» (в оригинале «Profiles of ",есть | десть | лесть | месть | несть,LOW,SPELLING
2023-04-22-nebolshoy-nabros-na-ventilyator-v-tsest-p.md:body,футуролог,"Небольшой наброс на вентилятор в цесть пятницы.

В книге «Черты будущего» (в оригинале «Profiles of ",фут уролог | фут-уролог | футурологию | футурологии | футурология,LOW,SPELLING
2023-04-22-nebolshoy-nabros-na-ventilyator-v-tsest-p.md:body,учёный,"Небольшой наброс на вентилятор в цесть пятницы.

В книге «Черты будущего» (в оригинале «Profiles of ",ученый | чудный | чумный | кучный | тучный,LOW,SPELLING
2023-04-22-nebolshoy-nabros-na-ventilyator-v-tsest-p.md:body,определённо,"Небольшой наброс на вентилятор в цесть пятницы.

В книге «Черты будущего» (в оригинале «Profiles of ",определенно | определенною | определенное | определенной | определенном,LOW,SPELLING
2023-04-22-nebolshoy-nabros-na-ventilyator-v-tsest-p.md:body,коментировать,"Небольшой наброс на вентилятор в цесть пятницы.

В книге «Черты будущего» (в оригинале «Profiles of ",комментировать | компенсировать | цементировать | командировать | коммутировать,LOW,SPELLING
2023-04-23-v-sredu-26-aprelya-2023-goda-v-800-utr.md:body,из-за,"Physics ML - это термин, который  в NVIDIA используется для обсуждения решения сложных инженерных за",изба | извоза | изюма | из | низа,LOW,SPELLING
2023-04-25-kak-reshat-bolshe-zadachi-s-bryzgami.md:body,охлождение,"Как решать больше задачи с брызгами?

В современной автомобильной, и не только, промышленности очень",охлаждение | обхождение | отхождение | хождение | охлаждением,LOW,SPELLING
2023-04-25-kak-reshat-bolshe-zadachi-s-bryzgami.md:body,чего-то,"Как решать больше задачи с брызгами?

В современной автомобильной, и не только, промышленности очень",чего | неготов | чеботом | чеботов | чебот,LOW,SPELLING
2023-04-25-kak-reshat-bolshe-zadachi-s-bryzgami.md:body,сравненеие,"Как решать больше задачи с брызгами?

В современной автомобильной, и не только, промышленности очень",сравнение | сравнением | равнение | сравнению | сравнении,LOW,SPELLING
2023-04-26-arm-protsessory-dlya-cae.md:body,серверные,"ARM процессоры для CAE

Очень жаль, что все большие игроки CAE рынка игнорируют платформу macOS и ее",северные | сер верные | сер-верные | суеверные | сервере,LOW,SPELLING
2023-04-27-esche-v-proshloy-zhizni-ya-rasskazyval-vam-k.md:title,Йорген,"Еще в прошлой жизни я рассказывал вам, как Доктор Йорген Бергстром на своем канале учит писать КЭ ре",Морен | Орден | Орган | Торен | Боргес,LOW,SPELLING
2023-04-27-esche-v-proshloy-zhizni-ya-rasskazyval-vam-k.md:title,Бергстром,"Еще в прошлой жизни я рассказывал вам, как Доктор Йорген Бергстром на своем канале учит писать КЭ ре",Бегством | Бегство | Береста,LOW,SPELLING
2023-04-27-esche-v-proshloy-zhizni-ya-rasskazyval-vam-k.md:title,рашатель,"Еще в прошлой жизни я рассказывал вам, как Доктор Йорген Бергстром на своем канале учит писать КЭ ре",рашель | багатель | гадатель | каратель | радетель,LOW,SPELLING
2023-04-27-esche-v-proshloy-zhizni-ya-rasskazyval-vam-k.md:title,плейлист,"Еще в прошлой жизни я рассказывал вам, как Доктор Йорген Бергстром на своем канале учит писать КЭ ре",плечист | флейтист | петлистый | плечистый,LOW,SPELLING
2023-04-28-the-permas-finite-element-software.md:body,годова,"The PERMAS Finite Element Software

Этот код берет свое начало с 60-х годова, когда разработка его п",годовая | годов | голова | готова | готовый,LOW,SPELLING
2023-04-28-the-permas-finite-element-software.md:body,пропродителя,"The PERMAS Finite Element Software

Этот код берет свое начало с 60-х годова, когда разработка его п",прародителя | прародитель | прародителях | прародителям | прародителю,LOW,SPELLING
2023-04-28-the-permas-finite-element-software.md:body,уделывает,"The PERMAS Finite Element Software

Этот код берет свое начало с 60-х годова, когда разработка его п",вделывает | делывать | вделывать,LOW,SPELLING
2023-05-01-nauchnaya-statya-pro-samoe-bolshe-dns-mode.md:body,триллона,Научный CFD код BATS-R-US MHD перемолол 0.5 триллона ячеек. Было потрачено 200 миллионами процессорн,триллиона | трилона | биллонный,LOW,SPELLING
2023-05-03-obzor-sovremennogo-sosoyaniya-podhodov-k-g.md:title,сосояния,Обзор современного сосояния подходов к генерации HEX сеток.,состояния | состояниях | состояниям | достояния | состоянию,LOW,SPELLING
2023-05-03-obzor-sovremennogo-sosoyaniya-podhodov-k-g.md:body,сосояния,"Обзор современного сосояния подходов к генерации HEX сеток.

44 страницы отличного материала. Охваты",состояния | состояниях | состояниям | достояния | состоянию,LOW,SPELLING
2023-05-03-obzor-sovremennogo-sosoyaniya-podhodov-k-g.md:body,постобработки,"Обзор современного сосояния подходов к генерации HEX сеток.

44 страницы отличного материала. Охваты",пост обработки | пост-обработки,LOW,SPELLING
2023-05-03-obzor-sovremennogo-sosoyaniya-podhodov-k-g.md:body,описывабтся,"Обзор современного сосояния подходов к генерации HEX сеток.

44 страницы отличного материала. Охваты",описываются | описывается | описываемся,LOW,SPELLING
2023-05-04-taniqwind-pro-i-taniqwind-design.md:body,игоком,"TaniqWind Pro и TaniqWind Design

Не только CADWIND является игоком на рынке ПО генерирующего слоист",игроком | иноком | иго ком | иго-ком | игрек,LOW,SPELLING
2023-05-04-taniqwind-pro-i-taniqwind-design.md:body,ключь,"TaniqWind Pro и TaniqWind Design

Не только CADWIND является игоком на рынке ПО генерирующего слоист",ключ | клюнь | ключа | ключе | ключи,LOW,SPELLING
2023-05-04-taniqwind-pro-i-taniqwind-design.md:body,софт,"TaniqWind Pro и TaniqWind Design

Не только CADWIND является игоком на рынке ПО генерирующего слоист",софит | соф | сот | кофт | софа,LOW,SPELLING
2023-05-05-kriteriy-ustoychivosti-drukera.md:title,Друкера,Критерий устойчивости Друкера,Докера | Рокера | Эркера | Брокера | Драгера,LOW,SPELLING
2023-05-05-kriteriy-ustoychivosti-drukera.md:body,Друкера,"Критерий устойчивости Друкера

Первый критерий устойчивости Друкера (на самом деле впервые предложен",Докера | Рокера | Эркера | Брокера | Драгера,LOW,SPELLING
2023-05-05-kriteriy-ustoychivosti-drukera.md:body,Друкера,"Критерий устойчивости Друкера

Первый критерий устойчивости Друкера (на самом деле впервые предложен",Докера | Рокера | Эркера | Брокера | Драгера,LOW,SPELLING
2023-05-05-kriteriy-ustoychivosti-drukera.md:body,Хиллом,"Критерий устойчивости Друкера

Первый критерий устойчивости Друкера (на самом деле впервые предложен",Хилом | Холлом | Биллом | Хил лом | Хил-лом,LOW,SPELLING
2023-05-05-kriteriy-ustoychivosti-drukera.md:body,устойчиости,"Критерий устойчивости Друкера

Первый критерий устойчивости Друкера (на самом деле впервые предложен",устойчивости | остойчивости | устойчивость | остойчивость,LOW,SPELLING
2023-05-05-kriteriy-ustoychivosti-drukera.md:body,Хилла,"Критерий устойчивости Друкера

Первый критерий устойчивости Друкера (на самом деле впервые предложен",Хила | Холла | Вилла | Билла | Ил,LOW,SPELLING
2023-05-08-kurs-po-izogeometricheskomu-analizu-iga.md:title,изогеометрическому,Курс по изогеометрическому анализу (IGA) - пр.,изо геометрическому | изо-геометрическому,LOW,SPELLING
2023-05-08-kurs-po-izogeometricheskomu-analizu-iga.md:body,Стефан,"Стефан Бордас (Pr. Stéphane Bordas), Люксембургский университет

Я продолжаю считать, что IGA - это ",Стеган | Стесан | Степан | Стеганный | Стесанный,LOW,SPELLING
2023-05-08-kurs-po-izogeometricheskomu-analizu-iga.md:body,Бордас,"Стефан Бордас (Pr. Stéphane Bordas), Люксембургский университет

Я продолжаю считать, что IGA - это ",Борода | Орда | Бориса | Бородах | Бородам,LOW,SPELLING
2023-05-08-kurs-po-izogeometricheskomu-analizu-iga.md:body,Стефана,"Стефан Бордас (Pr. Stéphane Bordas), Люксембургский университет

Я продолжаю считать, что IGA - это ",Стегана | Стесана | Степана | Стеганый,LOW,SPELLING
2023-05-08-kurs-po-izogeometricheskomu-analizu-iga.md:body,Бордаса,"Стефан Бордас (Pr. Stéphane Bordas), Люксембургский университет

Я продолжаю считать, что IGA - это ",Бородата | Бородача | Мордаста | Бората | Бориса,LOW,SPELLING
2023-05-08-kurs-po-izogeometricheskomu-analizu-iga.md:body,Лимерика,"Стефан Бордас (Pr. Stéphane Bordas), Люксембургский университет

Я продолжаю считать, что IGA - это ",Лирика | Ликерчика | Америка | Семерика | Лирик,LOW,SPELLING
2023-05-08-kurs-po-izogeometricheskomu-analizu-iga.md:body,акдитории,"Стефан Бордас (Pr. Stéphane Bordas), Люксембургский университет

Я продолжаю считать, что IGA - это ",аудитории | акватории | аудиторию | аудиторий | аудитория,LOW,SPELLING
2023-05-15-14th-european-ls-dyna-conference.md:title,14th,14th European LS-DYNA Conference,а | и | к | о | я,LOW,SPELLING
2023-05-15-14th-european-ls-dyna-conference.md:body,14th,"14th European LS-DYNA Conference

Новость для тех, кто работает в европе и можете приехать в Германи",а | и | к | о | я,LOW,SPELLING
2023-05-15-14th-european-ls-dyna-conference.md:body,европе,"14th European LS-DYNA Conference

Новость для тех, кто работает в европе и можете приехать в Германи",Европе | европ | Европа | Европу | Европы,LOW,SPELLING
2023-05-16-simulation-open-framework-architecture.md:body,симуляторов,"Simulation Open Framework Architecture - SOFA

Идея создания платформы с открытым исходным кодом для",стимуляторов | стимулятор | стимулятором,LOW,SPELLING
2023-05-16-simulation-open-framework-architecture.md:body,стартапов,"Simulation Open Framework Architecture - SOFA

Идея создания платформы с открытым исходным кодом для",сатрапов | стартов | стартеров | сатрап | старт,LOW,SPELLING
2023-05-16-simulation-open-framework-architecture.md:body,аневризмах,"Simulation Open Framework Architecture - SOFA

Идея создания платформы с открытым исходным кодом для",аневризма | аневризм ах | аневризм-ах | аневризм | аневризме,LOW,SPELLING
2023-05-16-simulation-open-framework-architecture.md:body,ппедлагаю,"Simulation Open Framework Architecture - SOFA

Идея создания платформы с открытым исходным кодом для",предлагаю | предлагают | предлагай | предлагал | предлагая,LOW,SPELLING
2023-05-16-simulation-open-framework-architecture.md:body,запиьси,"Simulation Open Framework Architecture - SOFA

Идея создания платформы с открытым исходным кодом для",записи | запись | записки | записью | закиси,LOW,SPELLING
2023-05-17-diabatix-obyavlyaet-o-tehnologicheskom-par.md:body,водоблоках,"Есть такая сравнительно молодая компания Diabatix, которая разрабатывает свой код ColdStream. Данный",водостоках | водоток | водосток,LOW,SPELLING
2023-05-17-diabatix-obyavlyaet-o-tehnologicheskom-par.md:body,Асакер,"Есть такая сравнительно молодая компания Diabatix, которая разрабатывает свой код ColdStream. Данный",Анкер | Аскет | Хакер | Сапер | Аматер,LOW,SPELLING
2023-05-18-ansys-pokupaet-diakopto.md:body,Ансис,"Ansys покупает Diakopto

Ансис опять пошел за покупками. На этот раз был куплен сравнительно молодая",Анис | Анфис | Абрис,LOW,SPELLING
2023-05-18-ansys-pokupaet-diakopto.md:body,софт,"Ansys покупает Diakopto

Ансис опять пошел за покупками. На этот раз был куплен сравнительно молодая",софит | соф | сот | кофт | софа,LOW,SPELLING
2023-05-19-dynamore-infoday-automotive-and-aerospac.md:body,таймкодом,"DYNAmore Infoday Automotive and Aerospace Applications

Теперь вам придется найти в своем плотном гр",тайм кодом | тайм-кодом | тайком,LOW,SPELLING
2023-05-19-dynamore-infoday-automotive-and-aerospac.md:body,Мертен,"DYNAmore Infoday Automotive and Aerospace Applications

Теперь вам придется найти в своем плотном гр",Мертвен | Мерен | Смертен | Мартен,LOW,SPELLING
2023-05-19-dynamore-infoday-automotive-and-aerospac.md:body,Бюль,"DYNAmore Infoday Automotive and Aerospace Applications

Теперь вам придется найти в своем плотном гр",Бюлл | Бель | Боль | Буль | Быль,LOW,SPELLING
2023-05-19-dynamore-infoday-automotive-and-aerospac.md:body,Кох,"DYNAmore Infoday Automotive and Aerospace Applications

Теперь вам придется найти в своем плотном гр",Коих | Крох | Ко | Ох | Дох,LOW,SPELLING
2023-05-23-m-star-cfd.md:body,эффектаная,"M-Star CFD

Набрел еще на один GPU ускоренный CFD решатель на основе решетчатых уравнений Больцмана.",эффектная | эффектна | эффективная | эффектный | эффективный,LOW,SPELLING
2023-05-24-kvantovye-vychisleniya-dlya-cae.md:body,какой-то,"Квантовые вычисления для CAE
Нашел сервис, который обещает решать любые CAE задачи практически мгнов",какой | какого | каково | каковой | какова,LOW,SPELLING
2023-05-25-conservation-element-and-solution-elemen.md:body,заинтерсовались,"Conservation Element and Solution Element (CESE)

Метод Conservation Element and Solution Element (C",заинтересовались | заинтересовалась | заинтересовалось | заинтересоваться,LOW,SPELLING
2023-05-25-conservation-element-and-solution-elemen.md:body,основопологающих,"Conservation Element and Solution Element (CESE)

Метод Conservation Element and Solution Element (C",основополагающих | основополагающие | основополагающий | основополагающим,LOW,SPELLING
2023-05-26-voxon-photonics.md:body,пристыковать,"Voxon photonics

Оказывается, уже есть настоящие 3D «дисплеи» как в кино. Хотя к CAE системам пока н",при стыковать | при-стыковать | пристукивать | пристукивают | пристукивает,LOW,SPELLING
2023-05-30-pressure-based-i-density-based-solvers-v.md:body,решателями,"Pressure-Based и Density-Based Solvers в CFD

Решая уравнения сохранения массы и импульса, которые о",вешателями | решат елями | решат-елями | вешателям | предателями,LOW,SPELLING
2023-05-30-pressure-based-i-density-based-solvers-v.md:body,низкоскоростных,"Pressure-Based и Density-Based Solvers в CFD

Решая уравнения сохранения массы и импульса, которые о",низко скоростных | низко-скоростных,LOW,SPELLING
2023-05-31-kratkiy-obzor-po-lineynoy-teorii-razrushe.md:body,Ирвина,"- Теория Гриффитса: энергия идет на создание свободной поверхности трещины
- Теория Ирвина: смотрите",Ирина | Ир вина | Ир-вина | Иринах | Иринам,LOW,SPELLING
2023-06-01-vzaimodeystvie-udarnoy-volny-s-prepyatstv.md:body,рню,"Взаимодействие ударной волны с препятствиями - обзор

Взаимодействие ударной волны с препятствиями -",раню | ню | дню | мню | пню,LOW,SPELLING
2023-06-07-zadachi-mehaniki-deformiruemogo-tverdogo.md:body,Филипа,Интересная лекция от Филипа Кардифф из Университетского колледжа Дублина.  Он является основным разр,Филиппа | Филина | Филипп | Фи липа | Фи-липа,LOW,SPELLING
2023-06-08-proektirovanie-kolesa.md:body,самописном,"Проектирование колеса

Забавный расчет в самописном коде выполняющем прочностные расчеты методом гра",сам описном | сам-описном | самописок | самоличном | самописцам,LOW,SPELLING
2023-06-08-proektirovanie-kolesa.md:body,изогеометрических,"Проектирование колеса

Забавный расчет в самописном коде выполняющем прочностные расчеты методом гра",изо геометрических | изо-геометрических,LOW,SPELLING
2023-06-10-ne-v-temu-pablika.md:title,паблика,Не в тему паблика,публика | Павлика | па блика | па-блика | паб лика,LOW,SPELLING
2023-06-10-ne-v-temu-pablika.md:body,паблика,"Не в тему паблика

Позволю себе отступить от основной темы канала в честь поста выходного дня.

Я зн",публика | Павлика | па блика | па-блика | паб лика,LOW,SPELLING
2023-06-12-m3d-fea.md:title,M3d,M3d FEA,А | И | К | О | Я,LOW,SPELLING
2023-06-12-m3d-fea.md:body,M3d,"M3d FEA

За 15 лет в CAE я много каких «удобных» пользовательских интерфейсов повидал. Но это что-то",А | И | К | О | Я,LOW,SPELLING
2023-06-12-m3d-fea.md:body,что-то,"M3d FEA

За 15 лет в CAE я много каких «удобных» пользовательских интерфейсов повидал. Но это что-то",ото | тот | что | фото | лото,LOW,SPELLING
2023-06-12-m3d-fea.md:body,чем-то,"M3d FEA

За 15 лет в CAE я много каких «удобных» пользовательских интерфейсов повидал. Но это что-то",четно | четою | четой | четок | чебот,LOW,SPELLING
2023-06-12-m3d-fea.md:body,M3d,"M3d FEA

За 15 лет в CAE я много каких «удобных» пользовательских интерфейсов повидал. Но это что-то",А | И | К | О | Я,LOW,SPELLING
2023-06-13-zametki-o-vychislitelnoy-gidrodinamike.md:body,Веллер,"Заметки о вычислительной гидродинамике

На прошлой неделе подвернулась интересная книга от людей из ",Швеллер | Веер | Велюре | Швеллера | Швеллере,LOW,SPELLING
2023-06-13-zametki-o-vychislitelnoy-gidrodinamike.md:body,Крис,"Заметки о вычислительной гидродинамике

На прошлой неделе подвернулась интересная книга от людей из ",Крист | Кис | Рис | Ирис | Крик,LOW,SPELLING
2023-06-14-ispolzovanie-metodov-galerkina-na-osnov.md:title,Галеркина,Использование методов Галеркина на основе элементов высокого порядка для описания процесса интенсифи,Галерки на | Галерки-на | Галерка | Галерки | Балерина,LOW,SPELLING
2023-06-14-ispolzovanie-metodov-galerkina-na-osnov.md:body,Фрэнк,"16 мая 2023 года Фрэнк Джиральдо из Военно-морской аспирантуры представил доклад ""Использование мето",Франк | РНК | Франка | Франке | Франки,LOW,SPELLING
2023-06-14-ispolzovanie-metodov-galerkina-na-osnov.md:body,Галеркина,"16 мая 2023 года Фрэнк Джиральдо из Военно-морской аспирантуры представил доклад ""Использование мето",Галерки на | Галерки-на | Галерка | Галерки | Балерина,LOW,SPELLING
2023-06-14-ispolzovanie-metodov-galerkina-na-osnov.md:body,из-за,"16 мая 2023 года Фрэнк Джиральдо из Военно-морской аспирантуры представил доклад ""Использование мето",изба | извоза | изюма | из | низа,LOW,SPELLING
2023-06-15-blast-high-order-finite-element-hydrody.md:body,архитектурам,"BLAST: High-Order Finite Element Hydrodynamics

В рамках исследований, финансируемых LLNL, ученые ра",архитектура | архитекторам | архитектор,LOW,SPELLING
2023-06-16-this-is-hans-infoday-human-modeling.md:body,Шенке,"This is Hans: Infoday Human Modeling

Запись бесплатного информационного дня ""Моделирование человека",Шнеке | Шленке | Пшенке | Ленке | Пенке,LOW,SPELLING
2023-06-16-this-is-hans-infoday-human-modeling.md:body,Карин,"This is Hans: Infoday Human Modeling

Запись бесплатного информационного дня ""Моделирование человека",Карбин | Кармин | Картин | Карина | Карине,LOW,SPELLING
2023-06-16-this-is-hans-infoday-human-modeling.md:body,Бролин,"This is Hans: Infoday Human Modeling

Запись бесплатного информационного дня ""Моделирование человека",Бриолин | Пролин | Биолит,LOW,SPELLING
2023-06-16-this-is-hans-infoday-human-modeling.md:body,Громер,"This is Hans: Infoday Human Modeling

Запись бесплатного информационного дня ""Моделирование человека",Громе | Гример | Промер | Гром ер | Гром-ер,LOW,SPELLING
2023-06-16-this-is-hans-infoday-human-modeling.md:body,Вэй,"This is Hans: Infoday Human Modeling

Запись бесплатного информационного дня ""Моделирование человека",Эй | Вей | Вой,LOW,SPELLING
2023-06-16-this-is-hans-infoday-human-modeling.md:body,Гюстава,"This is Hans: Infoday Human Modeling

Запись бесплатного информационного дня ""Моделирование человека",Густава | Устава | Густав | Состава | Сустава,LOW,SPELLING
2023-06-16-this-is-hans-infoday-human-modeling.md:body,Эйфеля,"This is Hans: Infoday Human Modeling

Запись бесплатного информационного дня ""Моделирование человека",Кафеля | Кафель | Туфель | Вафель,LOW,SPELLING
2023-06-16-this-is-hans-infoday-human-modeling.md:body,Лерге,"This is Hans: Infoday Human Modeling

Запись бесплатного информационного дня ""Моделирование человека",Леере | Легче | Лепре | Берег | Ере,LOW,SPELLING
2023-06-16-this-is-hans-infoday-human-modeling.md:body,Авчи,"This is Hans: Infoday Human Modeling

Запись бесплатного информационного дня ""Моделирование человека",Арчи | ВИЧ | Рвачи | Авив | Аи,LOW,SPELLING
2023-06-16-this-is-hans-infoday-human-modeling.md:body,Карин,"This is Hans: Infoday Human Modeling

Запись бесплатного информационного дня ""Моделирование человека",Карбин | Кармин | Картин | Карина | Карине,LOW,SPELLING
2023-06-16-this-is-hans-infoday-human-modeling.md:body,Бролин,"This is Hans: Infoday Human Modeling

Запись бесплатного информационного дня ""Моделирование человека",Бриолин | Пролин | Биолит,LOW,SPELLING
2023-06-16-this-is-hans-infoday-human-modeling.md:body,Элерс,"This is Hans: Infoday Human Modeling

Запись бесплатного информационного дня ""Моделирование человека",Эклер | Эйлер | Лес | Эклера | Эклере,LOW,SPELLING
2023-06-16-this-is-hans-infoday-human-modeling.md:body,Шенке,"This is Hans: Infoday Human Modeling

Запись бесплатного информационного дня ""Моделирование человека",Шнеке | Шленке | Пшенке | Ленке | Пенке,LOW,SPELLING
2023-06-19-konferentsiya-polzovateley-ansys.md:body,паблика,"Конференция пользователей Ansys

Мой коллега из паблика Ansys4all решил, что без конференций по Ansy",публика | Павлика | па блика | па-блика | паб лика,LOW,SPELLING
2023-06-19-konferentsiya-polzovateley-ansys.md:body,итересно,"Конференция пользователей Ansys

Мой коллега из паблика Ansys4all решил, что без конференций по Ansy",интересно | интересною | интересное | интересной | интересном,LOW,SPELLING
2023-06-19-konferentsiya-polzovateley-ansys.md:body,Трухнов,"Конференция пользователей Ansys

Мой коллега из паблика Ansys4all решил, что без конференций по Ansy",Треухов | Труха | Рухнув | Тронов | Трудов,LOW,SPELLING
2023-06-19-konferentsiya-polzovateley-ansys.md:body,устрит,"Конференция пользователей Ansys

Мой коллега из паблика Ansys4all решил, что без конференций по Ansy",устроит | острит | устоит | устриц | устареть,LOW,SPELLING
2023-06-19-konferentsiya-polzovateley-ansys.md:body,коференцию,"Конференция пользователей Ansys

Мой коллега из паблика Ansys4all решил, что без конференций по Ansy",конференцию | конференциею | конференции | конференций | конференция,LOW,SPELLING
2023-06-19-konferentsiya-polzovateley-ansys.md:body,конфереция,"Конференция пользователей Ansys

Мой коллега из паблика Ansys4all решил, что без конференций по Ansy",конференция | конференциях | конференциям | конференцию | конференции,LOW,SPELLING
2023-06-19-konferentsiya-polzovateley-ansys.md:body,предзаписанных,"Конференция пользователей Ansys

Мой коллега из паблика Ansys4all решил, что без конференций по Ansy",пред записанных | пред-записанных | перезаписанных | предписанных | перезаписанный,LOW,SPELLING
2023-06-19-konferentsiya-polzovateley-ansys.md:body,информаци,"Конференция пользователей Ansys

Мой коллега из паблика Ansys4all решил, что без конференций по Ansy",информацию | информации | информация,LOW,SPELLING
2023-06-21-predictive-engineering-prisoedinyaetsya-k.md:body,партнёру,"Predictive Engineering присоединяется к Rand Simulation

Стало известно, что небольшая, но очень тал",партнеру | партнершу | партеру | партнер | партнера,LOW,SPELLING
2023-06-21-predictive-engineering-prisoedinyaetsya-k.md:body,слат,"Predictive Engineering присоединяется к Rand Simulation

Стало известно, что небольшая, но очень тал",салат | слать | лат | блат | плат,LOW,SPELLING
2023-06-22-uskorenie-mke-pri-pomoschi-mashinnogo-obuche.md:body,анностацией,"Ускорение МКЭ при помощи машинного обучения

Ну вот и до нас добрались ""современные"" технологии. Смо",аннотацией | аннотаций | аннотация | аннотациею,LOW,SPELLING
2023-06-23-ne-smotri-na-svarku-govorili-oni.md:body,посвященна,"Не смотри на сварку, говорили они

Но на такую сварку смотреть хочется. Сегодня тема для пятницы и о",посвященная | посвящена | по священна | по-священна | посвящен на,LOW,SPELLING
2023-06-25-dazhe-dzheym-kemeron-sharit-za-kompozity-i.md:title,Джейм,Даже Джейм Кэмерон шарит за композиты и МКЭ!,Джеймс | Джем | Дюйм,LOW,SPELLING
2023-06-25-dazhe-dzheym-kemeron-sharit-za-kompozity-i.md:title,Кэмерон,Даже Джейм Кэмерон шарит за композиты и МКЭ!,Камертон | Элерон | Камерун,LOW,SPELLING
2023-06-25-dazhe-dzheym-kemeron-sharit-za-kompozity-i.md:body,Джейм,"Даже Джейм Кэмерон шарит за композиты и МКЭ!

Надеюсь, кто такой Джеймс Кэмерон, вам рассказывать не",Джеймс | Джем | Дюйм,LOW,SPELLING
2023-06-25-dazhe-dzheym-kemeron-sharit-za-kompozity-i.md:body,Кэмерон,"Даже Джейм Кэмерон шарит за композиты и МКЭ!

Надеюсь, кто такой Джеймс Кэмерон, вам рассказывать не",Камертон | Элерон | Камерун,LOW,SPELLING
2023-06-25-dazhe-dzheym-kemeron-sharit-za-kompozity-i.md:body,Кэмерон,"Даже Джейм Кэмерон шарит за композиты и МКЭ!

Надеюсь, кто такой Джеймс Кэмерон, вам рассказывать не",Камертон | Элерон | Камерун,LOW,SPELLING
2023-06-28-kak-nado-schitat-batiskafy.md:body,Джеймся,"Как надо считать батискафы

Если вернуться к теме моделирования батискафов, подводных аппаратов и зн",Джеймс | Джеймса | Джеймсе | Джеймсу,LOW,SPELLING
2023-06-28-kak-nado-schitat-batiskafy.md:body,Кэмерона,"Как надо считать батискафы

Если вернуться к теме моделирования батискафов, подводных аппаратов и зн",Камертона | Элерона | Камеруна | Камертон | Элерон,LOW,SPELLING
2023-06-29-vse-chto-vy-hoteli-znat-pro-sovremennoe.md:body,многомасштабные,Статья (скорее целая книга из 117 страниц!!!ё) которая является наиболее полным обзором использовани,много масштабные | много-масштабные,LOW,SPELLING
2023-07-01-kalteh-modeliruet-dinamiku-puzyrey.md:title,Калтех,Калтех моделирует динамику пузырей,Кал тех | Кал-тех | Алтею | Алтее | Алтей,LOW,SPELLING
2023-07-01-kalteh-modeliruet-dinamiku-puzyrey.md:body,Калтех,"Калтех моделирует динамику пузырей

Инженеры из Калифорнийского технологического института смоделиро",Кал тех | Кал-тех | Алтею | Алтее | Алтей,LOW,SPELLING
2023-07-03-kanal-menee-skuchnyh-lektsiy.md:body,Сохранённая,"Канал менее скучных лекций

У кого есть ОДИН ЧАС, чтобы слушать ОДНУ лекцию?

Я нашел канал, который",Сохраненная | Сохранная | Сохраненный | Сохранный,LOW,SPELLING
2023-07-03-kanal-menee-skuchnyh-lektsiy.md:body,Сохранённая,"Канал менее скучных лекций

У кого есть ОДИН ЧАС, чтобы слушать ОДНУ лекцию?

Я нашел канал, который",Сохраненная | Сохранная | Сохраненный | Сохранный,LOW,SPELLING
2023-07-04-vampire.md:body,совей,"vAMpire 🧛

Когда люди подходят к результатам совей работы с долей самоиронии - это всегда хорошо. Се",своей | соей | сове | свей | новей,LOW,SPELLING
2023-07-04-vampire.md:body,решателями,"vAMpire 🧛

Когда люди подходят к результатам совей работы с долей самоиронии - это всегда хорошо. Се",вешателями | решат елями | решат-елями | вешателям | предателями,LOW,SPELLING
2023-07-04-vampire.md:body,видеокарты,"vAMpire 🧛

Когда люди подходят к результатам совей работы с долей самоиронии - это всегда хорошо. Се",видео карты | видео-карты,LOW,SPELLING
2023-07-06-rasshirenie-thermo-calc-dlya-additivnogo-p.md:title,производста,Расширение Thermo-Calc для аддитивного производста,производства | производств | производила,LOW,SPELLING
2023-07-06-rasshirenie-thermo-calc-dlya-additivnogo-p.md:body,производста,"Расширение Thermo-Calc для аддитивного производста

Данный модуль должен предсказывать свойства полу",производства | производств | производила,LOW,SPELLING
2023-07-06-rasshirenie-thermo-calc-dlya-additivnogo-p.md:body,что-то,"Расширение Thermo-Calc для аддитивного производста

Данный модуль должен предсказывать свойства полу",ото | тот | что | фото | лото,LOW,SPELLING
2023-07-07-wildkatze-cfd-solver.md:body,проетка,"Wildkatze CFD solver

wildkatze берет свое начало из проетка FVUS (Finite Volume Utilities and Solve",проекта | пролетка | кротка,LOW,SPELLING
2023-07-07-wildkatze-cfd-solver.md:body,многодисциплинарного,"Wildkatze CFD solver

wildkatze берет свое начало из проетка FVUS (Finite Volume Utilities and Solve",много дисциплинарного | много-дисциплинарного,LOW,SPELLING
2023-07-07-wildkatze-cfd-solver.md:body,многорегиональный,"Wildkatze CFD solver

wildkatze берет свое начало из проетка FVUS (Finite Volume Utilities and Solve",много региональный | много-региональный,LOW,SPELLING
2023-07-10-esi-group-pogloschena-keysight-technologie.md:body,термореактивных,"ESI Group поглощена Keysight Technologies

Новость, которая была незамеченной 2 недели. 29 июня Keys",турбореактивных | турбореактивный | турбореактивные | турбореактивным,LOW,SPELLING
2023-07-10-esi-group-pogloschena-keysight-technologie.md:body,наплавки,"ESI Group поглощена Keysight Technologies

Новость, которая была незамеченной 2 недели. 29 июня Keys",на плавки | на-плавки | плавки | неплавкие | неплавких,LOW,SPELLING
2023-07-10-esi-group-pogloschena-keysight-technologie.md:body,софта,"ESI Group поглощена Keysight Technologies

Новость, которая была незамеченной 2 недели. 29 июня Keys",софита | софа | кофта | сорта | соф та,LOW,SPELLING
2023-07-11-video-kanal-rodrigo-pasa.md:title,Родриго,Видео канал Родриго Паса,Родина | Коврига | Подруга | Родимый,LOW,SPELLING
2023-07-11-video-kanal-rodrigo-pasa.md:body,Родриго,"Видео канал Родриго Паса

Rodrigo R. Paz один из видных ученых в команде Ansys LST, специалихирующий",Родина | Коврига | Подруга | Родимый,LOW,SPELLING
2023-07-11-video-kanal-rodrigo-pasa.md:body,специалихирующийся,"Видео канал Родриго Паса

Rodrigo R. Paz один из видных ученых в команде Ansys LST, специалихирующий",специализирующийся | специализирующейся | специализирующиеся | специализирующихся | специализирующимся,LOW,SPELLING
2023-07-11-video-kanal-rodrigo-pasa.md:body,списко,"Видео канал Родриго Паса

Rodrigo R. Paz один из видных ученых в команде Ansys LST, специалихирующий",список | списком | списков | списка | списке,LOW,SPELLING
2023-07-12-modelirovanie-delfina.md:body,запилили,"Моделирование дельфина

Умные ребята запилили статью про то, как они в самописном CFD коде моделиров",зашпилили | напилили | запалили | запулили | запылили,LOW,SPELLING
2023-07-12-modelirovanie-delfina.md:body,самописном,"Моделирование дельфина

Умные ребята запилили статью про то, как они в самописном CFD коде моделиров",сам описном | сам-описном | самописок | самоличном | самописцам,LOW,SPELLING
2023-07-13-gpu-native-fem.md:body,решaтeли,"GPU native FEM

Я бы хотел сегодня с вам порассуждать, и послушать ваши комментарии. Наверно мало кт",решет | решать | решета | решето | решить,LOW,SPELLING
2023-07-13-gpu-native-fem.md:body,видеокарты,"GPU native FEM

Я бы хотел сегодня с вам порассуждать, и послушать ваши комментарии. Наверно мало кт",видео карты | видео-карты,LOW,SPELLING
2023-07-13-gpu-native-fem.md:body,решетили,"GPU native FEM

Я бы хотел сегодня с вам порассуждать, и послушать ваши комментарии. Наверно мало кт",решет или | решет-или | решили | изрешетили | решетки,LOW,SPELLING
2023-07-13-gpu-native-fem.md:body,что-то,"GPU native FEM

Я бы хотел сегодня с вам порассуждать, и послушать ваши комментарии. Наверно мало кт",ото | тот | что | фото | лото,LOW,SPELLING
2023-07-13-gpu-native-fem.md:body,решателем,"GPU native FEM

Я бы хотел сегодня с вам порассуждать, и послушать ваши комментарии. Наверно мало кт",вешателем | вешателе | предателем | вешатель | делателем,LOW,SPELLING
2023-07-13-gpu-native-fem.md:body,решателем,"GPU native FEM

Я бы хотел сегодня с вам порассуждать, и послушать ваши комментарии. Наверно мало кт",вешателем | вешателе | предателем | вешатель | делателем,LOW,SPELLING
2023-07-13-gpu-native-fem.md:body,чем-то,"GPU native FEM

Я бы хотел сегодня с вам порассуждать, и послушать ваши комментарии. Наверно мало кт",четно | четою | четой | четок | чебот,LOW,SPELLING
2023-07-14-robastnaya-topologicheskaya-optimizatsiya.md:title,Робастная,Робастная топологическая оптимизация,Областная | Лобастая | Зобастая | Лопастная | Областной,LOW,SPELLING
2023-07-14-robastnaya-topologicheskaya-optimizatsiya.md:body,Робастная,"Робастная топологическая оптимизация

На мой взгляд, у коллеги очень здоровое видение того, как можн",Областная | Лобастая | Зобастая | Лопастная | Областной,LOW,SPELLING
2023-07-14-robastnaya-topologicheskaya-optimizatsiya.md:body,стахастический,"Робастная топологическая оптимизация

На мой взгляд, у коллеги очень здоровое видение того, как можн",стохастический | стохастически | статистический | стохастические | стохастических,LOW,SPELLING
2023-07-18-microsim.md:body,суперкомпьютерной,"MicroSim

MicroSim - это открытый проект в рамках Национальной суперкомпьютерной миссии правительств",супер компьютерной | супер-компьютерной,LOW,SPELLING
2023-07-19-catia-v1-na-stantsii-ibm-v-1982-godu-did.md:body,Дидье,Дидье Гайяр (Didier Gaillard) проводит демонстрацию. Экран справа используется для отображения геоме,Дядьке | Биде | Дине | Диве | Дичь,LOW,SPELLING
2023-07-19-catia-v1-na-stantsii-ibm-v-1982-godu-did.md:body,Гайяр,Дидье Гайяр (Didier Gaillard) проводит демонстрацию. Экран справа используется для отображения геоме,Гуайяв | Гаер | Майя | Сайр | Галя,LOW,SPELLING
2023-07-19-catia-v1-na-stantsii-ibm-v-1982-godu-did.md:body,винтажные,Дидье Гайяр (Didier Gaillard) проводит демонстрацию. Экран справа используется для отображения геоме,витражные | ватажные | виражные | авантажные | монтажные,LOW,SPELLING
2023-07-19-catia-v1-na-stantsii-ibm-v-1982-godu-did.md:body,коментарии,Дидье Гайяр (Didier Gaillard) проводит демонстрацию. Экран справа используется для отображения геоме,комментарии | комментарию | комментарий | комментария,LOW,SPELLING
2023-07-20-the-beginners-guide-to-aeronautics-by-n.md:body,кого-то,"В XXI веке самолеты - обычная часть повседневной жизни. Мы видим, как они пролетают, читаем о них ил",коготок | коготь | колото | колотый,LOW,SPELLING
2023-07-20-the-beginners-guide-to-aeronautics-by-n.md:body,Райт,"В XXI веке самолеты - обычная часть повседневной жизни. Мы видим, как они пролетают, читаем о них ил",Рай | Байт | Рант | Раст | Раут,LOW,SPELLING
2023-07-21-rocky-in-action.md:body,плейлист,"Rocky in Action

На этой неделе на официальном канале Rocky DEM появился новый плейлист с демонтсрац",плечист | флейтист | петлистый | плечистый,LOW,SPELLING
2023-07-21-rocky-in-action.md:body,демонтсрацией,"Rocky in Action

На этой неделе на официальном канале Rocky DEM появился новый плейлист с демонтсрац",демонстрацией | демонстраций | демонстрация | демонстрациею,LOW,SPELLING
2023-07-24-trame-pomozhet-sdelat-webui-dlya-cae.md:title,поможеть,trame поможеть сделать WebUI для CAE,поможет | поможете | поможешь,LOW,SPELLING
2023-07-24-trame-pomozhet-sdelat-webui-dlya-cae.md:body,поможеть,"trame поможеть сделать WebUI для CAE

trame - открытый python-фреймворк для созданиея web приложений",поможет | поможете | поможешь,LOW,SPELLING
2023-07-24-trame-pomozhet-sdelat-webui-dlya-cae.md:body,созданиея,"trame поможеть сделать WebUI для CAE

trame - открытый python-фреймворк для созданиея web приложений",создание | создания | созданием,LOW,SPELLING
2023-07-24-trame-pomozhet-sdelat-webui-dlya-cae.md:body,разработкиком,"trame поможеть сделать WebUI для CAE

trame - открытый python-фреймворк для созданиея web приложений",разработчиком | разработки ком | разработки-ком | разработчикам | разработчиков,LOW,SPELLING
2023-07-25-tizer-ko-vtoromu-video-podkasta-video-v.md:title,Тизер,Тизер ко второму видео подкаста.,Мизер | Тире | Триер | Тер | Тиаре,LOW,SPELLING
2023-07-25-tizer-ko-vtoromu-video-podkasta-video-v.md:title,подкаста,Тизер ко второму видео подкаста.,под каста | под-каста | поката | подкласса | подкраска,LOW,SPELLING
2023-07-25-tizer-ko-vtoromu-video-podkasta-video-v.md:body,Поженько,"Видео выйдет в пятницу (ну, или в четверг, если успею🤪)
В гостях: Ян и Мария Поженько

Мои бывшие лю",Боженькою | Боженькой | Ноженькою | Ноженькой | Боженька,LOW,SPELLING
2023-07-25-tizer-ko-vtoromu-video-podkasta-video-v.md:body,подкаст,"Видео выйдет в пятницу (ну, или в четверг, если успею🤪)
В гостях: Ян и Мария Поженько

Мои бывшие лю",подаст | поддаст | под каст | под-каст | покат,LOW,SPELLING
2023-07-25-tizer-ko-vtoromu-video-podkasta-video-v.md:body,паблика,"Видео выйдет в пятницу (ну, или в четверг, если успею🤪)
В гостях: Ян и Мария Поженько

Мои бывшие лю",публика | Павлика | па блика | па-блика | паб лика,LOW,SPELLING
2023-07-27-topologicheski-optimalnyy-velosiped.md:title,Топологически,Топологически оптимальный велосипед,Топологические | Топологических | Топологический | Топологическим | Типологически,LOW,SPELLING
2023-07-27-topologicheski-optimalnyy-velosiped.md:body,Топологически,"Топологически оптимальный велосипед

Генерация велосипедной рамы при помощи методов топологической о",Топологические | Топологических | Топологический | Топологическим | Типологически,LOW,SPELLING
2023-07-27-topologicheski-optimalnyy-velosiped.md:body,чем-то,"Топологически оптимальный велосипед

Генерация велосипедной рамы при помощи методов топологической о",четно | четою | четой | четок | чебот,LOW,SPELLING
2023-07-27-topologicheski-optimalnyy-velosiped.md:body,углепластика,"Топологически оптимальный велосипед

Генерация велосипедной рамы при помощи методов топологической о",угле пластика | угле-пластика,LOW,SPELLING
2023-07-28-ansysgpt.md:body,дообученный,"AnsysGPT

Ansys вчера запустил ""свой"" ChatGPT дообученный на всех знаниях компании. Теперь он может ",до обученный | до-обученный | обученный | дополученный | дообеденный,LOW,SPELLING
2023-07-28-ansysgpt.md:body,курглосуточную,"AnsysGPT

Ansys вчера запустил ""свой"" ChatGPT дообученный на всех знаниях компании. Теперь он может ",круглосуточную | круглосуточною | круглосуточный,LOW,SPELLING
2023-07-28-ansysgpt.md:body,достп,"AnsysGPT

Ansys вчера запустил ""свой"" ChatGPT дообученный на всех знаниях компании. Теперь он может ",доступ | доступа | доступе | доступу | доступы,LOW,SPELLING
2023-08-01-ansys-discovery-2023-r2.md:body,немногу,"Ansys Discovery 2023 R2

Discovery начинает по немногу превращаться в стоящий продкукт. На мой вкус,",немногую | немного | нем ногу | нем-ногу | немочь,LOW,SPELLING
2023-08-01-ansys-discovery-2023-r2.md:body,продкукт,"Ansys Discovery 2023 R2

Discovery начинает по немногу превращаться в стоящий продкукт. На мой вкус,",продукт | продукта | продукте | продукту | продукты,LOW,SPELLING
2023-08-01-ansys-discovery-2023-r2.md:body,внеднерие,"Ansys Discovery 2023 R2

Discovery начинает по немногу превращаться в стоящий продкукт. На мой вкус,",внедрение | внедрением | внедрению | внедрении | внедрений,LOW,SPELLING
2023-08-02-on-premise-gpt-ot-svs-fem.md:body,чат-бота,"On-premise GPT от SVS FEM

Чешский ANSYS Channel Partner рассказал тоже рассказал о создании свое ИИ",частота | работа | забота | чебота | чебот,LOW,SPELLING
2023-08-02-on-premise-gpt-ot-svs-fem.md:body,дообученный,"On-premise GPT от SVS FEM

Чешский ANSYS Channel Partner рассказал тоже рассказал о создании свое ИИ",до обученный | до-обученный | обученный | дополученный | дообеденный,LOW,SPELLING
2023-08-02-on-premise-gpt-ot-svs-fem.md:body,нетехнические,"On-premise GPT от SVS FEM

Чешский ANSYS Channel Partner рассказал тоже рассказал о создании свое ИИ",не технические | не-технические | технические | технический | технически,LOW,SPELLING
2023-08-02-on-premise-gpt-ot-svs-fem.md:body,суперкомпьютеры,"On-premise GPT от SVS FEM

Чешский ANSYS Channel Partner рассказал тоже рассказал о создании свое ИИ",супер компьютеры | супер-компьютеры,LOW,SPELLING
2023-08-02-on-premise-gpt-ot-svs-fem.md:body,Леонадра,"On-premise GPT от SVS FEM

Чешский ANSYS Channel Partner рассказал тоже рассказал о создании свое ИИ",Леопарда | Лежандра | Леонида | Леопард | Лежандр,LOW,SPELLING
2023-08-03-preonlab-60.md:body,Выщедщая,"PreonLab 6.0

Выщедщая новая версия ISPH решателя PreonLab 6.0 умеет делать красиво и быстро. А еще,",Выедая | Выведшая | Вышедшая | Выедать | Выведать,LOW,SPELLING
2023-08-03-preonlab-60.md:body,как-то,"PreonLab 6.0

Выщедщая новая версия ISPH решателя PreonLab 6.0 умеет делать красиво и быстро. А еще,",факто | какао | акт,LOW,SPELLING
2023-08-03-preonlab-60.md:body,уменю,"PreonLab 6.0

Выщедщая новая версия ISPH решателя PreonLab 6.0 умеет делать красиво и быстро. А еще,",умнею | умению | уменью | меню | умею,LOW,SPELLING
2023-08-03-preonlab-60.md:body,многофазку,"PreonLab 6.0

Выщедщая новая версия ISPH решателя PreonLab 6.0 умеет делать красиво и быстро. А еще,",многофазную | многоглазку | многофазный | многоглазка,LOW,SPELLING
2023-08-04-ansa-24.md:body,промашленности,"ANSA 24
На недели вышел релиз главного препроцессора для автомобильной промашленности. Из того, что ",промышленности | промышленность | промышленностями | промышленностей | промышленностях,LOW,SPELLING
2023-08-04-ansa-24.md:body,секто,"ANSA 24
На недели вышел релиз главного препроцессора для автомобильной промашленности. Из того, что ",сектою | сектой | сектор | сект | некто,LOW,SPELLING
2023-08-05-ya-uzhe-neskolko-raz-poluchal-voprosy-ot-k.md:title,проффессионального,"Я уже несколько раз получал вопросы от коллег по отрасли, у какого CAE продукта самый красивый GUI. ",профессионального | профессиональный | профессионально | профессиональною | профессиональное,LOW,SPELLING
2023-08-05-ya-uzhe-neskolko-raz-poluchal-voprosy-ot-k.md:title,тяжелеого,"Я уже несколько раз получал вопросы от коллег по отрасли, у какого CAE продукта самый красивый GUI. ",тяжелого | тяжеленного | тяжелело | тяжело | тяжелее,LOW,SPELLING
2023-08-05-ya-uzhe-neskolko-raz-poluchal-voprosy-ot-k.md:title,интефейс,"Я уже несколько раз получал вопросы от коллег по отрасли, у какого CAE продукта самый красивый GUI. ",интерфейс | интерфейса | интерфейсе | интерфейсу | интерфейсы,LOW,SPELLING
2023-08-05-ya-uzhe-neskolko-raz-poluchal-voprosy-ot-k.md:title,бысто,"Я уже несколько раз получал вопросы от коллег по отрасли, у какого CAE продукта самый красивый GUI. ",быстро | быстр | бы сто | бы-сто | быстрый,LOW,SPELLING
2023-08-05-ya-uzhe-neskolko-raz-poluchal-voprosy-ot-k.md:title,черно-зеленый,"Я уже несколько раз получал вопросы от коллег по отрасли, у какого CAE продукта самый красивый GUI. ",черноземный | вечнозеленый | черноземной | черноземные | черноземных,LOW,SPELLING
2023-08-06-segodnya-u-yuriya-novozhilova-sozdatelya-mag.md:body,паблик,"Лучший подарок, мне кажется, будет - подписаться на его паблик  (там очень много актуальных новостей",Павлик | па блик | па-блик | паб лик | паб-лик,LOW,SPELLING
2023-08-06-segodnya-u-yuriya-novozhilova-sozdatelya-mag.md:body,всё,"Лучший подарок, мне кажется, будет - подписаться на его паблик  (там очень много актуальных новостей",всю | все | вся,LOW,SPELLING
2023-08-06-segodnya-u-yuriya-novozhilova-sozdatelya-mag.md:body,подкаста,"Лучший подарок, мне кажется, будет - подписаться на его паблик  (там очень много актуальных новостей",под каста | под-каста | поката | подкласса | подкраска,LOW,SPELLING
2023-08-06-segodnya-u-yuriya-novozhilova-sozdatelya-mag.md:body,плз,"Лучший подарок, мне кажется, будет - подписаться на его паблик  (там очень много актуальных новостей",полз | пл | паз | пли | поз,LOW,SPELLING
2023-08-07-oldy-tut.md:title,Олды,Олды тут?,Оды | Олы | Орды,LOW,SPELLING
2023-08-07-oldy-tut.md:body,Олды,"Олды тут?

 

 ",Оды | Олы | Орды,LOW,SPELLING
2023-08-08-obzor-osnovnyh-vozmozhnostiey-ansys-2023r.md:title,возможностией,Обзор основных возможностией Ansys 2023R2 на русском,возможностей | возможности ей | возможности-ей | возможности | возможность,LOW,SPELLING
2023-08-08-obzor-osnovnyh-vozmozhnostiey-ansys-2023r.md:title,2023R2,Обзор основных возможностией Ansys 2023R2 на русском,А | И | К | О | Я,LOW,SPELLING
2023-08-08-obzor-osnovnyh-vozmozhnostiey-ansys-2023r.md:body,возможностией,"Обзор основных возможностией Ansys 2023R2 на русском

Мой коллега, Юрий Кабанов продолжает выпускать",возможностей | возможности ей | возможности-ей | возможности | возможность,LOW,SPELLING
2023-08-08-obzor-osnovnyh-vozmozhnostiey-ansys-2023r.md:body,2023R2,"Обзор основных возможностией Ansys 2023R2 на русском

Мой коллега, Юрий Кабанов продолжает выпускать",А | И | К | О | Я,LOW,SPELLING
2023-08-08-obzor-osnovnyh-vozmozhnostiey-ansys-2023r.md:body,офицальный,"Обзор основных возможностией Ansys 2023R2 на русском

Мой коллега, Юрий Кабанов продолжает выпускать",официальный | официальны | официальной | официальные | официальных,LOW,SPELLING
2023-08-08-obzor-osnovnyh-vozmozhnostiey-ansys-2023r.md:body,голас,"Обзор основных возможностией Ansys 2023R2 на русском

Мой коллега, Юрий Кабанов продолжает выпускать",глас | гола | голах | голам | голая,LOW,SPELLING
2023-08-08-obzor-osnovnyh-vozmozhnostiey-ansys-2023r.md:body,восстновленному,"Обзор основных возможностией Ansys 2023R2 на русском

Мой коллега, Юрий Кабанов продолжает выпускать",восстановленному | восстановленном | восставленному | восстановленный | восставленный,LOW,SPELLING
2023-08-08-obzor-osnovnyh-vozmozhnostiey-ansys-2023r.md:body,поставем,"Обзор основных возможностией Ansys 2023R2 на русском

Мой коллега, Юрий Кабанов продолжает выпускать",поставим | подставе | поставке | поставляем | подставим,LOW,SPELLING
2023-08-08-obzor-osnovnyh-vozmozhnostiey-ansys-2023r.md:body,лайков,"Обзор основных возможностией Ansys 2023R2 на русском

Мой коллега, Юрий Кабанов продолжает выпускать",лаков | лайкою | лайкой | ласков | пайков,LOW,SPELLING
2023-08-09-fibreplug-dlya-abaqus.md:body,пикольный,"FibrePlug для Abaqus

Статья про пикольный плагин для Abaqus. Плагин позволяет генерировать представ",прикольный | пришкольный | пильный | пиррольный | прикольной,LOW,SPELLING
2023-08-09-fibreplug-dlya-abaqus.md:body,плагин,"FibrePlug для Abaqus

Статья про пикольный плагин для Abaqus. Плагин позволяет генерировать представ",план | плавни | паладин | плагиат | пластин,LOW,SPELLING
2023-08-09-fibreplug-dlya-abaqus.md:body,Плагин,"FibrePlug для Abaqus

Статья про пикольный плагин для Abaqus. Плагин позволяет генерировать представ",План | Плавни | Паладин | Плагиат | Пластин,LOW,SPELLING
2023-08-09-fibreplug-dlya-abaqus.md:body,пряую,"FibrePlug для Abaqus

Статья про пикольный плагин для Abaqus. Плагин позволяет генерировать представ",прямую | пряную | пряный,LOW,SPELLING
2023-08-10-rendering-dannyh-iz-paraview-v-blender.md:body,софт,"Рендеринг данных из ParaView в Blender

Статья про то, как улучшить визуализацию ваших данных подклю",софит | соф | сот | кофт | софа,LOW,SPELLING
2023-08-11-1988-computational-fluid-dynamics-highli.md:body,визуадизации,"1988 Computational Fluid Dynamics Highlights

В этом видеоролике представлены примеры визуадизации р",визуализации | визуализацию | визуализация,LOW,SPELLING
2023-08-11-1988-computational-fluid-dynamics-highli.md:body,статоры,"1988 Computational Fluid Dynamics Highlights

В этом видеоролике представлены примеры визуадизации р",ста торы | ста-торы | стары | секаторы | сенаторы,LOW,SPELLING
2023-08-11-1988-computational-fluid-dynamics-highli.md:body,шаттла,"1988 Computational Fluid Dynamics Highlights

В этом видеоролике представлены примеры визуадизации р",шатала | штат | ватт | шато,LOW,SPELLING
2023-08-14-hpc-i-openfoam.md:body,суперкомпьютера,"HPC и OpenFOAM

Проект exaFOAM смог запустить расчет OpenFOAM на 262 144 ядрах суперкомпьютера  Hawk",супер компьютера | супер-компьютера,LOW,SPELLING
2023-08-15-nvidia-flexicubes.md:body,наконец-то,"NVIDIA FlexiCubes

Ну наконец-то! NVIDIA начала заниматься AI-based генерацией сеток! Правда это пок",наконец | наконечный | наконечною | наконечное | наконечной,LOW,SPELLING
2023-08-16-uchebnye-materialy-po-europlexus.md:body,сеточно,"Учебные материалы по Europlexus

Есть такой явный решатель, разрабатываемый под эгидой европейской э",сеточною | сеточное | сеточной | сеточном | неточно,LOW,SPELLING
2023-08-17-tretiy-vypusk-podkasta-pobalacaem-s-cae.md:title,подкаста,"Третий выпуск подкаста ""pobalaCAEm с CAE-инженерами"" с Юрием Новожиловым уже не за горами.",под каста | под-каста | поката | подкласса | подкраска,LOW,SPELLING
2023-08-17-tretiy-vypusk-podkasta-pobalacaem-s-cae.md:body,паблик,"Кто еще не подписался на его паблик t.me/MagicDPD - подписывайтесь)
П.с. а кто досмотрит подкаст для",Павлик | па блик | па-блик | паб лик | паб-лик,LOW,SPELLING
2023-08-17-tretiy-vypusk-podkasta-pobalacaem-s-cae.md:body,подкаст,"Кто еще не подписался на его паблик t.me/MagicDPD - подписывайтесь)
П.с. а кто досмотрит подкаст для",подаст | поддаст | под каст | под-каст | покат,LOW,SPELLING
2023-08-17-tretiy-vypusk-podkasta-pobalacaem-s-cae.md:body,подкаст,"Кто еще не подписался на его паблик t.me/MagicDPD - подписывайтесь)
П.с. а кто досмотрит подкаст для",подаст | поддаст | под каст | под-каст | покат,LOW,SPELLING
2023-08-18-pyatnichnaya-tema-ot-alana-bekera.md:title,Алана,Пятничная тема от Алана Бекера,Алкана | Алдана | Талана | Алчна | Клана,LOW,SPELLING
2023-08-18-pyatnichnaya-tema-ot-alana-bekera.md:title,Бекера,Пятничная тема от Алана Бекера,Бекара | Бекеша | Бек ера | Бек-ера | Бекар,LOW,SPELLING
2023-08-18-pyatnichnaya-tema-ot-alana-bekera.md:body,Алана,"Пятничная тема от Алана Бекера

 

Animation vs. Math",Алкана | Алдана | Талана | Алчна | Клана,LOW,SPELLING
2023-08-18-pyatnichnaya-tema-ot-alana-bekera.md:body,Бекера,"Пятничная тема от Алана Бекера

 

Animation vs. Math",Бекара | Бекеша | Бек ера | Бек-ера | Бекар,LOW,SPELLING
2023-08-21-nepravilnyy-giv.md:body,Власов,"Неправильный ГИВ

Мой хороший знакомый решил раздать часть своей раритетной научной библиотеки. Ну а",Власовн | Власом | Вас | Глас,LOW,SPELLING
2023-08-21-nepravilnyy-giv.md:body,Власов,"Неправильный ГИВ

Мой хороший знакомый решил раздать часть своей раритетной научной библиотеки. Ну а",Власовн | Власом | Вас | Глас,LOW,SPELLING
2023-08-21-nepravilnyy-giv.md:body,Власов,"Неправильный ГИВ

Мой хороший знакомый решил раздать часть своей раритетной научной библиотеки. Ну а",Власовн | Власом | Вас | Глас,LOW,SPELLING
2023-08-21-nepravilnyy-giv.md:body,Власов,"Неправильный ГИВ

Мой хороший знакомый решил раздать часть своей раритетной научной библиотеки. Ну а",Власовн | Власом | Вас | Глас,LOW,SPELLING
2023-08-21-nepravilnyy-giv.md:body,Лифшиц,"Неправильный ГИВ

Мой хороший знакомый решил раздать часть своей раритетной научной библиотеки. Ну а",Лисиц | Лифчик | Липшие | Липших | Липший,LOW,SPELLING
2023-08-21-nepravilnyy-giv.md:body,Лифшиц,"Неправильный ГИВ

Мой хороший знакомый решил раздать часть своей раритетной научной библиотеки. Ну а",Лисиц | Лифчик | Липшие | Липших | Липший,LOW,SPELLING
2023-08-21-nepravilnyy-giv.md:body,Лифшиц,"Неправильный ГИВ

Мой хороший знакомый решил раздать часть своей раритетной научной библиотеки. Ну а",Лисиц | Лифчик | Липшие | Липших | Липший,LOW,SPELLING
2023-08-21-nepravilnyy-giv.md:body,Соколовский,"Неправильный ГИВ

Мой хороший знакомый решил раздать часть своей раритетной научной библиотеки. Ну а",Столовский | Столовские | Столовских | Столовским | Столовской,LOW,SPELLING
2023-08-21-nepravilnyy-giv.md:body,Восстния,"Неправильный ГИВ

Мой хороший знакомый решил раздать часть своей раритетной научной библиотеки. Ну а",Восстания | Восстаниях | Восстаниям | Восстанию | Восстание,LOW,SPELLING
2023-08-21-nepravilnyy-giv.md:body,Победилетем,"Неправильный ГИВ

Мой хороший знакомый решил раздать часть своей раритетной научной библиотеки. Ну а",Победителем | Победитель | Победить | Побелеть,LOW,SPELLING
2023-08-21-nepravilnyy-giv.md:body,коментариях,"Неправильный ГИВ

Мой хороший знакомый решил раздать часть своей раритетной научной библиотеки. Ну а",комментариях | комментария | комментариям | комментарий,LOW,SPELLING
2023-09-04-kak-pisat-nauchnye-stati.md:body,нашёл,"Как писать научные статьи

За отпуск я нашёл отличную статью/шаблон, показывающую правильный путь на",нашел | нашил | нашест | нашить | намести,LOW,SPELLING
2023-09-04-kak-pisat-nauchnye-stati.md:body,какого-то,"Как писать научные статьи

За отпуск я нашёл отличную статью/шаблон, показывающую правильный путь на",наколото | заколото | наколотый | заколотый,LOW,SPELLING
2023-09-05-pydyna-uzhe-tut.md:body,достпна,"PyDYNA уже тут

Сегодня состоялся первый публичный релиз PyDYNA - python библиотеки от Ansys для под",доступна | доступная | доступа | доступный | достойна,LOW,SPELLING
2023-09-06-coreform-cubit-v-novom-relize-poluchil-ml.md:body,полуил,"Coreform Cubit в новом релизе получил ML!

Интересный и пока независимый сеточный генератор полуил и",получил | полил | полнил | полу ил | полу-ил,LOW,SPELLING
2023-09-06-coreform-cubit-v-novom-relize-poluchil-ml.md:body,респект,"Coreform Cubit в новом релизе получил ML!

Интересный и пока независимый сеточный генератор полуил и",аспект | проспект | распертый,LOW,SPELLING
2023-09-07-ai-based-physics-predictions-in-simscale.md:body,господи,"AI-Based Physics Predictions in SimScale

Начинается! 4 октября SimScale совместно с NAVASTO проводи",Господи | господин | господни | господ | господа,LOW,SPELLING
2023-09-07-ai-based-physics-predictions-in-simscale.md:body,двоникам,"AI-Based Physics Predictions in SimScale

Начинается! 4 октября SimScale совместно с NAVASTO проводи",двойникам | дворникам | дворикам,LOW,SPELLING
2023-09-08-maneken-ptitsy.md:body,птицестойкость,"Манекен птицы!

Изучение безопасности в условиях катастроф и ударов является давней темой исследован",птице стойкость | птице-стойкость,LOW,SPELLING
2023-09-12-ls-dyna-aerospace-working-group-modelin.md:body,количесвто,"LS-DYNA® Aerospace Working Group Modeling Guidelines

LS-DYNA® AWG Modeling Guidelines  - это одна и",количество | количеством | количеств | количества | количестве,LOW,SPELLING
2023-09-15-attestatsiya-ls-dyna-i-mapdl-v-ntts-yarb.md:body,Дмитриевым,"Аттестация LS-DYNA и MAPDL в НТЦ ЯРБ

Внезапная и немного грустная весточка из прошлой жизни. Оказыв",Дмитриевны | Дмитрием | Дмитриев | Дмитриевнам | Дмитриевн,LOW,SPELLING
2023-09-18-nauchnye-stati-kak-audio-knizhki.md:body,Во-первых,"Научные статьи как аудио книжки

Listening.io предлагает странное но интересное. Их приложение позво",Первых | Оперных | Опертых | Волевых | Впертых,LOW,SPELLING
2023-09-18-nauchnye-stati-kak-audio-knizhki.md:body,Во-вторых,"Научные статьи как аудио книжки

Listening.io предлагает странное но интересное. Их приложение позво",Повторных | Которых | Повторный | Который,LOW,SPELLING
2023-09-20-kogda-krash-testy-byli-esche-cherno-belymi.md:title,краш,Когда краш тесты были еще чёрно-белыми,краше | крашу | каш | краю | краб,LOW,SPELLING
2023-09-20-kogda-krash-testy-byli-esche-cherno-belymi.md:body,краш,"Когда краш тесты были еще чёрно-белыми

Интересная статья от 1995 года, где мой любимый решатель еще",краше | крашу | каш | краю | краб,LOW,SPELLING
2023-09-20-kogda-krash-testy-byli-esche-cherno-belymi.md:body,Гюнтер,"Когда краш тесты были еще чёрно-белыми

Интересная статья от 1995 года, где мой любимый решатель еще",Грюндер | Мюнстер | Юнкер | Гетер | Тюнер,LOW,SPELLING
2023-09-20-kogda-krash-testy-byli-esche-cherno-belymi.md:body,Мюллер,"Когда краш тесты были еще чёрно-белыми

Интересная статья от 1995 года, где мой любимый решатель еще",Киллер | Маклер | Маллеин,LOW,SPELLING
2023-09-20-kogda-krash-testy-byli-esche-cherno-belymi.md:body,Нильссон,"Когда краш тесты были еще чёрно-белыми

Интересная статья от 1995 года, где мой любимый решатель еще",Вильсон | Вильсона | Вильсоне | Вильсону,LOW,SPELLING
2023-09-21-dns-modelirovanie-techeniya-rucheyka.md:body,Даниэлем,"DNS моделирование течения ручейка

Прямое численное моделирование (DNS) течения ручейка на различных",Дани элем | Дани-элем | Даниле | Данииле | Даниилам,LOW,SPELLING
2023-09-21-dns-modelirovanie-techeniya-rucheyka.md:body,Даниэлем,"DNS моделирование течения ручейка

Прямое численное моделирование (DNS) течения ручейка на различных",Дани элем | Дани-элем | Даниле | Данииле | Даниилам,LOW,SPELLING
2023-09-21-dns-modelirovanie-techeniya-rucheyka.md:body,Дайсингом,"DNS моделирование течения ручейка

Прямое численное моделирование (DNS) течения ручейка на различных",Айсингом | Дансингом | Айсинг | Дансинг,LOW,SPELLING
2023-09-22-ii-dlya-proektirovaniya-pechatnyh-v-allegr.md:body,блоге,"ИИ для проектирования печатных в  Allegro X AI

У Cadence  в блоге вышла статья про то, как строенны",боге | логе | благе | блохе | блоке,LOW,SPELLING
2023-09-23-dorogie-chitateli-ya-rad-chto-proekt-magi.md:body,монетизация,"Проект полностью бесплатен, так как его целью никогда не была монетизация. Но мне было бы приятно, е",демонетизация | демонетизацию | демонетизации,LOW,SPELLING
2023-09-25-latticerobot-vyshel-v-beta.md:body,патерн,"LatticeRobot вышел в beta

Мне всегда было интересно узнать, как специалисты по аддитивному производ",патер | патера | патере | патеру | патеры,LOW,SPELLING
2023-09-25-latticerobot-vyshel-v-beta.md:body,заню,"LatticeRobot вышел в beta

Мне всегда было интересно узнать, как специалисты по аддитивному производ",знаю | заною | Аню | юаню | баню,LOW,SPELLING
2023-09-27-kak-postroit-marsohod-u-sebya-vo-dvore.md:title,марсоход,Как построить марсоход у себя во дворе,пароход | парохода | пароходе | пароходу | пароходы,LOW,SPELLING
2023-09-27-kak-postroit-marsohod-u-sebya-vo-dvore.md:body,марсоход,"Как построить марсоход у себя во дворе

Знаете ли вы, что  NASA Jet Propulsion Laboratory есть проек",пароход | парохода | пароходе | пароходу | пароходы,LOW,SPELLING
2023-09-27-kak-postroit-marsohod-u-sebya-vo-dvore.md:body,ровера,"Как построить марсоход у себя во дворе

Знаете ли вы, что  NASA Jet Propulsion Laboratory есть проек",рокера | ров ера | ров-ера | ордера | проверка,LOW,SPELLING
2023-09-27-kak-postroit-marsohod-u-sebya-vo-dvore.md:body,ровер,"Как построить марсоход у себя во дворе

Знаете ли вы, что  NASA Jet Propulsion Laboratory есть проек",ковер | рокер | ровен | ров ер | ров-ер,LOW,SPELLING
2023-09-27-kak-postroit-marsohod-u-sebya-vo-dvore.md:body,ровера,"Как построить марсоход у себя во дворе

Знаете ли вы, что  NASA Jet Propulsion Laboratory есть проек",рокера | ров ера | ров-ера | ордера | проверка,LOW,SPELLING
2023-09-27-kak-postroit-marsohod-u-sebya-vo-dvore.md:body,Ровер,"Как построить марсоход у себя во дворе

Знаете ли вы, что  NASA Jet Propulsion Laboratory есть проек",Ковер | Рокер | Ровен | Ров ер | Ров-ер,LOW,SPELLING
2023-09-27-kak-postroit-marsohod-u-sebya-vo-dvore.md:body,репозитории,"Как построить марсоход у себя во дворе

Знаете ли вы, что  NASA Jet Propulsion Laboratory есть проек",депозитарии | депозитарий | депозитарию | депозитария,LOW,SPELLING
2023-09-28-super-serdtse.md:body,Дарси,"Супер сердце

Группа ученых из Миланского политехнического института опубликовала стать по созданной",Дари | Фарси | Дарьи | Дар си | Дар-си,LOW,SPELLING
2023-09-29-pervyy-manual-k-ls-dyna.md:title,мануал,Первый мануал к LS-DYNA,мангал | махнула | макнула | мазнула | махнул,LOW,SPELLING
2023-09-29-pervyy-manual-k-ls-dyna.md:body,мануал,"Первый мануал к LS-DYNA

Как я уже неоднократно говорил, я люблю следить за развитем и историей CAE ",мангал | махнула | макнула | мазнула | махнул,LOW,SPELLING
2023-09-29-pervyy-manual-k-ls-dyna.md:body,развитем,"Первый мануал к LS-DYNA

Как я уже неоднократно говорил, я люблю следить за развитем и историей CAE ",развитием | развитом | развитым | развит ем | развит-ем,LOW,SPELLING
2023-09-29-pervyy-manual-k-ls-dyna.md:body,посяастливилось,"Первый мануал к LS-DYNA

Как я уже неоднократно говорил, я люблю следить за развитем и историей CAE ",посчастливилось | посчастливится | посчастливиться,LOW,SPELLING
2023-09-29-pervyy-manual-k-ls-dyna.md:body,скан,"Первый мануал к LS-DYNA

Как я уже неоднократно говорил, я люблю следить за развитем и историей CAE ",сан | сдан | скал | скат | сказ,LOW,SPELLING
2023-09-29-pervyy-manual-k-ls-dyna.md:body,мануала,"Первый мануал к LS-DYNA

Как я уже неоднократно говорил, я люблю следить за развитем и историей CAE ",мангала | махнула | макнула | мазнула | мангалах,LOW,SPELLING
2023-10-02-altair-poglaschaet-omniquest-davayte-razb.md:title,поглащает,Altair поглащает OmniQuest.,поглощает | поглощать | поглощаете | оглашает | погадает,LOW,SPELLING
2023-10-02-altair-poglaschaet-omniquest-davayte-razb.md:body,Гэри,"Давайте разбираться, почему это важно.

У Altair уже сейчас есть два очень сильных инструмента оптим",Гари | Гири | Гори,LOW,SPELLING
2023-10-04-openradioss-community-youtube.md:body,чего-то,"OpenRadioss Community Youtube

Примерно год назад Altair открыл исходники своего нелинейного решател",чего | неготов | чеботом | чеботов | чебот,LOW,SPELLING
2023-10-06-simscale-zapuskaet-mnogofazku.md:title,многофазку,SimScale запускает многофазку,многофазную | многоглазку | многофазный | многоглазка,LOW,SPELLING
2023-10-06-simscale-zapuskaet-mnogofazku.md:body,многофазку,"SimScale запускает многофазку

Ничего особенного для тяжелых CFD решателей, которые вы ставите на св",многофазную | многоглазку | многофазный | многоглазка,LOW,SPELLING
2023-10-09-nougat-ot-facebook-research.md:body,парсер,"Nougat от Facebook Research

Я трудоголик; я люблю много работать и хочу работать эффективно. Для эф",парсек | партер | пар сер | пар-сер | парсека,LOW,SPELLING
2023-10-11-vystuplenie-na-14-oy-evropeyskoy-konfere.md:body,рассказывть,"Выступление на 14-ой европейской конференции LS-DYNA

Уважаемые коллеги, в первый день 14-й Европейс",рассказывать | рассказать | рассказываю | рассказывай | рассказывал,LOW,SPELLING
2023-10-16-aspherix-ot-dcs-computing-gmbh.md:body,Eвропе,"Aspherix от DCS Computing GmbH

Совсем недавно я узнал, кто доминирует на рынке DEM в Eвропе. Оказыв",Европе | Европ | Тропе | Вроде | Авроре,LOW,SPELLING
2023-10-16-aspherix-ot-dcs-computing-gmbh.md:body,туть,"Aspherix от DCS Computing GmbH

Совсем недавно я узнал, кто доминирует на рынке DEM в Eвропе. Оказыв",тут | ртуть | дуть | муть | путь,LOW,SPELLING
2023-10-18-na-etoy-nedele-kontent-budet-s-nebolshim.md:title,контент,На этой неделе контент будет с небольшим (хотя кого я обманываю) перекосом в ЧСВ.,конвент | кон тент | кон-тент | континент | констант,LOW,SPELLING
2023-10-23-kak-rabotaet-preobrazovanie-fure.md:body,Стюарта,"Как работает преобразование Фурье

Лаконичное объяснение Стюарта Риффла, состоящее из одного предлож",Старта | Стюарда | Стюард,LOW,SPELLING
2023-10-23-kak-rabotaet-preobrazovanie-fure.md:body,Риффла,"Как работает преобразование Фурье

Лаконичное объяснение Стюарта Риффла, состоящее из одного предлож",Риф | Рифа | Рифт | Риала | Рифли,LOW,SPELLING
2023-10-24-kanal-ili-karpova-pro-ls-dyna.md:title,Карпова,Канал Ильи Карпова про LS-DYNA,Карповая | Карповна | Карпов | Карповн,LOW,SPELLING
2023-10-24-kanal-ili-karpova-pro-ls-dyna.md:body,Карпова,"Канал Ильи Карпова про LS-DYNA

Илья делает хороший канал с разбором задач теории упругости, и, при ",Карповая | Карповна | Карпов | Карповн,LOW,SPELLING
2023-10-25-mercedes-benz-krasivo-razbil-paru-avto.md:body,краш,"Mercedes-Benz красиво разбил пару авто

Пару недель назад в Мерседес решили провести необычный краш ",краше | крашу | каш | краю | краб,LOW,SPELLING
2023-10-25-mercedes-benz-krasivo-razbil-paru-avto.md:body,кроссоверов,"Mercedes-Benz красиво разбил пару авто

Пару недель назад в Мерседес решили провести необычный краш ",кроссов еров | кроссов-еров | кроссовок | кроссовка | кроссовкою,LOW,SPELLING
2023-10-26-laserbeamfoam.md:body,наплавки,"laserbeamFoam

Решатель на основе InterFoam (кусок OpenFOAM), переназначенный для детального моделир",на плавки | на-плавки | плавки | неплавкие | неплавких,LOW,SPELLING
2023-10-27-shokoladyy-fontan-v-particleworks.md:title,Шоколадый,Шоколадый фонтан в Particleworks,Шоколадный | Шоколад | Шоколадкой | Шоколадной | Шоколадные,LOW,SPELLING
2023-10-27-shokoladyy-fontan-v-particleworks.md:body,Шоколадый,"Шоколадый фонтан в Particleworks

Сегодня не хочется ничего решать - сегодня хочется шоколада.

 

C",Шоколадный | Шоколад | Шоколадкой | Шоколадной | Шоколадные,LOW,SPELLING
2023-10-30-lektsii-po-iga.md:body,репозитории,"Лекции по IGA

У Computational Mechanics and Geometry Laboratory (Лаборатория вычислительной механик",депозитарии | депозитарий | депозитарию | депозитария,LOW,SPELLING
2023-10-31-novyy-setochnyy-generator-dlya-prepomax.md:body,софта,"Новый сеточный генератор для PrePoMax

Итак, PrePoMax - это не страшный открытый  GUI над CalculiX.
",софита | софа | кофта | сорта | соф та,LOW,SPELLING
2023-11-02-raschet-raskrytiya-solnechnyh-batarey-v-ls.md:body,блоге,"Расчет раскрытия солнечных батарей в LS-DYNA

Небольшая заметка в блоге Ansys про то, как немецкая ч",боге | логе | благе | блохе | блоке,LOW,SPELLING
2023-11-02-raschet-raskrytiya-solnechnyh-batarey-v-ls.md:body,кто-то,"Расчет раскрытия солнечных батарей в LS-DYNA

Небольшая заметка в блоге Ansys про то, как немецкая ч",Киото | котом | котов | кот | кто,LOW,SPELLING
2023-11-03-the-wheatley-aortic-valve-femfsi-numer.md:body,сильносвязанных,"Многие до сих пор считают, что Ansys LS-DYNA предназначен только для типичного явного моделирования ",сильно связанных | сильно-связанных,LOW,SPELLING
2023-11-03-the-wheatley-aortic-valve-femfsi-numer.md:body,решателем,"Многие до сих пор считают, что Ansys LS-DYNA предназначен только для типичного явного моделирования ",вешателем | вешателе | предателем | вешатель | делателем,LOW,SPELLING
2023-11-06-adaptivnye-setki-hex-i-poly-setki-dlya-op.md:title,баланировкой,Адаптивные сетки HEX и POLY сетки для OpenFOAM с баланировкой нагрузки,балансировкой | балансировка | балансировкою,LOW,SPELLING
2023-11-06-adaptivnye-setki-hex-i-poly-setki-dlya-op.md:body,репозитории,В этом новом репозитории представлены реализации библиотек OpenFOAM для выполнения адаптивного уточн,депозитарии | депозитарий | депозитарию | депозитария,LOW,SPELLING
2023-11-07-vakansiya-v-ikea.md:body,когда-то,"Вакансия в IKEA

Как я уже когда-то писал, знаменитая шведская компания для моделирования всех своих",когда | богато | рогато | космато | поддато,LOW,SPELLING
2023-11-07-vakansiya-v-ikea.md:body,пурфф,"Вакансия в IKEA

Как я уже когда-то писал, знаменитая шведская компания для моделирования всех своих",пуф | буфф | проф | пуфа | пуфе,LOW,SPELLING
2023-11-07-vakansiya-v-ikea.md:body,линк,"Вакансия в IKEA

Как я уже когда-то писал, знаменитая шведская компания для моделирования всех своих",линек | лик | цинк | линю | лине,LOW,SPELLING
2023-11-08-welsim-opensource-workbench.md:body,какие-то,"!

WelSim - это сравнительно молодой проект с открытым исходным кодом, но коммерческой лицензией. Пр",карета | ракета | ракита | кассета | калиевый,LOW,SPELLING
2023-11-08-welsim-opensource-workbench.md:body,решетили,"!

WelSim - это сравнительно молодой проект с открытым исходным кодом, но коммерческой лицензией. Пр",решет или | решет-или | решили | изрешетили | решетки,LOW,SPELLING
2023-11-09-frontistr.md:body,плагином,"FrontISTR

Оказывается есть такой открытый японский (!!!) решатель под названием FrontISTR. Он может",планом | паладином | плагиатом | платинном | папином,LOW,SPELLING
2023-11-10-modelirovanie-stirki-i-otzhima-kirpichey.md:title,отжима,Моделирование стирки и отжима кирпичей,отжимаю | отжимай | отжимал | отжимая | отжига,LOW,SPELLING
2023-11-10-modelirovanie-stirki-i-otzhima-kirpichey.md:body,отжима,"Моделирование стирки и отжима кирпичей

 with  

 

Washing Machine Destruction with LS-DYNA",отжимаю | отжимай | отжимал | отжимая | отжига,LOW,SPELLING
2023-11-14-air-water-shock-bubble-interaction.md:body,четырехъядерном,"Air-water shock bubble interaction

blastFoam показали решение классической задачи взаипосдествия уд",четырехведерном | четырехведерному | четырехведерною | четырехведерное | четырехведерной,LOW,SPELLING
2023-11-14-air-water-shock-bubble-interaction.md:body,24x20,"Air-water shock bubble interaction

blastFoam показали решение классической задачи взаипосдествия уд",а | и | к | о | я,LOW,SPELLING
2023-11-21-vkatyvaemsya-v-prepomax.md:body,медиа,"Вкатываемся в PrePoMax

Большая статья, посвященная вхождению в открытую систему для решения КЭ зада",медиан | медика | Медина | меда | меди,LOW,SPELLING
2023-11-22-zalipaem-na-cfd-s-adaptivnoy-setkoy.md:title,Залипаем,Залипаем на CFD с адаптивной сеткой,Закипаем | Залапаем | Залипшем | Заливаем | Заляпаем,LOW,SPELLING
2023-11-22-zalipaem-na-cfd-s-adaptivnoy-setkoy.md:body,Залипаем,"Залипаем на CFD с адаптивной сеткой

 

Kelvin–Helmholtz instability simulation with adaptive mesh r",Закипаем | Залапаем | Залипшем | Заливаем | Заляпаем,LOW,SPELLING
2023-11-27-validatsiya-himicheskogo-reshatelya-v-ls-dyna.md:title,Валидация,Валидация химического решателя в LS-DYNA для задач детонации/дефлаграции газовой смеси,Вариация | Вальвация | Вариациях | Вариациям | Вариацию,LOW,SPELLING
2023-11-27-validatsiya-himicheskogo-reshatelya-v-ls-dyna.md:title,дефлаграции,Валидация химического решателя в LS-DYNA для задач детонации/дефлаграции газовой смеси,дефлорации | декларации | дефлорация | декларация,LOW,SPELLING
2023-11-27-validatsiya-himicheskogo-reshatelya-v-ls-dyna.md:body,сильнодеформируемым,Моделирование детонации конденсированного промышленного ВВ можно назвать хорошо изученной задачей. Б,сильно деформируемым | сильно-деформируемым,LOW,SPELLING
2023-11-27-validatsiya-himicheskogo-reshatelya-v-ls-dyna.md:body,решателем,Моделирование детонации конденсированного промышленного ВВ можно назвать хорошо изученной задачей. Б,вешателем | вешателе | предателем | вешатель | делателем,LOW,SPELLING
2023-11-27-validatsiya-himicheskogo-reshatelya-v-ls-dyna.md:body,валидацию,Моделирование детонации конденсированного промышленного ВВ можно назвать хорошо изученной задачей. Б,вариацию | вальвацию | вариация | вальвация,LOW,SPELLING
2023-11-28-arup-rasskazyvaet-pro-nelienynye-rascheta.md:title,нелиенйные,Arup рассказывает про нелиенйные расчета зданий на сейсмические воздействия,нелинейные | нелинейны | нелинейное | нелинейных | нелинейный,LOW,SPELLING
2023-11-28-arup-rasskazyvaet-pro-nelienynye-rascheta.md:body,безнес,"Коллеги, основной безнес который именно стротельство, а не расчеты, знают только в LS-DYNA.

 

Oasy",бизнес | без нес | без-нес | безе | бизнеса,LOW,SPELLING
2023-11-28-arup-rasskazyvaet-pro-nelienynye-rascheta.md:body,стротельство,"Коллеги, основной безнес который именно стротельство, а не расчеты, знают только в LS-DYNA.

 

Oasy",строительство | строительством | строительства | строительстве | строительству,LOW,SPELLING
2023-11-29-dynacomposites.md:body,Черняев,"DYNAcomposites

Если вы хотите начать моделировать разрушение композитов в Ansys LS-DYNA и испытывае",Черневый | Чернеть | Черный,LOW,SPELLING
2023-11-29-dynacomposites.md:body,нативно,"DYNAcomposites

Если вы хотите начать моделировать разрушение композитов в Ansys LS-DYNA и испытывае",наивно | неактивно | активно | наивною | наивное,LOW,SPELLING
2023-11-30-ded-v-ansys.md:body,вединар,"DED в Ansys

Учебный вединар от Ozen по моделированию процесса прямой направки в Ansys Mechanical. Д",веди нар | веди-нар | динар | едина | седина,LOW,SPELLING
2023-11-30-ded-v-ansys.md:body,направки,"DED в Ansys

Учебный вединар от Ozen по моделированию процесса прямой направки в Ansys Mechanical. Д",заправки | на правки | на-правки | направил | направим,LOW,SPELLING
2023-11-30-ded-v-ansys.md:body,валидный,"DED в Ansys

Учебный вединар от Ozen по моделированию процесса прямой направки в Ansys Mechanical. Д",видный | галоидный | амидный | аридный | инвалидный,LOW,SPELLING
2023-12-01-modelirovanie-popkonra.md:title,попконра,Моделирование попконра,покорна | попона | попонка | покорный | подкорный,LOW,SPELLING
2023-12-01-modelirovanie-popkonra.md:body,попконра,"Моделирование попконра

Коллеги для фана смоделировали что-то на подобие процесса получения попкорна",покорна | попона | попонка | покорный | подкорный,LOW,SPELLING
2023-12-01-modelirovanie-popkonra.md:body,фана,"Моделирование попконра

Коллеги для фана смоделировали что-то на подобие процесса получения попкорна",фанат | фанга | фанта | фанза | фауна,LOW,SPELLING
2023-12-01-modelirovanie-popkonra.md:body,что-то,"Моделирование попконра

Коллеги для фана смоделировали что-то на подобие процесса получения попкорна",ото | тот | что | фото | лото,LOW,SPELLING
2023-12-01-modelirovanie-popkonra.md:body,попкорна,"Моделирование попконра

Коллеги для фана смоделировали что-то на подобие процесса получения попкорна",покорна | покорный | подкорный,LOW,SPELLING
2023-12-02-spisyvat-stydno.md:body,осадочек,"Списывать стыдно!

Это оказывается было 5 лет назад, но интернет все помнит и осадочек остается.

Жд",садочек | оса дочек | оса-дочек | садочке | осадок,LOW,SPELLING
2023-12-02-spisyvat-stydno.md:body,фейковых,"Списывать стыдно!

Это оказывается было 5 лет назад, но интернет все помнит и осадочек остается.

Жд",фресковых | дековых | вековых | чековых | ячейковых,LOW,SPELLING
2023-12-02-spisyvat-stydno.md:body,акаунтов,"Списывать стыдно!

Это оказывается было 5 лет назад, но интернет все помнит и осадочек остается.

Жд",акантовый | кантов | скаутов | акцентов | акутовый,LOW,SPELLING
2023-12-04-modelirovaniya-protsessa-polimerizatsii-ter.md:title,термореактивных,Моделирования процесса полимеризации термореактивных композитов,турбореактивных | турбореактивный | турбореактивные | турбореактивным,LOW,SPELLING
2023-12-04-modelirovaniya-protsessa-polimerizatsii-ter.md:body,мастеркласс,"LMAT совместно с Ansys записали более чем часовую лекцию- мастеркласс Томаша Гарстки. Хотете узнать,",мастер класс | мастер-класс,LOW,SPELLING
2023-12-04-modelirovaniya-protsessa-polimerizatsii-ter.md:body,Томаша,"LMAT совместно с Ansys записали более чем часовую лекцию- мастеркласс Томаша Гарстки. Хотете узнать,",Томата | Томаса | Тома ша | Тома-ша | Отмашка,LOW,SPELLING
2023-12-04-modelirovaniya-protsessa-polimerizatsii-ter.md:body,Гарстки,"LMAT совместно с Ansys записали более чем часовую лекцию- мастеркласс Томаша Гарстки. Хотете узнать,",Горстки | Галстуки | Барски | Царски | Горсти,LOW,SPELLING
2023-12-04-modelirovaniya-protsessa-polimerizatsii-ter.md:body,Хотете,"LMAT совместно с Ansys записали более чем часовую лекцию- мастеркласс Томаша Гарстки. Хотете узнать,",Хотеть | Хотите | Хо тете | Хо-тете | Хоте те,LOW,SPELLING
2023-12-07-cadfil-filament-winding-software-tec.md:body,моделировния,"Cadfil - Filament Winding Software & Technology

Еще одна система моделировния намотки. На этот раз,",моделирования | моделированию | моделирование | моделировании | модулирования,LOW,SPELLING
2023-12-07-cadfil-filament-winding-software-tec.md:body,далвения,"Cadfil - Filament Winding Software & Technology

Еще одна система моделировния намотки. На этот раз,",давления | давлениях | давлениям | удавления | давленая,LOW,SPELLING
2023-12-07-cadfil-filament-winding-software-tec.md:body,80х,"Cadfil - Filament Winding Software & Technology

Еще одна система моделировния намотки. На этот раз,",ах | их | ох | ух | эх,LOW,SPELLING
2023-12-08-materialy-proshedshego-2023-north-american.md:title,Mатериалы,Mатериалы прошедшего 2023 North American LS-DYNA User Forum,Материалы | Материал | Материала | Материале | Материалу,LOW,SPELLING
2023-12-08-materialy-proshedshego-2023-north-american.md:body,Mатериалы,"Mатериалы прошедшего 2023 North American LS-DYNA User Forum

На новом сайте Ansys LST опубликовали м",Материалы | Материал | Материала | Материале | Материалу,LOW,SPELLING
2023-12-08-materialy-proshedshego-2023-north-american.md:body,инстукция,"Mатериалы прошедшего 2023 North American LS-DYNA User Forum

На новом сайте Ansys LST опубликовали м",инструкция | инструкциях | инструкциям | инструкцию | инструкции,LOW,SPELLING
2023-12-08-materialy-proshedshego-2023-north-american.md:body,синструментах,"Mатериалы прошедшего 2023 North American LS-DYNA User Forum

На новом сайте Ansys LST опубликовали м",инструментах | инструмент | инструмента,LOW,SPELLING
2023-12-18-blastxifoam.md:body,дефлаграции,"blastXiFoam

C удивлением открыл для себя, что в поставку blastFoam (доработанный под задачи детонац",дефлорации | декларации | дефлорация | декларация,LOW,SPELLING
2023-12-18-blastxifoam.md:body,странцу,"blastXiFoam

C удивлением открыл для себя, что в поставку blastFoam (доработанный под задачи детонац",страницу | страну | стланцу | ст ранцу | ст-ранцу,LOW,SPELLING
2023-12-19-trixi-framework.md:body,дифуров,"Trixi Framework

Численное решение гиперболических дифуров на адаптивных сетках: звучит очень страшн",шифров | дилеров | димеров | динаров | Тимуров,LOW,SPELLING
2023-12-19-trixi-framework.md:body,постобработки,"Trixi Framework

Численное решение гиперболических дифуров на адаптивных сетках: звучит очень страшн",пост обработки | пост-обработки,LOW,SPELLING
2023-12-19-trixi-framework.md:body,адвекция,"Trixi Framework

Численное решение гиперболических дифуров на адаптивных сетках: звучит очень страшн",аддукция | аддукцию | аддукции,LOW,SPELLING
2023-12-19-trixi-framework.md:body,Бюргерса,"Trixi Framework

Численное решение гиперболических дифуров на адаптивных сетках: звучит очень страшн",Бюргера | Бюргерша | Бюргер,LOW,SPELLING
2023-12-20-podklyuchenie-biblioteki-materialov-polyum.md:body,кастомный,"Подключение библиотеки материалов PolyUMod к WB LS-DYNA

Все просто и сложно одновременно. Подключен",атомный | истомный | кастовый | катодный | фантомный,LOW,SPELLING
2023-12-20-podklyuchenie-biblioteki-materialov-polyum.md:body,кастомного,"Подключение библиотеки материалов PolyUMod к WB LS-DYNA

Все просто и сложно одновременно. Подключен",атомного | истомного | кастового | катодного | фантомного,LOW,SPELLING
2023-12-22-ls-dyna-icfd-multiphase.md:body,что-то,"LS-DYNA ICFD Multiphase

Кажется, уже в следующем году LST выкатят что-то очень интересное в своем I",ото | тот | что | фото | лото,LOW,SPELLING
2023-12-23-ansys-prodaetsya-ili-pokupaetsya.md:body,ансиса,"!⚡⚡⚡

Если у вас есть акции ANSS, то вы могли заметить, как вчера они скакнул на +20% в цене. Это св",аниса | Анфиса | абрис,LOW,SPELLING
2023-12-23-ansys-prodaetsya-ili-pokupaetsya.md:body,кому-то,"!⚡⚡⚡

Если у вас есть акции ANSS, то вы могли заметить, как вчера они скакнул на +20% в цене. Это св",омутом | омутов | компот | кому | омут,LOW,SPELLING
2023-12-25-druzya-otkryta-vakansiya-na-phd-studenta.md:body,Учёба,Учёба условно бесплатная со стипендией (в конце текста более точные пояснения). Тематика работ связа,Учеба | Чуба | Чуб | Ухаба | Ушиба,LOW,SPELLING
2023-12-25-druzya-otkryta-vakansiya-na-phd-studenta.md:body,неинвазивного,Учёба условно бесплатная со стипендией (в конце текста более точные пояснения). Тематика работ связа,не инвазивного | не-инвазивного | инвазивного | инвазивный | инвазивною,LOW,SPELLING
2023-12-25-druzya-otkryta-vakansiya-na-phd-studenta.md:body,спонсируется,Учёба условно бесплатная со стипендией (в конце текста более точные пояснения). Тематика работ связа,анонсируется | анонсироваться | анонсируясь,LOW,SPELLING
2023-12-25-druzya-otkryta-vakansiya-na-phd-studenta.md:body,твёрдого,Учёба условно бесплатная со стипендией (в конце текста более точные пояснения). Тематика работ связа,твердого | твердо | твердый | тверды,LOW,SPELLING
2023-12-25-druzya-otkryta-vakansiya-na-phd-studenta.md:body,учёбы,Учёба условно бесплатная со стипендией (в конце текста более точные пояснения). Тематика работ связа,учебы | чубы | чуб | ухабы | ушибы,LOW,SPELLING
2023-12-25-druzya-otkryta-vakansiya-na-phd-studenta.md:body,учёбы,Учёба условно бесплатная со стипендией (в конце текста более точные пояснения). Тематика работ связа,учебы | чубы | чуб | ухабы | ушибы,LOW,SPELLING
2023-12-25-druzya-otkryta-vakansiya-na-phd-studenta.md:body,остаётся,Учёба условно бесплатная со стипендией (в конце текста более точные пояснения). Тематика работ связа,остаются | остается | доставаться,LOW,SPELLING
2023-12-26-hexbox.md:body,нарягивания,"HexBox

HexBox - это удобный GUI для нарягивания блочной топологии на произвольную геометрию.

 

 ",натягивания | напяливания | наращивания | натягиванию | натягивание,LOW,SPELLING
2023-12-27-abachat-pogovori-s-dopumentatsiey-abaqu.md:title,допументацией,AbaChat - поговори с допументацией Abaqus!,документацией | документаций | документация | документациею,LOW,SPELLING
2023-12-27-abachat-pogovori-s-dopumentatsiey-abaqu.md:body,допументацией,"AbaChat - поговори с допументацией Abaqus!

У Lim Youngbin есть статья, как он сделал чатбот, обучен",документацией | документаций | документация | документациею,LOW,SPELLING
2023-12-27-abachat-pogovori-s-dopumentatsiey-abaqu.md:body,чатбот,"AbaChat - поговори с допументацией Abaqus!

У Lim Youngbin есть статья, как он сделал чатбот, обучен",частот | работ | забот | чебот | частота,LOW,SPELLING
2023-12-27-abachat-pogovori-s-dopumentatsiey-abaqu.md:body,ПОлучаем,"AbaChat - поговори с допументацией Abaqus!

У Lim Youngbin есть статья, как он сделал чатбот, обучен",Получаем | Поучаем | Подучаем | Получает | Помучаем,LOW,SPELLING
2023-12-27-abachat-pogovori-s-dopumentatsiey-abaqu.md:body,правильнуюи,"AbaChat - поговори с допументацией Abaqus!

У Lim Youngbin есть статья, как он сделал чатбот, обучен",правильную | правильною | правильными | правильный,LOW,SPELLING
2023-12-28-sub-d-modeling-in-ansys-discovery.md:body,особченно,"Sub-D Modeling in Ansys Discovery

В Ansys Discovery, который должен в скором времени заменить Space",особенно | особенною | особенное | особенной | особенном,LOW,SPELLING
2023-12-28-sub-d-modeling-in-ansys-discovery.md:body,привелкает,"Sub-D Modeling in Ansys Discovery

В Ansys Discovery, который должен в скором времени заменить Space",привлекает | привлекать | привлекаете | привлекают | привлекаем,LOW,SPELLING
2023-12-28-sub-d-modeling-in-ansys-discovery.md:body,тезнология,"Sub-D Modeling in Ansys Discovery

В Ansys Discovery, который должен в скором времени заменить Space",технология | теология | технологиях | технологиям | фенология,LOW,SPELLING
2023-12-28-sub-d-modeling-in-ansys-discovery.md:body,торомозит,"Sub-D Modeling in Ansys Discovery

В Ansys Discovery, который должен в скором времени заменить Space",тормозит | тормозите | тормозить | тормози | термозит,LOW,SPELLING
2023-12-29-splash-novyy-gui-dlya-openfoam.md:body,небобольшой,"Splash - новый GUI для OpenFoam

По ссылке небобольшой тизер новой обертки над OpenFoam. Релиз заявл",небо большой | небо-большой | небольшой | небольшою | небольшое,LOW,SPELLING
2023-12-29-splash-novyy-gui-dlya-openfoam.md:body,тизер,"Splash - новый GUI для OpenFoam

По ссылке небобольшой тизер новой обертки над OpenFoam. Релиз заявл",мизер | тире | триер | тер | тиаре,LOW,SPELLING
2024-01-02-metafor.md:body,самоконтакт,"Metafor

Это код неявного моделирования, написанный на C++ и python, для моделирования процессов фор",само контакт | само-контакт,LOW,SPELLING
2024-01-03-lektsii-po-mke-na-osnove-freefem++.md:body,Кадапа,"Лекции по МКЭ на основе FreeFEM++

Курс лекций доктора Ченнакесава Кадапа из Эдинбургского университ",Кацапа | Капа | Кацапах | Кацапам | Каданса,LOW,SPELLING
2024-01-03-lektsii-po-mke-na-osnove-freefem++.md:body,Напир,"Лекции по МКЭ на основе FreeFEM++

Курс лекций доктора Ченнакесава Кадапа из Эдинбургского университ",Напр | Надир | Напер | Напор | Рапир,LOW,SPELLING
2024-01-08-vosemdesyat-let-metodu-konechnyh-elemento.md:body,истрию,"Большая обзорная статья 2022 года в журнале Archives of Computational Methods in Engineering, расска",истерию | историю | иттрию | острию | Истрою,LOW,SPELLING
2024-01-08-vosemdesyat-let-metodu-konechnyh-elemento.md:body,Хренникова,"Большая обзорная статья 2022 года в журнале Archives of Computational Methods in Engineering, расска",Орешниковая | Орешниковый | Орешниковою | Орешниковое | Орешниковой,LOW,SPELLING
2024-01-09-ansys-simai.md:body,поглощён,"Ansys SimAI

Ansys запускает новый для себя продукт, в названии которого есть AI. Вы можете быть нас",поглощен | поглощена | поглощено | поглощены | поглощу,LOW,SPELLING
2024-01-09-ansys-simai.md:body,подкаста,"Ansys SimAI

Ansys запускает новый для себя продукт, в названии которого есть AI. Вы можете быть нас",под каста | под-каста | поката | подкласса | подкраска,LOW,SPELLING
2024-01-09-ansys-simai.md:body,Иэном,"Ansys SimAI

Ansys запускает новый для себя продукт, в названии которого есть AI. Вы можете быть нас",Ином | Ионом | Ион | Мэн,LOW,SPELLING
2024-01-10-materialy-konferentsii-14th-european-ls.md:title,14th,Материалы конференции  14th European LS-DYNA Conference 2023 доступны,а | и | к | о | я,LOW,SPELLING
2024-01-10-materialy-konferentsii-14th-european-ls.md:body,14th,Запоздалые подарки на Новый год: 106 статей с прошедшей конференции. И я там был - смотрите статью-и,а | и | к | о | я,LOW,SPELLING
2024-01-11-gpu-native-opensource-compressible-mult.md:body,Спенсер,"GPU-native Opensource Compressible  Multiphase CFD

Спенсер Брингельсон (Spencer Bryngelson), доцент",Сенсор | Спонсор | Сенсоре | Спонсоре | Сенсора,LOW,SPELLING
2024-01-12-kak-parashyut-dlya-marsa-schitali.md:body,решетелем,"Как парашют для Марса считали

Небольшая презентация, о том как проектировали парашют для спускаемых",радетелем | вешателем | радетель | решетный | вешатель,LOW,SPELLING
2024-01-15-pandas-na-gpu.md:body,рассказзал,"Pandas на GPU

Pandas я люблю еще с тех пор, как мне надо было делать обработку спектров отклика рас",рассказал | рассказ зал | рассказ-зал | рассказала | рассказали,LOW,SPELLING
2024-01-16-ansys-prodano.md:body,поглащении,"Ansys - продано!

Synopsys таки договорился с Ansys о поглащении. Стоимость сделки 35 миллиардов дол",поглощении | оглашении | погашении | поглощению | поглощение,LOW,SPELLING
2024-01-16-ansys-prodano.md:body,поглащения,"Ansys - продано!

Synopsys таки договорился с Ansys о поглащении. Стоимость сделки 35 миллиардов дол",поглощения | оглашения | погашения | поглощению | поглощение,LOW,SPELLING
2024-01-16-ansys-prodano.md:body,прехи,"Ansys - продано!

Synopsys таки договорился с Ansys о поглащении. Стоимость сделки 35 миллиардов дол",грехи | орехи | прахи | прели | пряхи,LOW,SPELLING
2024-01-17-reproducing-kernel-particle-method-rkpm.md:body,бессеточный,"Reproducing Kernel Particle Method (RKPM)

RKPM - это бессеточный метод, наиболее близкий к тому, чт",бессточный | бес сеточный | бес-сеточный | беседочный | бессрочный,LOW,SPELLING
2024-01-17-reproducing-kernel-particle-method-rkpm.md:body,легоко,"Reproducing Kernel Particle Method (RKPM)

RKPM - это бессеточный метод, наиболее близкий к тому, чт",легко | легок | лег око | лег-око | легкою,LOW,SPELLING
2024-01-17-reproducing-kernel-particle-method-rkpm.md:body,людит,"Reproducing Kernel Particle Method (RKPM)

RKPM - это бессеточный метод, наиболее близкий к тому, чт",люди | любит | ладит | лудит,LOW,SPELLING
2024-01-17-reproducing-kernel-particle-method-rkpm.md:body,балистику,"Reproducing Kernel Particle Method (RKPM)

RKPM - это бессеточный метод, наиболее близкий к тому, чт",баллистику | баллистик | листику | Балтику | баллистика,LOW,SPELLING
2024-01-18-rkpm-dlya-svarki-vzryvom.md:body,Чена,"RKPM для сварки взрывом

Лекция профессора Цзюнь-Шян Чена (Jiun-Shyan (J.S.) Chen) о работе метода в",Челна | Черна | Четна | Члена | Учена,LOW,SPELLING
2024-01-18-rkpm-dlya-svarki-vzryvom.md:body,нашружения,"RKPM для сварки взрывом

Лекция профессора Цзюнь-Шян Чена (Jiun-Shyan (J.S.) Chen) о работе метода в",нагружения | нарушения | нагружению | нагружение | нагружении,LOW,SPELLING
2024-01-22-nekotorye-voprosy-teorii-kvazienergetiche.md:body,Надеждина,"Прикладная механики мне конечно милее, но за неимением альтернативы, теоретическая физика тоже сойде",Надежда | Надежна | Надежный,LOW,SPELLING
2024-01-22-nekotorye-voprosy-teorii-kvazienergetiche.md:body,дис,"Прикладная механики мне конечно милее, но за неимением альтернативы, теоретическая физика тоже сойде",диск | дисс | дист | бис | цис,LOW,SPELLING
2024-01-22-nekotorye-voprosy-teorii-kvazienergetiche.md:body,Надеждин,"Прикладная механики мне конечно милее, но за неимением альтернативы, теоретическая физика тоже сойде",Надежд | Надежда | Надежде | Надежду | Надежды,LOW,SPELLING
2024-01-23-ansys-forming.md:body,маркетинговове,"Ansys Forming

Кажется это первое не маркетинговове видео в общем доступе, которое показывает как кп",маркетинговое | маркетинговою | маркетинговой | маркетинговом | маркетинговые,LOW,SPELLING
2024-01-23-ansys-forming.md:body,кпользоваться,"Ansys Forming

Кажется это первое не маркетинговове видео в общем доступе, которое показывает как кп",пользоваться | использоваться | попользоваться,LOW,SPELLING
2024-01-23-ansys-forming.md:body,настроки,"Ansys Forming

Кажется это первое не маркетинговове видео в общем доступе, которое показывает как кп",настройки | настрочи | на строки | на-строки | настроить,LOW,SPELLING
2024-01-23-ansys-forming.md:body,контактнов,"Ansys Forming

Кажется это первое не маркетинговове видео в общем доступе, которое показывает как кп",контактно | контактов | контактною | контактное | контактной,LOW,SPELLING
2024-01-24-ansys-kupil-minoritarnyy-paket-aktsiy-hum.md:title,миноритарный,ANSYS купил миноритарный пакет акций Humanetics,мажоритарный | мажоритарной | мажоритарные | мажоритарных | мажоритарным,LOW,SPELLING
2024-01-24-ansys-kupil-minoritarnyy-paket-aktsiy-hum.md:body,миноритарный,"ANSYS купил миноритарный пакет акций Humanetics

Вы думали, что Ansys уже все, больше никого не хоче",мажоритарный | мажоритарной | мажоритарные | мажоритарных | мажоритарным,LOW,SPELLING
2024-01-24-ansys-kupil-minoritarnyy-paket-aktsiy-hum.md:body,непубличной,"ANSYS купил миноритарный пакет акций Humanetics

Вы думали, что Ansys уже все, больше никого не хоче",не публичной | не-публичной | публичной | неприличной | публичный,LOW,SPELLING
2024-01-24-ansys-kupil-minoritarnyy-paket-aktsiy-hum.md:body,безопастности,"ANSYS купил миноритарный пакет акций Humanetics

Вы думали, что Ansys уже все, больше никого не хоче",безопасности | безопасность | безучастности | безучастность,LOW,SPELLING
2024-01-25-synera-no-code-cae-process-automation.md:body,что-то,"Synera - no code CAE process automation

Это что-то новенькое, и, судя по видео, оно мне нравится. И",ото | тот | что | фото | лото,LOW,SPELLING
2024-01-25-synera-no-code-cae-process-automation.md:body,хотелок,"Synera - no code CAE process automation

Это что-то новенькое, и, судя по видео, оно мне нравится. И",хотело | котелок | хо телок | хо-телок | хот елок,LOW,SPELLING
2024-01-25-synera-no-code-cae-process-automation.md:body,кодить,"Synera - no code CAE process automation

Это что-то новенькое, и, судя по видео, оно мне нравится. И",шкодить | ходить | кадить | копить | корить,LOW,SPELLING
2024-01-25-synera-no-code-cae-process-automation.md:body,вокург,"Synera - no code CAE process automation

Это что-то новенькое, и, судя по видео, оно мне нравится. И",вокруг | округ | вкруг | округа,LOW,SPELLING
2024-01-25-synera-no-code-cae-process-automation.md:body,чего-то,"Synera - no code CAE process automation

Это что-то новенькое, и, судя по видео, оно мне нравится. И",чего | неготов | чеботом | чеботов | чебот,LOW,SPELLING
2024-01-26-journal-of-open-source-software.md:body,пропатчить,"Journal of Open Source Software

Не, это не история про то, как пропатчить KDE под FreeBSD. Это науч",прокатить | прокатит | прокатите | прокатишь,LOW,SPELLING
2024-01-26-journal-of-open-source-software.md:body,софта,"Journal of Open Source Software

Не, это не история про то, как пропатчить KDE под FreeBSD. Это науч",софита | софа | кофта | сорта | соф та,LOW,SPELLING
2024-01-29-obzor-otkrytyh-setochnyh-generatorov-ot-n.md:body,Хироаки,Хироаки Нишикава (Hiroaki Nishikawa) из National Institute of Aerospace регулярно публикует отбновле,Хиросаки | Широки | Ирочки | Бирочки | Пирожки,LOW,SPELLING
2024-01-29-obzor-otkrytyh-setochnyh-generatorov-ot-n.md:body,отбновления,Хироаки Нишикава (Hiroaki Nishikawa) из National Institute of Aerospace регулярно публикует отбновле,обновления | обновлениях | обновлениям | обновлению | обновление,LOW,SPELLING
2024-01-30-sfepy.md:body,44eb4960,"SFEPy

Simple FE Python, не потому, что только для простых задач, а потому что с прицелом на упрощен",а | и | к | о | я,LOW,SPELLING
2024-02-02-ispolzovanie-tverdost-po-shoru-dlya-iden.md:title,твёрдость,Использование твёрдость по Шору для идентификации параметров гиперупргих материалов,твердость | твердостью | твердости,LOW,SPELLING
2024-02-02-ispolzovanie-tverdost-po-shoru-dlya-iden.md:body,твёрдость,При моделировании гиперупругих материалов хорошей практикой является калибровка математической модел,твердость | твердостью | твердости,LOW,SPELLING
2024-02-02-ispolzovanie-tverdost-po-shoru-dlya-iden.md:body,Блац-Ко,При моделировании гиперупругих материалов хорошей практикой является калибровка математической модел,Бланком | Бланков | Облако | Банко | Благо,LOW,SPELLING
2024-02-02-ispolzovanie-tverdost-po-shoru-dlya-iden.md:body,твёрдость,При моделировании гиперупругих материалов хорошей практикой является калибровка математической модел,твердость | твердостью | твердости,LOW,SPELLING
2024-02-06-ansys-2024-r1.md:body,2021R1,"Ansys 2024 R1

Сегодня официально вышел релиз новой версии нашего всего. Это один из самых жирных ре",А | И | К | О | Я,LOW,SPELLING
2024-02-06-ansys-2024-r1.md:body,трекеры,"Ansys 2024 R1

Сегодня официально вышел релиз новой версии нашего всего. Это один из самых жирных ре",крекеры | тренеры | трек еры | трек-еры | терьеры,LOW,SPELLING
2024-02-07-learning-mesh-based-simulation-with-grap.md:body,гугла,"Learning mesh-based simulation with Graph Networks

Не самая свежая, но актуальная публикация о том,",гула | угла | цуг | гуд | гуж,LOW,SPELLING
2024-02-07-learning-mesh-based-simulation-with-grap.md:body,нейронку,"Learning mesh-based simulation with Graph Networks

Не самая свежая, но актуальная публикация о том,",нейрону | нейрон ку | нейрон-ку | нейтрону | нейрон,LOW,SPELLING
2024-02-07-learning-mesh-based-simulation-with-grap.md:body,мееедленно,"Learning mesh-based simulation with Graph Networks

Не самая свежая, но актуальная публикация о том,",медленно | немедленно | медленный | немедленный,LOW,SPELLING
2024-02-12-strusoft-shvedskiy-soft-dlya-rascheta-nel.md:title,софт,StruSoft - шведский софт для расчета нелинейно прочности бетона,софит | соф | сот | кофт | софа,LOW,SPELLING
2024-02-12-strusoft-shvedskiy-soft-dlya-rascheta-nel.md:body,Да-да,"Да-да, в Швеции оказывается есть компания, которая уже 40 лет пилит софт для строителей. Тут и BIM, ",Ада | Дала | Дама | Дана | Дара,LOW,SPELLING
2024-02-12-strusoft-shvedskiy-soft-dlya-rascheta-nel.md:body,софт,"Да-да, в Швеции оказывается есть компания, которая уже 40 лет пилит софт для строителей. Тут и BIM, ",софит | соф | сот | кофт | софа,LOW,SPELLING
2024-02-14-volcano-platforms-inc.md:body,стартапа,"Volcano Platforms, Inc

Я залип на видео с результатами расчетов CFD стартапа. Коллеги пишут свой GP",старта па | старта-па | сатрапа | старта | стартах,LOW,SPELLING
2024-02-14-volcano-platforms-inc.md:body,Сетин,"Volcano Platforms, Inc

Я залип на видео с результатами расчетов CFD стартапа. Коллеги пишут свой GP",Сети | Осетин | Детин | Сатин | Седин,LOW,SPELLING
2024-02-14-volcano-platforms-inc.md:body,Кирис,"Volcano Platforms, Inc

Я залип на видео с результатами расчетов CFD стартапа. Коллеги пишут свой GP",Ирис | Кирас | Абрис,LOW,SPELLING
2024-02-14-volcano-platforms-inc.md:body,стартапер,"Volcano Platforms, Inc

Я залип на видео с результатами расчетов CFD стартапа. Коллеги пишут свой GP",стар тапер | стар-тапер | старта пер | старта-пер | стартер,LOW,SPELLING
2024-02-18-ansys-ischet-spetsialistov-po-kvantovym-vych.md:body,вендоров,"Ansys ищет специалистов по квантовым вычислениям

Первая подобная вакансия от   Ansys. Кажется, что ",военкоров | теноров | венгров | Федоров | цензоров,LOW,SPELLING
2024-02-18-phdpostdoc-pozitsiya-v-tu-berlin.md:body,реклаы,"Phd/PostDoc позиция в TU Berlin

На правах реклаы от старых знакомых. Prof. Wolfgang Müller из TU Be",рекламы | реклам | белка,LOW,SPELLING
2024-02-22-esche-nemnogo-pro-smazku.md:body,стартап,"Еще немного про смазку

Несколько лет назад Siemens купил французский стартап NEXTFLOW Software, спе",старта | стартах | стартам,LOW,SPELLING
2024-02-23-setki-iz-proshlogo-tysyacheletiya.md:body,коронавируса,"Сетки из прошлого тысячелетия

Единая блочно-структурированная неортогональная сетка  12 X 14 X 6 = ",корона вируса | корона-вируса,LOW,SPELLING
2024-02-28-sravnenie-els-i-ls-dyna-dlya-lineynogo-i.md:body,Махди,Махди Джокар и Микель Угет Агилера из компании Egis провели сравнение программного обеспечения ELS и,Махи | Махни | Ахи,LOW,SPELLING
2024-02-28-sravnenie-els-i-ls-dyna-dlya-lineynogo-i.md:body,Джокар,Махди Джокар и Микель Угет Агилера из компании Egis провели сравнение программного обеспечения ELS и,Джокер | Джо кар | Джо-кар | Джокера | Джонка,LOW,SPELLING
2024-02-28-sravnenie-els-i-ls-dyna-dlya-lineynogo-i.md:body,Микель,Махди Джокар и Микель Угет Агилера из компании Egis провели сравнение программного обеспечения ELS и,Никель | Мель | Миль | Макрель | Миткаль,LOW,SPELLING
2024-02-28-sravnenie-els-i-ls-dyna-dlya-lineynogo-i.md:body,Угет,Махди Джокар и Микель Угет Агилера из компании Egis провели сравнение программного обеспечения ELS и,Улет | Умет | Учет,LOW,SPELLING
2024-02-28-sravnenie-els-i-ls-dyna-dlya-lineynogo-i.md:body,Агилера,Махди Джокар и Микель Угет Агилера из компании Egis провели сравнение программного обеспечения ELS и,Галера | Гитлера | Дилера | Филера | Адлера,LOW,SPELLING
2024-03-01-perilab.md:body,перидинамики,"PeriLab

Ученые Немецкого аэрокосмического цента разработали и представили сообществу библиотеку для",пери динамики | пери-динамики,LOW,SPELLING
2024-03-01-perilab.md:body,перидинамика,"PeriLab

Ученые Немецкого аэрокосмического цента разработали и представили сообществу библиотеку для",пери динамика | пери-динамика,LOW,SPELLING
2024-03-01-perilab.md:body,из-за,"PeriLab

Ученые Немецкого аэрокосмического цента разработали и представили сообществу библиотеку для",изба | извоза | изюма | из | низа,LOW,SPELLING
2024-03-01-perilab.md:body,перидинамика,"PeriLab

Ученые Немецкого аэрокосмического цента разработали и представили сообществу библиотеку для",пери динамика | пери-динамика,LOW,SPELLING
2024-03-04-ke-rassledovanie-krusheniya-samoleta.md:body,Пригожина,"КЭ расследование крушения самолета

«Расследовали» на сей раз в Abaqus. Кстати, это расследование пр",Пригона | Пригодна | Пригожие | Пригожих | Пригожий,LOW,SPELLING
2024-03-05-doktor-yorgen-bergstrom-teper-s-ansys.md:title,Йорген,Доктор Йорген Бергстром теперь с Ansys,Морен | Орден | Орган | Торен | Боргес,LOW,SPELLING
2024-03-05-doktor-yorgen-bergstrom-teper-s-ansys.md:title,Бергстром,Доктор Йорген Бергстром теперь с Ansys,Бегством | Бегство | Береста,LOW,SPELLING
2024-03-05-doktor-yorgen-bergstrom-teper-s-ansys.md:body,Йорген,"Доктор Йорген Бергстром теперь с Ansys

Я давно так не радовался приобретениям Ansys. Итак, вчера бы",Морен | Орден | Орган | Торен | Боргес,LOW,SPELLING
2024-03-05-doktor-yorgen-bergstrom-teper-s-ansys.md:body,Бергстром,"Доктор Йорген Бергстром теперь с Ansys

Я давно так не радовался приобретениям Ansys. Итак, вчера бы",Бегством | Бегство | Береста,LOW,SPELLING
2024-03-05-doktor-yorgen-bergstrom-teper-s-ansys.md:body,Йорген,"Доктор Йорген Бергстром теперь с Ansys

Я давно так не радовался приобретениям Ansys. Итак, вчера бы",Морен | Орден | Орган | Торен | Боргес,LOW,SPELLING
2024-03-05-doktor-yorgen-bergstrom-teper-s-ansys.md:body,Бергстром,"Доктор Йорген Бергстром теперь с Ansys

Я давно так не радовался приобретениям Ansys. Итак, вчера бы",Бегством | Бегство | Береста,LOW,SPELLING
2024-03-05-doktor-yorgen-bergstrom-teper-s-ansys.md:body,резин,"Доктор Йорген Бергстром теперь с Ansys

Я давно так не радовался приобретениям Ansys. Итак, вчера бы",резни | резина | резине | резину | резины,LOW,SPELLING
2024-03-05-doktor-yorgen-bergstrom-teper-s-ansys.md:body,пен,"Доктор Йорген Бергстром теперь с Ansys

Я давно так не радовался приобретениям Ansys. Итак, вчера бы",пне | пеню | пена | пене | пени,LOW,SPELLING
2024-03-06-cadence-pokupaet-beta-cae.md:body,электроцинки,"Cadence покупает BETA CAE

Случилось нечто удивительное и странное. Вчера Cadance  объявили о покупк",электроники | электролинии | электроника | электролиния,LOW,SPELLING
2024-03-06-cadence-pokupaet-beta-cae.md:body,что-то,"Cadence покупает BETA CAE

Случилось нечто удивительное и странное. Вчера Cadance  объявили о покупк",ото | тот | что | фото | лото,LOW,SPELLING
2024-03-06-cadence-pokupaet-beta-cae.md:body,что-то,"Cadence покупает BETA CAE

Случилось нечто удивительное и странное. Вчера Cadance  объявили о покупк",ото | тот | что | фото | лото,LOW,SPELLING
2024-03-06-cadence-pokupaet-beta-cae.md:body,чему-то,"Cadence покупает BETA CAE

Случилось нечто удивительное и странное. Вчера Cadance  объявили о покупк",чему | чета | чесучой | смута | черта,LOW,SPELLING
2024-03-11-ls-dyna-r15-uzhe-s-nami.md:body,сказачть,"LS-DYNA R15 уже с нами

Оказывается еще 29 февраля Ansys выпустил финальную сборку моего любимого ре",сказать | скачать | казать | сказануть | оказать,LOW,SPELLING
2024-03-11-ls-dyna-r15-uzhe-s-nami.md:body,посиска,"LS-DYNA R15 уже с нами

Оказывается еще 29 февраля Ansys выпустил финальную сборку моего любимого ре",поиска | сосиска | пос иска | пос-иска | описка,LOW,SPELLING
2024-03-11-ls-dyna-r15-uzhe-s-nami.md:body,значенией,"LS-DYNA R15 уже с нами

Оказывается еще 29 февраля Ansys выпустил финальную сборку моего любимого ре",значение | значений | значением,LOW,SPELLING
2024-03-11-ls-dyna-r15-uzhe-s-nami.md:body,решателем,"LS-DYNA R15 уже с нами

Оказывается еще 29 февраля Ansys выпустил финальную сборку моего любимого ре",вешателем | вешателе | предателем | вешатель | делателем,LOW,SPELLING
2024-03-11-ls-dyna-r15-uzhe-s-nami.md:body,несовсместимый,"LS-DYNA R15 уже с нами

Оказывается еще 29 февраля Ansys выпустил финальную сборку моего любимого ре",несовместимый | несовместимы | несовместимой | несовместимые | несовместимых,LOW,SPELLING
2024-03-11-ls-dyna-r15-uzhe-s-nami.md:body,задачать,"LS-DYNA R15 уже с нами

Оказывается еще 29 февраля Ansys выпустил финальную сборку моего любимого ре",задавать | закачать | задач ать | задач-ать | задать,LOW,SPELLING
2024-03-11-ls-dyna-r15-uzhe-s-nami.md:body,вязкосзть,"LS-DYNA R15 уже с нами

Оказывается еще 29 февраля Ansys выпустил финальную сборку моего любимого ре",вязкость | вязкостью | вязкости | вязкостный,LOW,SPELLING
2024-03-11-ls-dyna-r15-uzhe-s-nami.md:body,темпереатуры,"LS-DYNA R15 уже с нами

Оказывается еще 29 февраля Ansys выпустил финальную сборку моего любимого ре",температуры | температур | температура | температуре | температуру,LOW,SPELLING
2024-03-13-ansys-pyprimemesh-nauchilsa-delat-iga.md:title,научилса,Ansys pyPrimeMesh научилса делать IGA,научила | научился | научил | научили | научило,LOW,SPELLING
2024-03-13-ansys-pyprimemesh-nauchilsa-delat-iga.md:body,научилса,"Ansys pyPrimeMesh научилса делать IGA

Это прям big deal, ибо PrimeMesh - это новый главный движок с",научила | научился | научил | научили | научило,LOW,SPELLING
2024-03-13-ansys-pyprimemesh-nauchilsa-delat-iga.md:body,всея,"Ansys pyPrimeMesh научилса делать IGA

Это прям big deal, ибо PrimeMesh - это новый главный движок с",веся | сея | вея | все | вся,LOW,SPELLING
2024-03-13-ansys-pyprimemesh-nauchilsa-delat-iga.md:body,ансиса,"Ansys pyPrimeMesh научилса делать IGA

Это прям big deal, ибо PrimeMesh - это новый главный движок с",аниса | Анфиса | абрис,LOW,SPELLING
2024-03-13-ansys-pyprimemesh-nauchilsa-delat-iga.md:body,совесем,"Ansys pyPrimeMesh научилса делать IGA

Это прям big deal, ибо PrimeMesh - это новый главный движок с",совеем | совсем | сове сем | сове-сем | свести,LOW,SPELLING
2024-03-20-gridpro-est-chem-glaz-poradovat.md:body,стартап,"GridPro - есть чем глаз порадовать

GridPro - это сеточный генератор для создания блочно-структуриро",старта | стартах | стартам,LOW,SPELLING
2024-03-20-gridpro-est-chem-glaz-poradovat.md:body,блог,"GridPro - есть чем глаз порадовать

GridPro - это сеточный генератор для создания блочно-структуриро",бог | лог | благ | блох | блок,LOW,SPELLING
2024-03-21-lyublyu-simulirovat-myte-posudy.md:body,Лайк,"Люблю симулировать мытье посуды

PreonLab показали как они могут моделировать динамику жидкости при ",Лайка | Лайке | Лайки | Лайку | Лай,LOW,SPELLING
2024-03-22-pacefish-cfd.md:body,как-то,"Pacefish CFD

Очередная любопытная находка. Компания Numeric Systems GmbH пилит свой LBM решатель. Е",факто | какао | акт,LOW,SPELLING
2024-03-22-pacefish-cfd.md:body,турбулентносит,"Pacefish CFD

Очередная любопытная находка. Компания Numeric Systems GmbH пилит свой LBM решатель. Е",турбулентности | турбулентность | турбулентностей | турбулентностях | турбулентностям,LOW,SPELLING
2024-03-22-pacefish-cfd.md:body,считате,"Pacefish CFD

Очередная любопытная находка. Компания Numeric Systems GmbH пилит свой LBM решатель. Е",считает | считаете | считайте | считать,LOW,SPELLING
2024-03-25-gtc-march-2024-keynote-with-nvidia.md:body,Дженсон,"GTC March 2024 Keynote with NVIDIA

Сегодня я бы хотел обратить ваше внимание на событие из мира HPC",Джинсов,HIGH,SPELLING
2024-03-25-gtc-march-2024-keynote-with-nvidia.md:body,Хуанг,"GTC March 2024 Keynote with NVIDIA

Сегодня я бы хотел обратить ваше внимание на событие из мира HPC",Хуан | Хуана | Хуане | Хуану,LOW,SPELLING
2024-03-25-gtc-march-2024-keynote-with-nvidia.md:body,упомянают,"GTC March 2024 Keynote with NVIDIA

Сегодня я бы хотел обратить ваше внимание на событие из мира HPC",упоминают | упоминать | упомянуть,LOW,SPELLING
2024-03-25-gtc-march-2024-keynote-with-nvidia.md:body,достгаются,"GTC March 2024 Keynote with NVIDIA

Сегодня я бы хотел обратить ваше внимание на событие из мира HPC",достигаются | достаются | доставаться,LOW,SPELLING
2024-03-25-gtc-march-2024-keynote-with-nvidia.md:body,педставленное,"GTC March 2024 Keynote with NVIDIA

Сегодня я бы хотел обратить ваше внимание на событие из мира HPC",представленное | подставленное | пед ставленное | пед-ставленное | представленный,LOW,SPELLING
2024-03-26-an-album-of-computational-fluid-motion.md:body,Милтон,"An album of computational fluid motion

В 1982 году  профессор Милтон ван Дейк выпустил книгу ""Альбо",Мил тон | Мил-тон | Миллион | Хитон | Милок,LOW,SPELLING
2024-03-26-an-album-of-computational-fluid-motion.md:body,Дейк,"An album of computational fluid motion

В 1982 году  профессор Милтон ван Дейк выпустил книгу ""Альбо",Дек | Шейк | Бей,LOW,SPELLING
2024-03-26-an-album-of-computational-fluid-motion.md:body,Дейк,"An album of computational fluid motion

В 1982 году  профессор Милтон ван Дейк выпустил книгу ""Альбо",Дек | Шейк | Бей,LOW,SPELLING
2024-04-02-krutim-yaytsa-na-pashu.md:body,вендоры,"Крутим яйца на пасху

На прошлых выходных была католическая пасха, так что все вендоры показывали ра",военкоры | теноры | венгры | Федоры | Венеры,LOW,SPELLING
2024-04-12-gri-mech-30.md:body,лицензирует,"GRI-Mech 3.0

Институт газовых технологий (The Gas Research Institute - американская некоммерческая ",рецензирует | рецензируете | рецензируют | рецензируем | рецензировать,LOW,SPELLING
2024-04-15-flacs-cfd-chto-by-bombanulo.md:title,бомбануло,FLACS-CFD - что бы бомбануло,обмануло | долбануло | бомба | обмануть | долбануть,LOW,SPELLING
2024-04-15-flacs-cfd-chto-by-bombanulo.md:body,бомбануло,"FLACS-CFD - что бы бомбануло

Очень любопытный CFD код с прицелом на моделирование взрывов и пожаров",обмануло | долбануло | бомба | обмануть | долбануть,LOW,SPELLING
2024-04-15-flacs-cfd-chto-by-bombanulo.md:body,дефлаграции,"FLACS-CFD - что бы бомбануло

Очень любопытный CFD код с прицелом на моделирование взрывов и пожаров",дефлорации | декларации | дефлорация | декларация,LOW,SPELLING
2024-04-16-modelirovanie-deflagratsionno-detonatsionn.md:body,джедай,"Да, выговорить это не просто, а посчитать может только настоящий джедай. Видео от решателя blastXiFo",доедай | девай | доедать | ведай | Дебай,LOW,SPELLING
2024-04-16-modelirovanie-deflagratsionno-detonatsionn.md:body,залипательно,"Да, выговорить это не просто, а посчитать может только настоящий джедай. Видео от решателя blastXiFo",занимательно | зажигательно | занимательный | зажигательный,LOW,SPELLING
2024-04-16-modelirovanie-deflagratsionno-detonatsionn.md:body,константны,"Да, выговорить это не просто, а посчитать может только настоящий джедай. Видео от решателя blastXiFo",константные | константных | константный | константным | Константины,LOW,SPELLING
2024-04-16-modelirovanie-deflagratsionno-detonatsionn.md:body,репозитории,"Да, выговорить это не просто, а посчитать может только настоящий джедай. Видео от решателя blastXiFo",депозитарии | депозитарий | депозитарию | депозитария,LOW,SPELLING
2024-04-19-modelirovanie-kompozitnyh-ballonov-vysok.md:body,софта,"Моделирование композитных баллонов высокого давления в Ansys

Вебинар показывает, как работает новая",софита | софа | кофта | сорта | соф та,LOW,SPELLING
2024-04-24-milliard-chastits-v-edem.md:body,инстансе,"Миллиард частиц в EDEM

Забыл рассказать про новость этого месяца on Altair. В рамках партнерства с ",стансе | станс | инстанция,LOW,SPELLING
2024-04-24-milliard-chastits-v-edem.md:body,отрисовывать,"Миллиард частиц в EDEM

Забыл рассказать про новость этого месяца on Altair. В рамках партнерства с ",обрисовывать | дорисовывать | срисовывать | подрисовывать | вырисовывать,LOW,SPELLING
2024-04-25-pymars-dlya-himikov.md:body,конвертора,"pyMARS для химиков

pyMARS (Python-based Model Automatic Reduction Software) разработан для автомати",конвертера | конверта | конвертерах | конвертерам | инвертора,LOW,SPELLING
2024-04-26-abaqus-2024-chto-novogo.md:body,польователей,"Abaqus 2024 - что нового

Abaqus является заслуженным и уважаемым конкурентом моей любимой LS-DYNA. ",пользователей | пользователе | пользователем | толкователей | пользователь,LOW,SPELLING
2024-04-26-abaqus-2024-chto-novogo.md:body,коментариях,"Abaqus 2024 - что нового

Abaqus является заслуженным и уважаемым конкурентом моей любимой LS-DYNA. ",комментариях | комментария | комментариям | комментарий,LOW,SPELLING
2024-04-26-abaqus-2024-chto-novogo.md:body,R2024x,"Abaqus 2024 - что нового

Abaqus является заслуженным и уважаемым конкурентом моей любимой LS-DYNA. ",А | И | К | О | Я,LOW,SPELLING
2024-05-06-vertex-block-descent.md:body,контент,"Vertex Block Descent

SIGGRAPH  как всегда доставляет отличный контент.  На этот раз пренезнтация но",конвент | кон тент | кон-тент | континент | констант,LOW,SPELLING
2024-05-06-vertex-block-descent.md:body,пренезнтация,"Vertex Block Descent

SIGGRAPH  как всегда доставляет отличный контент.  На этот раз пренезнтация но",презентация | презентациях | презентациям | презентацию | презентации,LOW,SPELLING
2024-05-10-ansys-dlya-issledovaniya-plastichnosti-kris.md:title,крислаллов,Ansys для исследования пластичности крислаллов,кристаллов | кристаллом | кристалл,LOW,SPELLING
2024-05-10-ansys-dlya-issledovaniya-plastichnosti-kris.md:body,крислаллов,"Ansys для исследования пластичности крислаллов

Kоллеги из Ansys  выложили в открытый доступ свои не",кристаллов | кристаллом | кристалл,LOW,SPELLING
2024-05-10-ansys-dlya-issledovaniya-plastichnosti-kris.md:body,Kоллеги,"Ansys для исследования пластичности крислаллов

Kоллеги из Ansys  выложили в открытый доступ свои не",Коллеги | Олеги | Коллегию | Коллегии | Коллегий,LOW,SPELLING
2024-05-10-ansys-dlya-issledovaniya-plastichnosti-kris.md:body,тизер,"Ansys для исследования пластичности крислаллов

Kоллеги из Ansys  выложили в открытый доступ свои не",мизер | тире | триер | тер | тиаре,LOW,SPELLING
2024-05-13-zapis-vebinara-pro-vraschayuschiesya-detonatsi.md:body,забы,"Запись вебинара про вращающиеся детонационные двигатели

Для тех, кто, как и я, занес все в календар",забыл | забыт | забыв | абы | бабы,LOW,SPELLING
2024-05-15-splinecloud.md:body,максималках,"SplineCloud

SplineCloud - это такая система оцифровки графиков на максималках. Но оцифровка данных ",Максимка | Максимке | Максимки | Максимку | Максимкою,LOW,SPELLING
2024-05-17-porous-microstructure-generator.md:body,3D-структуры,"Porous Microstructure Generator

Porous Microstructure Generator (PMG) - это MATLAB App генератор ге",Структуры | Структур | Структура | Структуре | Структуру,LOW,SPELLING
2024-05-17-porous-microstructure-generator.md:body,несферические,"Porous Microstructure Generator

Porous Microstructure Generator (PMG) - это MATLAB App генератор ге",не сферические | не-сферические | сферические | месмерические | сферический,LOW,SPELLING
2024-05-21-pervyy-vebinar-ansys-plymerfem.md:body,Йорген,"Первый вебинар Ansys PlymerFEM

29 мая Доктор Йорген Бернгстром покажет свой первый вебинар в качест",Морен | Орден | Орган | Торен | Боргес,LOW,SPELLING
2024-05-21-pervyy-vebinar-ansys-plymerfem.md:body,материлов,"Первый вебинар Ansys PlymerFEM

29 мая Доктор Йорген Бернгстром покажет свой первый вебинар в качест",материалов | материло | материков | матери лов | матери-лов,LOW,SPELLING
2024-05-22-fragmentatsiya-goronoy-porody-kontaktnymi.md:title,гороной,Фрагментация гороной породы контактными взрывом,горгоной | горочной | горной | бороной | короной,LOW,SPELLING
2024-05-22-fragmentatsiya-goronoy-porody-kontaktnymi.md:body,гороной,"Фрагментация гороной породы контактными взрывом

Препринт статьи, где демонстрируется моделирование ",горгоной | горочной | горной | бороной | короной,LOW,SPELLING
2024-05-24-otkryvaesh-takoy-statyu-pro-modelirova.md:title,формованнной,"Открываешь, такой, статью про моделированию формованнной целлюлозы, а там такое...",формованной | сформованной | формованною | формованное | формованном,LOW,SPELLING
2024-05-27-kogda-tsvet-imeet-znachenie.md:body,что-то,"Когда цвет имеет значение

На прошлой неделе пост про целлюлозу зашел. Так вот вам еще ссылка по это",ото | тот | что | фото | лото,LOW,SPELLING
2024-05-28-alfonso-kroshit-vashi-kosti.md:body,что-то,"Alfonso крошит ваши кости

Alfonso - это очень интересная разработка компании Lifespans Ltd. Это ПО ",ото | тот | что | фото | лото,LOW,SPELLING
2024-05-28-alfonso-kroshit-vashi-kosti.md:body,сгенерированную,"Alfonso крошит ваши кости

Alfonso - это очень интересная разработка компании Lifespans Ltd. Это ПО ",генерированную | генерированною | генерированный | регенерированную | сцентрированную,LOW,SPELLING
2024-05-29-ke-rassledovanie-krusheniya-poezda.md:body,Тангары,"КЭ расследование крушения поезда

31 января 2003 года пассажирский поезд G7 из Тангары с четырьмя ва",Ангары | Ангар | Ангара | Ангаре | Ангару,LOW,SPELLING
2024-05-29-ke-rassledovanie-krusheniya-poezda.md:body,блоге,"КЭ расследование крушения поезда

31 января 2003 года пассажирский поезд G7 из Тангары с четырьмя ва",боге | логе | благе | блохе | блоке,LOW,SPELLING
2024-05-31-mozhno-li-schitat-krash-testy-na-raspberr.md:title,краш,Можно ли считать краш тесты на  Raspberry Pi?,краше | крашу | каш | краю | краб,LOW,SPELLING
2024-05-31-mozhno-li-schitat-krash-testy-na-raspberr.md:body,краш,"Можно ли считать краш тесты на  Raspberry Pi?

Коллеги из Altair успешно собрали и запустили OpenRad",краше | крашу | каш | краю | краб,LOW,SPELLING
2024-05-31-mozhno-li-schitat-krash-testy-na-raspberr.md:body,кто-то,"Можно ли считать краш тесты на  Raspberry Pi?

Коллеги из Altair успешно собрали и запустили OpenRad",Киото | котом | котов | кот | кто,LOW,SPELLING
2024-05-31-mozhno-li-schitat-krash-testy-na-raspberr.md:body,портированием,"Можно ли считать краш тесты на  Raspberry Pi?

Коллеги из Altair успешно собрали и запустили OpenRad",сортированием | борированием | дотированием | йотированием | парированием,LOW,SPELLING
2024-06-03-pycad-segmentatsiya-meditsinskih-dannyh.md:body,стартапа,"PYCAD - сегментация медицинских данных

По заявлениям на сайте, компания PYCAD специализируется на р",старта па | старта-па | сатрапа | старта | стартах,LOW,SPELLING
2024-06-03-pycad-segmentatsiya-meditsinskih-dannyh.md:body,нескольку,"PYCAD - сегментация медицинских данных

По заявлениям на сайте, компания PYCAD специализируется на р",несколько | не скольку | не-скольку | нескольких | нескольким,LOW,SPELLING
2024-06-04-u-etoy-versii-ansys-i-u-menya-sovpadayut-g.md:title,винражные,У этой версии Ansys и у меня совпадают года релиза. Даешь винражные фотки CAD/CAE софта в коментах!,виражные | витражные | тиражные,LOW,SPELLING
2024-06-04-u-etoy-versii-ansys-i-u-menya-sovpadayut-g.md:title,фотки,У этой версии Ansys и у меня совпадают года релиза. Даешь винражные фотки CAD/CAE софта в коментах!,фортки | фоки | фомки | лотки | мотки,LOW,SPELLING
2024-06-04-u-etoy-versii-ansys-i-u-menya-sovpadayut-g.md:title,софта,У этой версии Ansys и у меня совпадают года релиза. Даешь винражные фотки CAD/CAE софта в коментах!,софита | софа | кофта | сорта | соф та,LOW,SPELLING
2024-06-04-u-etoy-versii-ansys-i-u-menya-sovpadayut-g.md:title,коментах,У этой версии Ansys и у меня совпадают года релиза. Даешь винражные фотки CAD/CAE софта в коментах!,кометах | моментах | ко ментах | ко-ментах | момент,LOW,SPELLING
2024-06-05-soilmodels-sayt-dlya-modeliruyuschih-geoma.md:title,геоматериалы,SoilMODELS - сайт для моделирующих геоматериалы,лесоматериалы | лесоматериалах | лесоматериалам,LOW,SPELLING
2024-06-05-soilmodels-sayt-dlya-modeliruyuschih-geoma.md:body,геоматериалы,"SoilMODELS - сайт для моделирующих геоматериалы

Проект SoilModels был основан как ""проект soilmodel",лесоматериалы | лесоматериалах | лесоматериалам,LOW,SPELLING
2024-06-05-soilmodels-sayt-dlya-modeliruyuschih-geoma.md:body,Оссуа,"SoilMODELS - сайт для моделирующих геоматериалы

Проект SoilModels был основан как ""проект soilmodel",Соуса | Сосуда | Ссуда | Опуса | Оса,LOW,SPELLING
2024-06-05-soilmodels-sayt-dlya-modeliruyuschih-geoma.md:body,геоматериалов,"SoilMODELS - сайт для моделирующих геоматериалы

Проект SoilModels был основан как ""проект soilmodel",лесоматериалов,HIGH,SPELLING
2024-06-06-chem-uchit-tsifrovoy-dvoynik-melnitsy.md:body,видеокарта,"Чем учить цифровой двойник мельницы?

Недавно в открытом коде Blaze GEM сделали модель для обучения ",видео карта | видео-карта,LOW,SPELLING
2024-06-07-gde-spit-tvoe-serdtse.md:title,твоё,Где спит твоё сердце,твою | твое | твои | твой | твоя,LOW,SPELLING
2024-06-07-gde-spit-tvoe-serdtse.md:body,твоё,"Где спит твоё сердце

Создание вычислительной модели сердца являет настоящей проверкой прочности для",твою | твое | твои | твой | твоя,LOW,SPELLING
2024-06-07-gde-spit-tvoe-serdtse.md:body,задействуется,"Где спит твоё сердце

Создание вычислительной модели сердца являет настоящей проверкой прочности для",задействует | задействуете | задействовать,LOW,SPELLING
2024-06-07-gde-spit-tvoe-serdtse.md:body,Строкки,"Где спит твоё сердце

Создание вычислительной модели сердца являет настоящей проверкой прочности для",Строки | Стройки | Строчки | Строчок,LOW,SPELLING
2024-06-07-gde-spit-tvoe-serdtse.md:body,выполннения,"Где спит твоё сердце

Создание вычислительной модели сердца являет настоящей проверкой прочности для",выполнения | выполненная | выполнению | выполнение | выполнении,LOW,SPELLING
2024-06-07-gde-spit-tvoe-serdtse.md:body,Строкки,"Где спит твоё сердце

Создание вычислительной модели сердца являет настоящей проверкой прочности для",Строки | Стройки | Строчки | Строчок,LOW,SPELLING
2024-06-07-gde-spit-tvoe-serdtse.md:body,референсные,"Где спит твоё сердце

Создание вычислительной модели сердца являет настоящей проверкой прочности для",референтные | референтное | референтных | референтный | референтным,LOW,SPELLING
2024-06-07-gde-spit-tvoe-serdtse.md:body,статиь,"Где спит твоё сердце

Создание вычислительной модели сердца являет настоящей проверкой прочности для",статьи | стати | стать | статик,LOW,SPELLING
2024-06-10-gibbon.md:body,Кевином,"GIBBON

The Geometry and Image-Based Bioengineering add-On - это набор инструментов MATLAB с открыты",Вином | Кельвином | Кефирном | Кретином | Кувшином,LOW,SPELLING
2024-06-10-gibbon.md:body,Моерманом,"GIBBON

The Geometry and Image-Based Bioengineering add-On - это набор инструментов MATLAB с открыты",Доберманом | Мормоном | Германом | Мормон | Доберман,LOW,SPELLING
2024-06-11-besplatnye-istochniki-akademicheskih-zna.md:body,платнымым,"""бесплатные"" источники академических знаний

Нашел занятный пост в LinkedIn, и привожу его перевод. ",платным | платный | платными | палатный | плавнем,LOW,SPELLING
2024-06-11-besplatnye-istochniki-akademicheskih-zna.md:body,тысячь,"""бесплатные"" источники академических знаний

Нашел занятный пост в LinkedIn, и привожу его перевод. ",тысячью | тысяч | тысяча | тысяче | тысячи,LOW,SPELLING
2024-06-11-besplatnye-istochniki-akademicheskih-zna.md:body,доллоров,"""бесплатные"" источники академических знаний

Нашел занятный пост в LinkedIn, и привожу его перевод. ",долларов | дол лоров | дол-лоров | доллар | долларовый,LOW,SPELLING
2024-06-11-besplatnye-istochniki-akademicheskih-zna.md:body,орнанизации,"""бесплатные"" источники академических знаний

Нашел занятный пост в LinkedIn, и привожу его перевод. ",организации | организацию | организаций | организация | урбанизации,LOW,SPELLING
2024-06-11-besplatnye-istochniki-akademicheskih-zna.md:body,браузера,"""бесплатные"" источники академических знаний

Нашел занятный пост в LinkedIn, и привожу его перевод. ",фразера | маузера | траулера | фразер | маузер,LOW,SPELLING
2024-06-11-besplatnye-istochniki-akademicheskih-zna.md:body,контенту,"""бесплатные"" источники академических знаний

Нашел занятный пост в LinkedIn, и привожу его перевод. ",конвенту | кон тенту | кон-тенту | континенту | константу,LOW,SPELLING
2024-06-11-besplatnye-istochniki-akademicheskih-zna.md:body,ЦЕРНом,"""бесплатные"" источники академических знаний

Нашел занятный пост в LinkedIn, и привожу его перевод. ",Ценном | Цепном | Дерном | Керном | Мерном,LOW,SPELLING
2024-06-11-besplatnye-istochniki-akademicheskih-zna.md:body,репозиторием,"""бесплатные"" источники академических знаний

Нашел занятный пост в LinkedIn, и привожу его перевод. ",депозитарием | депозитарий | депозитариев | депозитариям,LOW,SPELLING
2024-06-11-besplatnye-istochniki-akademicheskih-zna.md:body,онлайновых,"""бесплатные"" источники академических знаний

Нашел занятный пост в LinkedIn, и привожу его перевод. ",он лайновых | он-лайновых | лайновых | лайновый | лайновые,LOW,SPELLING
2024-06-13-turbodesigner.md:body,среднелинейного,"Turbodesigner
Turbodesigner - это инструмент, который, задавая такие параметры, как соотношение давл",сред нелинейного | сред-нелинейного | средне линейного | средне-линейного,LOW,SPELLING
2024-06-14-gde-vzyat-mashinu-dlya-krashtesta.md:body,коментариях,"Где взять машину для краштеста

Coming out: кажется, что я не настоящий специалист по LS-DYNA. Я ник",комментариях | комментария | комментариям | комментарий,LOW,SPELLING
2024-06-17-texmind-braider.md:body,софт,"TexMind Braider

Я уже много раз рассказывал про специализированный CAD софт для моделирования струк",софит | соф | сот | кофт | софа,LOW,SPELLING
2024-06-17-texmind-braider.md:body,софт,"TexMind Braider

Я уже много раз рассказывал про специализированный CAD софт для моделирования струк",софит | соф | сот | кофт | софа,LOW,SPELLING
2024-06-18-hpc-rekomendatsii-microconsult-dlya-ansys.md:body,решателем,"HPC рекомендации MicroConsult для Ansys Mechanical II

Хотите посмотреть на людей, которые могут реш",вешателем | вешателе | предателем | вешатель | делателем,LOW,SPELLING
2024-06-19-fvmat-i-meta-materialy-s-ii-v-ansys.md:body,что-то,"FVmat и мета материалы с ИИ в Ansys

Да, опять неправильное использование термина ИИ, но такое сейча",ото | тот | что | фото | лото,LOW,SPELLING
2024-06-19-fvmat-i-meta-materialy-s-ii-v-ansys.md:body,нахвали,"FVmat и мета материалы с ИИ в Ansys

Да, опять неправильное использование термина ИИ, но такое сейча",навали | нарвали | назвали | на хвали | на-хвали,LOW,SPELLING
2024-06-19-fvmat-i-meta-materialy-s-ii-v-ansys.md:body,вендоров,"FVmat и мета материалы с ИИ в Ansys

Да, опять неправильное использование термина ИИ, но такое сейча",военкоров | теноров | венгров | Федоров | цензоров,LOW,SPELLING
2024-06-21-ls-dyna-i-rassledovanie-katastrofy-shattl.md:title,шаттла,LS-DYNA и расследование катастрофы шаттла  «Колумбия»,шатала | штат | ватт | шато,LOW,SPELLING
2024-06-21-ls-dyna-i-rassledovanie-katastrofy-shattl.md:body,шаттла,"LS-DYNA и расследование катастрофы шаттла  «Колумбия»

21 год назад, 1 февраля 2003 года, шаттл «Кол",шатала | штат | ватт | шато,LOW,SPELLING
2024-06-21-ls-dyna-i-rassledovanie-katastrofy-shattl.md:body,шаттл,"LS-DYNA и расследование катастрофы шаттла  «Колумбия»

21 год назад, 1 февраля 2003 года, шаттл «Кол",шатал | штат | штата | штате | штату,LOW,SPELLING
2024-06-21-ls-dyna-i-rassledovanie-katastrofy-shattl.md:body,шаттла,"LS-DYNA и расследование катастрофы шаттла  «Колумбия»

21 год назад, 1 февраля 2003 года, шаттл «Кол",шатала | штат | ватт | шато,LOW,SPELLING
2024-06-21-ls-dyna-i-rassledovanie-katastrofy-shattl.md:body,ударопрочности,"LS-DYNA и расследование катастрофы шаттла  «Колумбия»

21 год назад, 1 февраля 2003 года, шаттл «Кол",жаропрочности | жаропрочность | жаропрочностью,LOW,SPELLING
2024-06-21-ls-dyna-i-rassledovanie-katastrofy-shattl.md:body,доуступных,"LS-DYNA и расследование катастрофы шаттла  «Колумбия»

21 год назад, 1 февраля 2003 года, шаттл «Кол",доступных | доступны | доступные | доступный | доступным,LOW,SPELLING
2024-06-24-3d-timon.md:body,софт,"3D TIMON

Еще одно новое для меня название, хотя говорят, что данные CAE софт разрабатывается уже 35",софит | соф | сот | кофт | софа,LOW,SPELLING
2024-06-26-vortex-radioss.md:body,процессинга,"Vortex-Radioss

Консалтинговое бюро Vortex CAE создало открытую Python библиотеку, которая умеет кон",прессинга | прессинг | процессия,LOW,SPELLING
2024-06-27-meshgpt-ii-generatsiya-pochti-setok.md:body,что-то,"MeshGPT - ИИ генерация (почти) сеток

Я уже лет 7-8 говорю, что машинное обучение должно помогать ре",ото | тот | что | фото | лото,LOW,SPELLING
2024-07-08-metafold-3d.md:body,какой-то,"Metafold 3D

Metafold - это продукт построенный вокруг неявного геометрического ядра, заточенного дл",какой | какого | каково | каковой | какова,LOW,SPELLING
2024-07-09-this-is-formula-1-finite-element-anal.md:body,софта,"- Finite Element Analysis

Любопытный учетный курс от Open University про использование современных ",софита | софа | кофта | сорта | соф та,LOW,SPELLING
2024-07-09-this-is-formula-1-finite-element-anal.md:body,что-то,"- Finite Element Analysis

Любопытный учетный курс от Open University про использование современных ",ото | тот | что | фото | лото,LOW,SPELLING
2024-07-10-vicas3d.md:body,залипать,"ViCAS3D

Иногда просто хочется по залипать на ударные волны. Вот например на результаты решателя сжи",налипать | закипать | залапать | заливать | зализать,LOW,SPELLING
2024-07-10-vicas3d.md:body,Шлирена,"ViCAS3D

Иногда просто хочется по залипать на ударные волны. Вот например на результаты решателя сжи",Клиренса | Пирена | Сирена | Ширина | Клиренс,LOW,SPELLING
2024-07-12-siggraph-2024.md:body,тизеры,"SIGGRAPH 2024

Конференция Special Interest Group on Computer Graphics в этом году еще не началась, ",триеры | тиры | мизерны | мизер | тиары,LOW,SPELLING
2024-07-12-siggraph-2024.md:body,плейлист,"SIGGRAPH 2024

Конференция Special Interest Group on Computer Graphics в этом году еще не началась, ",плечист | флейтист | петлистый | плечистый,LOW,SPELLING
2024-07-15-dr-prith-banerjee-keynote-on-cascon2024.md:body,Притха,"Prith Banerjee Keynote on CASCON2024

Выступление Притха Банерджи, CTO Ansys, на прошедшей этим лето",Притча | Приютах | Притчах | Пихта | Притихла,LOW,SPELLING
2024-07-16-sci-hub-mertv-da-zdravstvuet-annas-arc.md:body,скачивание,"Sci-HUB мертв, да здравствует Anna's Archive

Anna's Archive - не является пиратским сайтом в привыч",скашивание | смачивание | стачивание | укачивание | вкачивание,LOW,SPELLING
2024-07-17-coreform-flex.md:body,какой-то,"COREFORM FLEX

Завтра COREFORM проведут вебинар про какой-то новый продукт в области IGA моделирован",какой | какого | каково | каковой | какова,LOW,SPELLING
2024-07-17-coreform-flex.md:body,Хьюз,"COREFORM FLEX

Завтра COREFORM проведут вебинар про какой-то новый продукт в области IGA моделирован",Юз | Дюз | Хоз | Хрю | Нью,LOW,SPELLING
2024-07-18-mechanical-to-sound.md:body,когда-то,"Mechanical to Sound

Меня прям очень зацепил данная простая, но очень наглядная демонстрация. Помню,",когда | богато | рогато | космато | поддато,LOW,SPELLING
2024-07-18-mechanical-to-sound.md:body,сингалами,"Mechanical to Sound

Меня прям очень зацепил данная простая, но очень наглядная демонстрация. Помню,",сигналами | сигналам | финалами | сигарами | кинжалами,LOW,SPELLING
2024-07-26-corefrom-flex.md:body,стартап,"Corefrom Flex

Запись вебинара Coreform, где они показали свой новый решатель Flex, работающий на ос",старта | стартах | стартам,LOW,SPELLING
2024-07-29-krivye-beze.md:body,матаматик,"Кривые Безье́

Очень интересно узнавать, что некоторые математические понятия - не такие уж и старые",математик | маразматик | математика | математике | математики,LOW,SPELLING
2024-07-30-ansys-2024r2-tut.md:title,2024R2,Ansys 2024R2 туть!,А | И | К | О | Я,LOW,SPELLING
2024-07-30-ansys-2024r2-tut.md:title,туть,Ansys 2024R2 туть!,тут | ртуть | дуть | муть | путь,LOW,SPELLING
2024-07-30-ansys-2024r2-tut.md:body,2024R2,"Ansys 2024R2 туть!

Мои любимые фишки по механической части:
- в APDL дотянули ремешинг с эрозией до",А | И | К | О | Я,LOW,SPELLING
2024-07-30-ansys-2024r2-tut.md:body,туть,"Ansys 2024R2 туть!

Мои любимые фишки по механической части:
- в APDL дотянули ремешинг с эрозией до",тут | ртуть | дуть | муть | путь,LOW,SPELLING
2024-08-06-sam-sebya-ne-pozdravish-i-budesh-ves-go.md:title,оплёванный,"Сам себя не поздравишь, и будешь весь год как оплёванный",оплеванный | облеванный | оплаканный | оплеванной | оплеванные,LOW,SPELLING
2024-08-06-sam-sebya-ne-pozdravish-i-budesh-ves-go.md:body,оплёванный,"Сам себя не поздравишь, и будешь весь год как оплёванный

Итак, сегодня у меня, создателя, автора и ",оплеванный | облеванный | оплаканный | оплеванной | оплеванные,LOW,SPELLING
2024-08-06-sam-sebya-ne-pozdravish-i-budesh-ves-go.md:body,европейcкой,"Сам себя не поздравишь, и будешь весь год как оплёванный

Итак, сегодня у меня, создателя, автора и ",европейкой | европейской | европейка,LOW,SPELLING
2024-08-06-sam-sebya-ne-pozdravish-i-budesh-ves-go.md:body,падавана,"Сам себя не поздравишь, и будешь весь год как оплёванный

Итак, сегодня у меня, создателя, автора и ",каравана | пакована | задавака | подавно | караван,LOW,SPELLING
2024-08-06-sam-sebya-ne-pozdravish-i-budesh-ves-go.md:body,блог,"Сам себя не поздравишь, и будешь весь год как оплёванный

Итак, сегодня у меня, создателя, автора и ",бог | лог | благ | блох | блок,LOW,SPELLING
2024-08-06-sam-sebya-ne-pozdravish-i-budesh-ves-go.md:body,флейм,"Сам себя не поздравишь, и будешь весь год как оплёванный

Итак, сегодня у меня, создателя, автора и ",флегм | флейт | клейм,LOW,SPELLING
2024-08-07-cfx-berlin-sdelali-twinmesh-dlya-star-cc.md:body,морфивший,"!

Основанная в 1997 году компания CFX Berlin (изначальное название CFD Research & Consulting GmbH) ",моривший | морщивший | форсивший,LOW,SPELLING
2024-08-08-muzhikalnaya-pauza.md:title,МуЖикальная,МуЖикальная пауза,Уникальная | Музыкальная | Уникальный | Музыкальный,LOW,SPELLING
2024-08-08-muzhikalnaya-pauza.md:body,МуЖикальная,"МуЖикальная пауза

Dr. Dan Russell and Paul Pedersen, Modal Analysis of an Electric Guitar, Applied ",Уникальная | Музыкальная | Уникальный | Музыкальный,LOW,SPELLING
2024-08-12-eylerovy-i-lagranzhevy-opisaniya-v-mehanik.md:title,Эйлеровы,Эйлеровы и лагранжевы описания в механике жидкости,Элероны | Эйлером | Эйлер | Флеровый | Элерон,LOW,SPELLING
2024-08-12-eylerovy-i-lagranzhevy-opisaniya-v-mehanik.md:title,лагранжевы,Эйлеровы и лагранжевы описания в механике жидкости,Лагранже | Лагранжем | Лагранж,LOW,SPELLING
2024-08-12-eylerovy-i-lagranzhevy-opisaniya-v-mehanik.md:body,Эйлеровы,"Эйлеровы и лагранжевы описания в механике жидкости

Посмотрим на то, как основы механики жидкости пр",Элероны | Эйлером | Эйлер | Флеровый | Элерон,LOW,SPELLING
2024-08-12-eylerovy-i-lagranzhevy-opisaniya-v-mehanik.md:body,лагранжевы,"Эйлеровы и лагранжевы описания в механике жидкости

Посмотрим на то, как основы механики жидкости пр",Лагранже | Лагранжем | Лагранж,LOW,SPELLING
2024-08-15-viktor-sdelaet-vertikalnye-prilozheniya-d.md:body,по-человечески,"VIKTOR сделает вертикальные приложения для вас

Нашел еще одну систему low-code автоматизации расчет",человечески | человеческий | нечеловеческий,LOW,SPELLING
2024-08-21-altair-i-oasys-podpisali-soglashenie-o-so.md:title,разрабоке,Altair и Oasys подписали соглашение о совместной разрабоке ПО,разработке | разработка | разработки | разработку,LOW,SPELLING
2024-08-21-altair-i-oasys-podpisali-soglashenie-o-so.md:body,максималках,В середине мертвого месяца летних каникул пришла интересная новость. Altair (разработчики HypeMesh и,Максимка | Максимке | Максимки | Максимку | Максимкою,LOW,SPELLING
2024-09-11-pix2tex-latex-ocr.md:body,питоновская,"pix2tex - LaTeX OCR

pix2tex - небольшая питоновская утилита, которая распознает выделенные формулы ",платоновская | антоновская | платоновский | антоновский,LOW,SPELLING
2024-09-12-vebinar-modelirovanie-zdaniy-podverzhe.md:body,нативно,Сегодня днем будет вебинар по Impetus AFEA - единственному коммерческому коду для явного моделирован,наивно | неактивно | активно | наивною | наивное,LOW,SPELLING
2024-09-13-dive-cae-dlya-modelirovaniya-v-sph-postano.md:body,инетесного,"Dive CAE для моделирования в SPH постановке

17 и 19 сентября Dive CAE  расскажут о своем облачном S",интересного | небесного | интересный | небесный,LOW,SPELLING
2024-09-16-species-transport-in-ls-dyna-icfd.md:body,дайны,"Species Transport in LS-DYNA ICFD

Один из корневых разработчиков LST выложил на своем канале видео ",даны | тайны | ай,LOW,SPELLING
2024-09-17-setochnaya-adaptatsiya-v-dlya-eylerova-domena.md:title,эйлерова,Сеточная адаптация в для эйлерова домена в Abaqus,Эйлера | элерона | Эйлером | Эйлер | элерон,LOW,SPELLING
2024-09-17-setochnaya-adaptatsiya-v-dlya-eylerova-domena.md:body,эйлерова,"Сеточная адаптация в для эйлерова домена в Abaqus

Ну что тут скажешь - в Abaqus это сделали более п",Эйлера | элерона | Эйлером | Эйлер | элерон,LOW,SPELLING
2024-09-17-setochnaya-adaptatsiya-v-dlya-eylerova-domena.md:body,отсутсвите,"Сеточная адаптация в для эйлерова домена в Abaqus

Ну что тут скажешь - в Abaqus это сделали более п",отсутствие | отставите | отставить,LOW,SPELLING
2024-09-20-ansys-fluent-gpu-native-2024r2.md:title,2024R2,Ansys Fluent GPU native 2024R2,А | И | К | О | Я,LOW,SPELLING
2024-09-20-ansys-fluent-gpu-native-2024r2.md:body,2024R2,"Ansys Fluent GPU native 2024R2

Это настолько крутая презентация, что я прям завидую CFD коллегам. У",А | И | К | О | Я,LOW,SPELLING
2024-09-24-third-medium-contact-tmc.md:body,конда,"Third Medium Contact (TMC)

В последнее время мне регулярно попадаются посты про моделирование конта",кондак | кода | кона | фонда | когда,LOW,SPELLING
2024-09-25-open-source-visualization-and-data-analy.md:body,3D-визуализации,"Open Source Visualization and Data Analysis in the Browser

В ходе этого вебинара эксперты Kitware п",Визуализации | Визуализацию | Визуализация,LOW,SPELLING
2024-09-26-pervaya-kommercheskaya-realizatsiya-iga.md:body,Изогеометрический,"Первая коммерческая реализация IGA

Изогеометрический анализ - это одна из моих любимых тем. И если ",Изо геометрический | Изо-геометрический,LOW,SPELLING
2024-09-26-pervaya-kommercheskaya-realizatsiya-iga.md:body,Хьюза,"Первая коммерческая реализация IGA

Изогеометрический анализ - это одна из моих любимых тем. И если ",Юза | Дюза | Блюза | Союза | Вьюга,LOW,SPELLING
2024-09-26-pervaya-kommercheskaya-realizatsiya-iga.md:body,Дэвид,"Первая коммерческая реализация IGA

Изогеометрический анализ - это одна из моих любимых тем. И если ",Давид | Вид | Давида | Давиде | Давиду,LOW,SPELLING
2024-09-26-pervaya-kommercheskaya-realizatsiya-iga.md:body,Бэнсон,"Первая коммерческая реализация IGA

Изогеометрический анализ - это одна из моих любимых тем. И если ",Басон | Бонтон | Басонный | Бессонный | Бонтонный,LOW,SPELLING
2024-09-26-pervaya-kommercheskaya-realizatsiya-iga.md:body,Дэвид,"Первая коммерческая реализация IGA

Изогеометрический анализ - это одна из моих любимых тем. И если ",Давид | Вид | Давида | Давиде | Давиду,LOW,SPELLING
2024-09-26-pervaya-kommercheskaya-realizatsiya-iga.md:body,билдом,"Первая коммерческая реализация IGA

Изогеометрический анализ - это одна из моих любимых тем. И если ",Биллом | бил дом | бил-дом | болидом | битлом,LOW,SPELLING
2024-09-26-pervaya-kommercheskaya-realizatsiya-iga.md:body,Бэнсон,"Первая коммерческая реализация IGA

Изогеометрический анализ - это одна из моих любимых тем. И если ",Басон | Бонтон | Басонный | Бессонный | Бонтонный,LOW,SPELLING
2024-09-27-optimizatsiya-trassovyh-i-vantovyh-konstru.md:title,трассовых,Оптимизация трассовых и вантовых конструкций,триасовых | расовых | кассовых | массовых | рапсовых,LOW,SPELLING
2024-09-27-optimizatsiya-trassovyh-i-vantovyh-konstru.md:body,трассовых,"Оптимизация трассовых и вантовых конструкций

 

TOP Webinar 32: Truss optimization",триасовых | расовых | кассовых | массовых | рапсовых,LOW,SPELLING
2024-10-01-gdt-inside-ansys.md:body,расришение,"GDT inside Ansys

Чешские коллеги показывают свое расришение для Mechanical, которое позволяет учитв",расширение | расхищение | разрешение | разрушение,LOW,SPELLING
2024-10-01-gdt-inside-ansys.md:body,учитвывать,"GDT inside Ansys

Чешские коллеги показывают свое расришение для Mechanical, которое позволяет учитв",учитывать | читывать | считывать,LOW,SPELLING
2024-10-02-rasshirenie-dlya-raboty-adaptive-ispg-v-wb.md:body,нативно,"Расширение для работы Adaptive ISPG в WB LSD

Коллеги из Ansys только что опубликовали новое ACT рас",наивно | неактивно | активно | наивною | наивное,LOW,SPELLING
2024-10-02-rasshirenie-dlya-raboty-adaptive-ispg-v-wb.md:body,адгезовов,"Расширение для работы Adaptive ISPG в WB LSD

Коллеги из Ansys только что опубликовали новое ACT рас",адгезия | адгезию | адгезии | адгезиею | адгезией,LOW,SPELLING
2024-10-07-modeliruem-oporno-dvigatelnuyu-sistemu-ch.md:body,плагин,"Hyfydy - это программное обеспечение для точного, высокопроизводительного биомеханического моделиров",план | плавни | паладин | плагиат | пластин,LOW,SPELLING
2024-10-08-pozitsioniruem-model-cheloveka-v-primer-d.md:body,выбинара,"Позиционируем модель человека в Primer для расчета в LS-DYNA

Посмотрев запись этого выбинара вы нау",выбоина | рыбина | вышина,LOW,SPELLING
2024-10-08-pozitsioniruem-model-cheloveka-v-primer-d.md:body,позиционаровать,"Позиционируем модель человека в Primer для расчета в LS-DYNA

Посмотрев запись этого выбинара вы нау",позиционировать | позиционировал | позиционировала | позиционировали | позиционировало,LOW,SPELLING
2024-10-08-pozitsioniruem-model-cheloveka-v-primer-d.md:body,соверменный,"Позиционируем модель человека в Primer для расчета в LS-DYNA

Посмотрев запись этого выбинара вы нау",современный | совершенный | доверенный,LOW,SPELLING
2024-10-08-pozitsioniruem-model-cheloveka-v-primer-d.md:body,челоеческих,"Позиционируем модель человека в Primer для расчета в LS-DYNA

Посмотрев запись этого выбинара вы нау",человеческих | человечески | человеческие | человеческий | человеческим,LOW,SPELLING
2024-10-08-pozitsioniruem-model-cheloveka-v-primer-d.md:body,среже,"Позиционируем модель человека в Primer для расчета в LS-DYNA

Посмотрев запись этого выбинара вы нау",Серже | срежем | срежет | Сереже | реже,LOW,SPELLING
2024-10-08-pozitsioniruem-model-cheloveka-v-primer-d.md:body,расчтетов,"Позиционируем модель человека в Primer для расчета в LS-DYNA

Посмотрев запись этого выбинара вы нау",расчетов | расчет | кастет,LOW,SPELLING
2024-10-09-plody-shkoly-dambldora.md:body,бетоны,"Плоды школы Дамблдора

Коллеги, возможно вы слышали про проект из прошлой жизни - школу Дамблдора. Э",бетон | батоны | бетона | бетоне | бетону,LOW,SPELLING
2024-10-09-plody-shkoly-dambldora.md:body,прокачался,"Плоды школы Дамблдора

Коллеги, возможно вы слышали про проект из прошлой жизни - школу Дамблдора. Э",покачался | про качался | про-качался | покачаться | прокачал,LOW,SPELLING
2024-10-09-plody-shkoly-dambldora.md:body,Шпади,"Плоды школы Дамблдора

Коллеги, возможно вы слышали про проект из прошлой жизни - школу Дамблдора. Э",Упади | Шпаги | Шпарить,LOW,SPELLING
2024-10-09-plody-shkoly-dambldora.md:body,Волоцкий,"Плоды школы Дамблдора

Коллеги, возможно вы слышали про проект из прошлой жизни - школу Дамблдора. Э",Полоцкий | Волоокий | Полоцкие,LOW,SPELLING
2024-10-09-plody-shkoly-dambldora.md:body,атомке,"Плоды школы Дамблдора

Коллеги, возможно вы слышали про проект из прошлой жизни - школу Дамблдора. Э",атоме | томике | Томске | атом | атомщике,LOW,SPELLING
2024-10-09-plody-shkoly-dambldora.md:body,Eвропе,"Плоды школы Дамблдора

Коллеги, возможно вы слышали про проект из прошлой жизни - школу Дамблдора. Э",Европе | Европ | Тропе | Вроде | Авроре,LOW,SPELLING
2024-10-11-alternativa-vof.md:body,многофазкой,"Альтернатива VOF

Я тут немного упустил момент с многофазкой в LS-DYNA ICFD, а она там оказывается в",многофазной | многоглазкой | многофазною | многофазное | многофазном,LOW,SPELLING
2024-10-14-ptera-software-kak-mahat-krylyami.md:body,предназанченный,"Ptera Software - как махать крыльями!

Открытый код, предназанченный для моделирования полоета объек",предназначенный | предназначенной | предназначенные | предназначенных | предназначенным,LOW,SPELLING
2024-10-14-ptera-software-kak-mahat-krylyami.md:body,полоета,"Ptera Software - как махать крыльями!

Открытый код, предназанченный для моделирования полоета объек",полета | полое та | полое-та | оплота | полуодета,LOW,SPELLING
2024-10-18-stolkonoveniya-s-dronami-otchet-pod-egid.md:title,Столконовения,Столконовения с дронами - отчет под эгидой Министерства транспорта США,Столкновения | Столкновениях | Столкновениям | Столкновению | Столкновение,LOW,SPELLING
2024-10-18-stolkonoveniya-s-dronami-otchet-pod-egid.md:title,дронами,Столконовения с дронами - отчет под эгидой Министерства транспорта США,донами | адронами | дрофами | дрогами | дровами,LOW,SPELLING
2024-10-18-stolkonoveniya-s-dronami-otchet-pod-egid.md:body,естестевнно,"Настоящий крутой технический отчет сделанный с вниманием к деталям. Наслаждаемся тем, как можно дела",естественно | естественною | естественное | естественной | естественном,LOW,SPELLING
2024-10-21-ballisticheskaya-glina-i-ballisticheskiy-zhe.md:body,ингода,"Баллистическая глина и баллистический желатин

Есть такие две субстанции, которые позволяют оценить ",иногда | года | динода | синода | анода,LOW,SPELLING
2024-10-21-ballisticheskaya-glina-i-ballisticheskiy-zhe.md:body,использут,"Баллистическая глина и баллистический желатин

Есть такие две субстанции, которые позволяют оценить ",используют | использует | использую | используй | используя,LOW,SPELLING
2024-10-21-ballisticheskaya-glina-i-ballisticheskiy-zhe.md:body,Коточе,"Баллистическая глина и баллистический желатин

Есть такие две субстанции, которые позволяют оценить ",Короче | Кофточек | Кофточке | Косточек | Косточке,LOW,SPELLING
2024-10-21-ballisticheskaya-glina-i-ballisticheskiy-zhe.md:body,коэффиценты,"Баллистическая глина и баллистический желатин

Есть такие две субстанции, которые позволяют оценить ",коэффициенты | коэффициент | коэффициента | коэффициенте | коэффициенту,LOW,SPELLING
2024-10-22-ai-postroit-optimalnye-setki-dlya-cfd.md:body,Суонси,"AI построит оптимальные сетки для CFD

Доклад Рубена Севилья из Университета Суонси на тему  «Генера",Сноси | Супони | Сони | Соси | Суконки,LOW,SPELLING
2024-10-22-ai-postroit-optimalnye-setki-dlya-cfd.md:body,косячить,"AI построит оптимальные сетки для CFD

Доклад Рубена Севилья из Университета Суонси на тему  «Генера",косить | кончить | корчить | горячить,LOW,SPELLING
2024-10-24-polimat-hypha-spdm.md:title,ПОЛИМАТ,ПОЛИМАТ HYPHA SPDM,ПОЛИВАЮТ | ПОЛИВАЕТ | ПОЛИВАТЬ | ПОЛИЗАТЬ | ПОЛОМАЮТ,LOW,SPELLING
2024-10-24-polimat-hypha-spdm.md:body,ПОЛИМАТ,"ПОЛИМАТ HYPHA SPDM

Ребята из одной дружественной компании создали (и продолжают развивать) SPDM сис",ПОЛИВАЮТ | ПОЛИВАЕТ | ПОЛИВАТЬ | ПОЛИЗАТЬ | ПОЛОМАЮТ,LOW,SPELLING
2024-10-24-polimat-hypha-spdm.md:body,Полимат,"ПОЛИМАТ HYPHA SPDM

Ребята из одной дружественной компании создали (и продолжают развивать) SPDM сис",Полита | Полит | Поливают | Поливает | Поливать,LOW,SPELLING
2024-10-25-altair-ischet-pokupatelya.md:body,решателем,"Altair ищет покупателя

Повторяется история Ansys. Компания Altair, которая лично для меня больше вс",вешателем | вешателе | предателем | вешатель | делателем,LOW,SPELLING
2024-10-25-altair-ischet-pokupatelya.md:body,вообще-то,"Altair ищет покупателя

Повторяется история Ansys. Компания Altair, которая лично для меня больше вс",вообще,HIGH,SPELLING
2024-10-28-magazin-modeley-dlya-impetus.md:body,какие-то,"Магазин моделей для IMPETUS

Продолжая ветку про данный боевой код, ни могу не пройти мимо их магази",карета | ракета | ракита | кассета | калиевый,LOW,SPELLING
2024-10-29-ay-ay-pytaetsya-pomoch.md:title,Ай-Ай,Ай-Ай пытается помочь,Айкай | Ахай | Акай,LOW,SPELLING
2024-10-29-ay-ay-pytaetsya-pomoch.md:body,Ай-Ай,"Ай-Ай пытается помочь

Иногда провожу такой тест, когда сам не могу ничего найти или вспомнить. Как ",Айкай | Ахай | Акай,LOW,SPELLING
2024-10-29-ay-ay-pytaetsya-pomoch.md:body,глюцинации,"Ай-Ай пытается помочь

Иногда провожу такой тест, когда сам не могу ничего найти или вспомнить. Как ",галлюцинации | галлюцинация | галлюцинацию | галлюцинаций,LOW,SPELLING
2024-10-31-altair-prodanopotracheno.md:body,Всего-то,"Altair - продано/потрачено

Всего-то 10 ярдов, и он теперь с Siemens.

 

 ",Всего | Всегда,LOW,SPELLING
2024-10-31-iga-na-gpu.md:body,портирование,"!

COREFORM поднял очередной раунд финансирования на портирование своих алгоритмов под GPU. При этом",сортирование | сортированием | борирование | дотирование | йотирование,LOW,SPELLING
2024-10-31-iga-na-gpu.md:body,атомки,"!

COREFORM поднял очередной раунд финансирования на портирование своих алгоритмов под GPU. При этом",атомщик | томик | томики | атом | атомщики,LOW,SPELLING
2024-11-02-na-temu-vcherashnego-helouina.md:title,Хелоуина,На тему вчерашнего Хелоуина,Хлорина | Холодина | Хлорин,LOW,SPELLING
2024-11-02-na-temu-vcherashnego-helouina.md:body,Хелоуина,"На тему вчерашнего Хелоуина

 

Keith Hanna on LinkedIn: This made me smile today...
 ",Хлорина | Холодина | Хлорин,LOW,SPELLING
2024-11-05-numisheet-2025.md:body,вендеров,"NUMISHEET 2025

Открылся прием докладов на главную конференцию по моделированию листовой штамповки. ",тендеров | ведер | тендер,LOW,SPELLING
2024-11-06-pervyy-test-teylora-dlya-dushnil.md:title,душнил,Первый Тест Тейлора - для душнил,душил | душила | душили | душило | души,LOW,SPELLING
2024-11-06-pervyy-test-teylora-dlya-dushnil.md:body,душнил,"Первый Тест Тейлора - для душнил

Тест Тейлора — это основополагающий эксперимент, широко известный ",душил | душила | душили | душило | души,LOW,SPELLING
2024-11-06-pervyy-test-teylora-dlya-dushnil.md:body,недеформируемую,"Первый Тест Тейлора - для душнил

Тест Тейлора — это основополагающий эксперимент, широко известный ",не деформируемую | не-деформируемую | деформируемую | деформируемою | деформируемый,LOW,SPELLING
2024-11-06-pervyy-test-teylora-dlya-dushnil.md:body,Уифин,"Первый Тест Тейлора - для душнил

Тест Тейлора — это основополагающий эксперимент, широко известный ",Фин | Иудин | Удин | Ужин | Афин,LOW,SPELLING
2024-11-06-pervyy-test-teylora-dlya-dushnil.md:body,Виллиам,"Первый Тест Тейлора - для душнил

Тест Тейлора — это основополагающий эксперимент, широко известный ",Виллам | Виллами | Вилам | Вилла | Винилам,LOW,SPELLING
2024-11-06-pervyy-test-teylora-dlya-dushnil.md:body,Каррингтон,"Первый Тест Тейлора - для душнил

Тест Тейлора — это основополагающий эксперимент, широко известный ",Арлингтон | Дарлингтон | Арлингтона | Арлингтоне | Арлингтону,LOW,SPELLING
2024-11-06-pervyy-test-teylora-dlya-dushnil.md:body,Мари,"Первый Тест Тейлора - для душнил

Тест Тейлора — это основополагающий эксперимент, широко известный ",Марки | Марли | Марши | Марию | Марии,LOW,SPELLING
2024-11-06-pervyy-test-teylora-dlya-dushnil.md:body,Гейлер,"Первый Тест Тейлора - для душнил

Тест Тейлора — это основополагающий эксперимент, широко известный ",Гейзер | Гейзера | Гейзере | Гейзеру | Гейзеры,LOW,SPELLING
2024-11-06-pervyy-test-teylora-dlya-dushnil.md:body,Анвиля,"Первый Тест Тейлора - для душнил

Тест Тейлора — это основополагающий эксперимент, широко известный ",Англия | Авеля | Авила | Авиле | Авилу,LOW,SPELLING
2024-11-06-pervyy-test-teylora-dlya-dushnil.md:body,анвиль,"Первый Тест Тейлора - для душнил

Тест Тейлора — это основополагающий эксперимент, широко известный ",ваниль | гниль | Авель | Авила | Авиле,LOW,SPELLING
2024-11-06-pervyy-test-teylora-dlya-dushnil.md:body,Что-то,"Первый Тест Тейлора - для душнил

Тест Тейлора — это основополагающий эксперимент, широко известный ",Ото | Тот | Что | Фото | Лото,LOW,SPELLING
2024-11-07-opyat-optimizatsiya-topologii-ot-intact.md:body,чего-то,"(Опять) оптимизация топологии от Intact Solutions

Итак, стартам, дружащий с nTopo и выполняющий рас",чего | неготов | чеботом | чеботов | чебот,LOW,SPELLING
2024-11-07-opyat-optimizatsiya-topologii-ot-intact.md:body,бессеточным,"(Опять) оптимизация топологии от Intact Solutions

Итак, стартам, дружащий с nTopo и выполняющий рас",бессточным | бес сеточным | бес-сеточным | бессточными | беседочным,LOW,SPELLING
2024-11-07-opyat-optimizatsiya-topologii-ot-intact.md:body,душнил,"(Опять) оптимизация топологии от Intact Solutions

Итак, стартам, дружащий с nTopo и выполняющий рас",душил | душила | душили | душило | души,LOW,SPELLING
2024-11-07-opyat-optimizatsiya-topologii-ot-intact.md:body,𝐂𝐮𝐭𝐭𝐢𝐧𝐠-𝐞𝐝𝐠𝐞,"(Опять) оптимизация топологии от Intact Solutions

Итак, стартам, дружащий с nTopo и выполняющий рас",а | и | к | о | я,LOW,SPELLING
2024-11-07-opyat-optimizatsiya-topologii-ot-intact.md:body,𝐋𝐞𝐯𝐞𝐥,"(Опять) оптимизация топологии от Intact Solutions

Итак, стартам, дружащий с nTopo и выполняющий рас",а | и | к | о | я,LOW,SPELLING
2024-11-07-opyat-optimizatsiya-topologii-ot-intact.md:body,𝐬𝐞𝐭,"(Опять) оптимизация топологии от Intact Solutions

Итак, стартам, дружащий с nTopo и выполняющий рас",а | и | к | о | я,LOW,SPELLING
2024-11-07-opyat-optimizatsiya-topologii-ot-intact.md:body,𝐨𝐩𝐭𝐢𝐦𝐢𝐳𝐚𝐭𝐢𝐨𝐧,"(Опять) оптимизация топологии от Intact Solutions

Итак, стартам, дружащий с nTopo и выполняющий рас",а | и | к | о | я,LOW,SPELLING
2024-11-07-opyat-optimizatsiya-topologii-ot-intact.md:body,𝐦𝐞𝐞𝐭𝐬,"(Опять) оптимизация топологии от Intact Solutions

Итак, стартам, дружащий с nTopo и выполняющий рас",а | и | к | о | я,LOW,SPELLING
2024-11-07-opyat-optimizatsiya-topologii-ot-intact.md:body,𝐭𝐡𝐞,"(Опять) оптимизация топологии от Intact Solutions

Итак, стартам, дружащий с nTopo и выполняющий рас",а | и | к | о | я,LOW,SPELLING
2024-11-07-opyat-optimizatsiya-topologii-ot-intact.md:body,𝐟𝐥𝐞𝐱𝐢𝐛𝐢𝐥𝐢𝐭𝐲,"(Опять) оптимизация топологии от Intact Solutions

Итак, стартам, дружащий с nTopo и выполняющий рас",а | и | к | о | я,LOW,SPELLING
2024-11-07-opyat-optimizatsiya-topologii-ot-intact.md:body,𝐆𝐫𝐚𝐬𝐬𝐡𝐨𝐩𝐩𝐞𝐫,"(Опять) оптимизация топологии от Intact Solutions

Итак, стартам, дружащий с nTopo и выполняющий рас",а | и | к | о | я,LOW,SPELLING
2024-11-07-opyat-optimizatsiya-topologii-ot-intact.md:body,𝐰𝐢𝐭𝐡,"(Опять) оптимизация топологии от Intact Solutions

Итак, стартам, дружащий с nTopo и выполняющий рас",а | и | к | о | я,LOW,SPELLING
2024-11-07-opyat-optimizatsiya-topologii-ot-intact.md:body,𝐒𝐢𝐦𝐮𝐥𝐚𝐭𝐢𝐨𝐧,"(Опять) оптимизация топологии от Intact Solutions

Итак, стартам, дружащий с nTopo и выполняющий рас",а | и | к | о | я,LOW,SPELLING
2024-11-07-opyat-optimizatsiya-topologii-ot-intact.md:body,𝐭𝐡𝐞,"(Опять) оптимизация топологии от Intact Solutions

Итак, стартам, дружащий с nTopo и выполняющий рас",а | и | к | о | я,LOW,SPELLING
2024-11-07-opyat-optimizatsiya-topologii-ot-intact.md:body,𝐥𝐨𝐨𝐩,"(Опять) оптимизация топологии от Intact Solutions

Итак, стартам, дружащий с nTopo и выполняющий рас",а | и | к | о | я,LOW,SPELLING
2024-11-11-likbez-po-shatrovym-poverhnosyatm-tekuchest.md:title,поверхносятм,Ликбез по шатровым поверхносятм текучести,поверхностям | поверхностями | поверхностях | поверхности | поверхность,LOW,SPELLING
2024-11-11-likbez-po-shatrovym-poverhnosyatm-tekuchest.md:body,поверхносятм,"Ликбез по шатровым поверхносятм текучести

PLAXIS обчыно меня не интересует, ибо уж очень сильно он ",поверхностям | поверхностями | поверхностях | поверхности | поверхность,LOW,SPELLING
2024-11-11-likbez-po-shatrovym-poverhnosyatm-tekuchest.md:body,обчыно,"Ликбез по шатровым поверхносятм текучести

PLAXIS обчыно меня не интересует, ибо уж очень сильно он ",обычно | обычною | обычное | обычной | обычном,LOW,SPELLING
2024-11-11-likbez-po-shatrovym-poverhnosyatm-tekuchest.md:body,поверхносятм,"Ликбез по шатровым поверхносятм текучести

PLAXIS обчыно меня не интересует, ибо уж очень сильно он ",поверхностям | поверхностями | поверхностях | поверхности | поверхность,LOW,SPELLING
2024-11-12-luchshie-algoritmy-setochnoy-adaptatsii.md:body,компание,"Лучшие алгоритмы сеточной адаптации

И это не Marc или Qform. Это решатель AdvantEdge, разрабатываем",компаниею | компанией | копание | компанию | компании,LOW,SPELLING
2024-11-14-kak-rabotaet-bessetochnyy-reshatel-intact.md:title,бессеточный,"Как работает бессеточный решатель Intact Solutions, Inc.",бессточный | бес сеточный | бес-сеточный | беседочный | бессрочный,LOW,SPELLING
2024-11-14-kak-rabotaet-bessetochnyy-reshatel-intact.md:body,бессеточный,"Как работает бессеточный решатель Intact Solutions, Inc.

Читатели моего канала уже слышали про новы",бессточный | бес сеточный | бес-сеточный | беседочный | бессрочный,LOW,SPELLING
2024-11-14-kak-rabotaet-bessetochnyy-reshatel-intact.md:body,бессетоный,"Как работает бессеточный решатель Intact Solutions, Inc.

Читатели моего канала уже слышали про новы",бессметный | бессточный | бессчетный,LOW,SPELLING
2024-11-14-kak-rabotaet-bessetochnyy-reshatel-intact.md:body,стартап,"Как работает бессеточный решатель Intact Solutions, Inc.

Читатели моего канала уже слышали про новы",старта | стартах | стартам,LOW,SPELLING
2024-11-14-kak-rabotaet-bessetochnyy-reshatel-intact.md:body,Галеркина,"Как работает бессеточный решатель Intact Solutions, Inc.

Читатели моего канала уже слышали про новы",Галерки на | Галерки-на | Галерка | Галерки | Балерина,LOW,SPELLING
2024-11-14-kak-rabotaet-bessetochnyy-reshatel-intact.md:body,воксельной,"Как работает бессеточный решатель Intact Solutions, Inc.

Читатели моего канала уже слышали про новы",вексельной | весельной | вокальной | коксальной | вексельною,LOW,SPELLING
2024-11-14-kak-rabotaet-bessetochnyy-reshatel-intact.md:body,бессеточным,"Как работает бессеточный решатель Intact Solutions, Inc.

Читатели моего канала уже слышали про новы",бессточным | бес сеточным | бес-сеточным | бессточными | беседочным,LOW,SPELLING
2024-11-14-kak-rabotaet-bessetochnyy-reshatel-intact.md:body,интесно,"Как работает бессеточный решатель Intact Solutions, Inc.

Читатели моего канала уже слышали про новы",интересно | тесно | индексно | интерном | интерн,LOW,SPELLING
2024-11-20-stoit-li-zhdat-dns-v-cfd-na-gpu.md:body,Когда-то,"Стоит ли ждать DNS в CFD на GPU?

Когда-то Ansys хвастался первым расчетом на миллиард ячеек во Flue",Когда | Богато | Рогато | Космато | Поддато,LOW,SPELLING
2024-11-20-stoit-li-zhdat-dns-v-cfd-na-gpu.md:body,100к,"Стоит ли ждать DNS в CFD на GPU?

Когда-то Ansys хвастался первым расчетом на миллиард ячеек во Flue",к | як | шк | эк | ЦК,LOW,SPELLING
2024-11-20-stoit-li-zhdat-dns-v-cfd-na-gpu.md:body,эквивалентрную,"Стоит ли ждать DNS в CFD на GPU?

Когда-то Ansys хвастался первым расчетом на миллиард ячеек во Flue",эквивалентную | эквивалентною | эквивалентный,LOW,SPELLING
2024-11-20-stoit-li-zhdat-dns-v-cfd-na-gpu.md:body,110x,"Стоит ли ждать DNS в CFD на GPU?

Когда-то Ansys хвастался первым расчетом на миллиард ячеек во Flue",а | и | к | о | я,LOW,SPELLING
2024-11-22-chto-zadumal-simscale.md:body,тизер,"Что задумал SimScale?

У их главного тизер с результатами нелинейных расчетов. Может они собрались в",мизер | тире | триер | тер | тиаре,LOW,SPELLING
2024-11-27-guideline-for-implicit-analyses-using-an.md:body,дайне,"Guideline for Implicit Analyses Using Ansys LS-DYNA Software

Есть у меня профессиональная травма. Я",дайте | тайне | дай не | дай-не | даней,LOW,SPELLING
2024-11-28-freecad-10.md:body,пользовалься,"FreeCAD 1.0

Я пропустил, как на прошлой неделе вышла таки 1.0 версия главного бесплатного CAD-a. Я ",пользовался | пользоваться | пользовалась,LOW,SPELLING
2024-11-28-freecad-10.md:body,немногу,"FreeCAD 1.0

Я пропустил, как на прошлой неделе вышла таки 1.0 версия главного бесплатного CAD-a. Я ",немногую | немного | нем ногу | нем-ногу | немочь,LOW,SPELLING
2024-11-29-vs-code-ls-dyna-extension.md:body,что-то,"VS Code LS-DYNA extension

Для редактирования тяжелых текстовых файлов (моделей LS-DYNA, естественно",ото | тот | что | фото | лото,LOW,SPELLING
2024-11-29-vs-code-ls-dyna-extension.md:body,автодополнение,"VS Code LS-DYNA extension

Для редактирования тяжелых текстовых файлов (моделей LS-DYNA, естественно",авто дополнение | авто-дополнение,LOW,SPELLING
2024-11-29-vs-code-ls-dyna-extension.md:body,плагин,"VS Code LS-DYNA extension

Для редактирования тяжелых текстовых файлов (моделей LS-DYNA, естественно",план | плавни | паладин | плагиат | пластин,LOW,SPELLING
2024-11-29-vs-code-ls-dyna-extension.md:body,дефолтных,"VS Code LS-DYNA extension

Для редактирования тяжелых текстовых файлов (моделей LS-DYNA, естественно",дефектных | дефектный | дефектные | дефектным,LOW,SPELLING
2024-11-29-vs-code-ls-dyna-extension.md:body,инпутники,"VS Code LS-DYNA extension

Для редактирования тяжелых текстовых файлов (моделей LS-DYNA, естественно",путники | спутники | путник | спутник,LOW,SPELLING
2024-12-03-mscmarc-v-oblake-simscale.md:body,во-первых,"MSC.Marc в облаке SimScale

Сегодня появился официальный пресс-релиз о партнерстве SimScale и Hexago",первых | оперных | опертых | волевых | впертых,LOW,SPELLING
2024-12-03-mscmarc-v-oblake-simscale.md:body,нишевым,"MSC.Marc в облаке SimScale

Сегодня появился официальный пресс-релиз о партнерстве SimScale и Hexago",ониевым | вишневым | днищевым | душевым | гиревым,LOW,SPELLING
2024-12-03-mscmarc-v-oblake-simscale.md:body,вендером,"MSC.Marc в облаке SimScale

Сегодня появился официальный пресс-релиз о партнерстве SimScale и Hexago",тендером | ведер | тендер,LOW,SPELLING
2024-12-03-mscmarc-v-oblake-simscale.md:body,где-то,"MSC.Marc в облаке SimScale

Сегодня появился официальный пресс-релиз о партнерстве SimScale и Hexago",одето | вдето | одетый | вдетый,LOW,SPELLING
2024-12-04-17th-international-ls-dyna-conference-20.md:title,17th,17th International LS-DYNA Conference 2024 - материалы конференции,а | и | к | о | я,LOW,SPELLING
2024-12-04-17th-international-ls-dyna-conference-20.md:body,17th,"Стали доступны материалы прошедшей в США международной конференции по LS-DYNA. Собственно, вот ссылк",а | и | к | о | я,LOW,SPELLING
2024-12-05-artefakty-drevney-tsivilizatsii.md:body,где-то,"Артефакты древней цивилизации

Копаясь в архивах dynalook.com я нашел артефакт, от которого у меня а",одето | вдето | одетый | вдетый,LOW,SPELLING
2024-12-05-artefakty-drevney-tsivilizatsii.md:body,Физмех,"Артефакты древней цивилизации

Копаясь в архивах dynalook.com я нашел артефакт, от которого у меня а",Физтех | Физ мех | Физ-мех | Физтеха | Физтехе,LOW,SPELLING
2024-12-05-artefakty-drevney-tsivilizatsii.md:body,подластилось,"Артефакты древней цивилизации

Копаясь в архивах dynalook.com я нашел артефакт, от которого у меня а",под ластилось | под-ластилось | подольстилось | подкатилось | подладилось,LOW,SPELLING
2024-12-11-skolko-bibliotek-materialov-dlya-ls-dyna.md:body,блоге,"Сколько библиотек материалов для LS-DYNA есть в Workbench?

Явный решатель LS-DYNA обладает способно",боге | логе | благе | блохе | блоке,LOW,SPELLING
2024-12-12-prepomax-+-openradioss.md:body,ковертор,"PrePoMax + OpenRadioss

Еще одна ступенька на пути человеческой опенсорсной FEM среды. Появился кове",ковер тор | ковер-тор | конвертер | квестор | коверкот,LOW,SPELLING
2024-12-13-pochemu-sph-i-peridynamics-plohi-dlya-mode.md:body,Майк,"Почему SPH и Peridynamics плохи для моделирования разрушения

Статья от Майка Хиллмана из компании K",Майка | Майке | Майки | Майку | Майкл,LOW,SPELLING
2024-12-16-compro-vmesto-ansys-composite-curing-sim.md:body,софт,"COMPRO вместо ANSYS Composite Curing Simulation?

Компания Convergent Manufacturing Technologies  де",софит | соф | сот | кофт | софа,LOW,SPELLING
2024-12-16-compro-vmesto-ansys-composite-curing-sim.md:body,плагин,"COMPRO вместо ANSYS Composite Curing Simulation?

Компания Convergent Manufacturing Technologies  де",план | плавни | паладин | плагиат | пластин,LOW,SPELLING
2024-12-17-sivmolnoe-integrirovanie-v-pysr-+-symbo.md:title,Сивмольное,Сивмольное интегрирование в PySR + SymbolicRegression.jl,Символьное | Символьною | Символьной | Символьном | Символьные,LOW,SPELLING
2024-12-17-sivmolnoe-integrirovanie-v-pysr-+-symbo.md:body,Сивмольное,"Сивмольное интегрирование в PySR + SymbolicRegression.jl

Библиотека SymbolicRegression.jl вообще-то",Символьное | Символьною | Символьной | Символьном | Символьные,LOW,SPELLING
2024-12-17-sivmolnoe-integrirovanie-v-pysr-+-symbo.md:body,вообще-то,"Сивмольное интегрирование в PySR + SymbolicRegression.jl

Библиотека SymbolicRegression.jl вообще-то",вообще,HIGH,SPELLING
2024-12-19-offtopik-pro-transmissii-i-variatory.md:body,что-то,"Оффтопик про трансмиссии и вариаторы

Я только любитель в этой теме, но выглядит она просто удивител",ото | тот | что | фото | лото,LOW,SPELLING
2024-12-19-offtopik-pro-transmissii-i-variatory.md:body,где-то,"Оффтопик про трансмиссии и вариаторы

Я только любитель в этой теме, но выглядит она просто удивител",одето | вдето | одетый | вдетый,LOW,SPELLING
2024-12-20-vot-eta-rabota-imeet-vse-shansy-stat-kud.md:title,соры,"Вот эта работа имеет все шансы стать куда более значимой, чем все нынешние ""соры"", выпущенные в посл",сборы | скоры | споры | своры | сор,LOW,SPELLING
2024-12-20-vot-eta-rabota-imeet-vse-shansy-stat-kud.md:body,Бобука,"Это система, в которой вы можете симулировать реальные физические процессы и визуализировать их. По ",Бобка | Бобу ка | Бобу-ка | Бобку | Бобках,LOW,SPELLING
2025-01-07-moy-novyy-proekt.md:body,перерываю,"Мой новый проект

В ходе моей работы я перерываю много научных статей, где встречаются полезные моде",перекрываю | перерыва | прерываю | перебываю | перемываю,LOW,SPELLING
2025-01-08-ls-dyna-na-gpu.md:body,Сохранённая,"LS-DYNA на GPU?

В конце прошлого года Ansys искал человека для переноса функциональности электрофиз",Сохраненная | Сохранная | Сохраненный | Сохранный,LOW,SPELLING
2025-01-08-ls-dyna-na-gpu.md:body,Сохранённая,"LS-DYNA на GPU?

В конце прошлого года Ansys искал человека для переноса функциональности электрофиз",Сохраненная | Сохранная | Сохраненный | Сохранный,LOW,SPELLING
2025-01-09-mechanical-engineering-summary-for-job-i.md:body,ищиет,"Mechanical Engineering Summary for Job Interviews

Забавный краткий (273 слайда) конспект про механи",ищите | ищет | щите | щипет | ищи,LOW,SPELLING
2025-01-24-poymat-samolet-sachkom.md:body,Помниться,"Поймать самолет сачком

Помниться, лет 5 назад я ловил самолетные двигатели при помощи тросовых загр",Помнится | Опомниться | Полниться | По мниться | По-мниться,LOW,SPELLING
2025-01-27-optimizatsiya-topologii-v-prisutstvii-neli.md:body,что-то,"Оптимизация топологии в присутствии нелинейного контакта

Это что-то новенькое, ведь менять форму ко",ото | тот | что | фото | лото,LOW,SPELLING
2025-01-28-esche-odin-intstrument-podgonki-krivyh.md:title,интструмент,Еще один интструмент подгонки кривых,инструмент | инструмента | инструменте | инструменту | инструменты,LOW,SPELLING
2025-01-28-esche-odin-intstrument-podgonki-krivyh.md:body,интструмент,"Еще один интструмент подгонки кривых

Что-то новенькое от MyCurveFit. Пока что Beta.

 

Online curv",инструмент | инструмента | инструменте | инструменту | инструменты,LOW,SPELLING
2025-01-28-esche-odin-intstrument-podgonki-krivyh.md:body,Что-то,"Еще один интструмент подгонки кривых

Что-то новенькое от MyCurveFit. Пока что Beta.

 

Online curv",Ото | Тот | Что | Фото | Лото,LOW,SPELLING
2025-01-29-ansys-freeflow.md:body,софтину,"Ansys FreeFlow

С новым релизом Ansys в этом году зарелизился новый продукт Ansys FreeFlow. Коллеги ",соф тину | соф-тину | софиту | Остину | скотину,LOW,SPELLING
2025-01-29-ansys-freeflow.md:body,где-то,"Ansys FreeFlow

С новым релизом Ansys в этом году зарелизился новый продукт Ansys FreeFlow. Коллеги ",одето | вдето | одетый | вдетый,LOW,SPELLING
2025-02-04-ansys-2025r1.md:title,2025R1,Ansys 2025R1,А | И | К | О | Я,LOW,SPELLING
2025-02-04-ansys-2025r1.md:body,2025R1,"Ansys 2025R1

Ох, там много вкусного, особенно в дайне:
- GUI для моделирования батарей
- Contact To",А | И | К | О | Я,LOW,SPELLING
2025-02-04-ansys-2025r1.md:body,дайне,"Ansys 2025R1

Ох, там много вкусного, особенно в дайне:
- GUI для моделирования батарей
- Contact To",дайте | тайне | дай не | дай-не | даней,LOW,SPELLING
2025-02-04-ansys-2025r1.md:body,когезивных,"Ansys 2025R1

Ох, там много вкусного, особенно в дайне:
- GUI для моделирования батарей
- Contact To",когезионных | когезионный | когезионные | когезионным,LOW,SPELLING
2025-02-06-impetus-webinar-modelling-of-natural-f.md:body,мероптиятие,"Я бы посетил это мероптиятие, если меня пустять. В прошлый раз, когда вебинар был про детонацию, орг",мероприятие | мероприятием | мероприятию | мероприятии | мероприятий,LOW,SPELLING
2025-02-06-impetus-webinar-modelling-of-natural-f.md:body,пустять,"Я бы посетил это мероптиятие, если меня пустять. В прошлый раз, когда вебинар был про детонацию, орг",пустят | пустеть | пустить | пуст ять | пуст-ять,LOW,SPELLING
2025-02-10-video-materialy-cadfem-cis.md:body,перезалиты,"Видео материалы CADFEM CIS

Многие годы CADFEM CIS пилил и бесплатно публиковал огромное количество ",пере залиты | пере-залиты | перелиты | перекалит | пережалит,LOW,SPELLING
2025-02-10-video-materialy-cadfem-cis.md:body,паблик,"Видео материалы CADFEM CIS

Многие годы CADFEM CIS пилил и бесплатно публиковал огромное количество ",Павлик | па блик | па-блик | паб лик | паб-лик,LOW,SPELLING
2025-02-10-video-materialy-cadfem-cis.md:body,хостинга,"Видео материалы CADFEM CIS

Многие годы CADFEM CIS пилил и бесплатно публиковал огромное количество ",холстина | Остина | холдинга | листинга | Остин,LOW,SPELLING
2025-02-11-calculix-na-gpu-podklyuchaem-storonnik-re.md:body,что-то,"CalculiX на GPU: подключаем сторонник решатель СЛАУ

CalculiX, это что-то что иногда выглядит как оп",ото | тот | что | фото | лото,LOW,SPELLING
2025-02-18-itak-ya-doktor-tehnicheskih-nauk-v-ne.md:title,Воловиц,"Итак, я доктор (технических) наук, в не «мистер Воловиц», хотя еще надо исправленную версию тезисов ",Половиц | Воловий | Воловик,LOW,SPELLING
2025-02-20-ntop-pokupaet-cloudfluid.md:body,пазл,"nTop покупает cloudfluid

И вот в какую интересную картину начинает складываться пазл. Есть nTop, ко",пал | паз | паял | патл | паза,LOW,SPELLING
2025-02-20-ntop-pokupaet-cloudfluid.md:body,решётчатые,"nTop покупает cloudfluid

И вот в какую интересную картину начинает складываться пазл. Есть nTop, ко",решетчатые | решетчаты | мешотчатые | решетчатое | решетчатых,LOW,SPELLING
2025-02-20-ntop-pokupaet-cloudfluid.md:body,стартап,"nTop покупает cloudfluid

И вот в какую интересную картину начинает складываться пазл. Есть nTop, ко",старта | стартах | стартам,LOW,SPELLING
2025-02-21-sozdanie-i-analiz-reshetchatyh-struktur-v.md:body,многоморфные,"LatticeWorks — это MATLAB-инструмент для создания и настройки решетчатых структур, включая многоморф",многомерные | многомерный | многомерное | многомерных | многомерным,LOW,SPELLING
2025-02-21-sozdanie-i-analiz-reshetchatyh-struktur-v.md:body,3D-печати,"LatticeWorks — это MATLAB-инструмент для создания и настройки решетчатых структур, включая многоморф",Печати | Печатки | Опечатки | Печали | Печать,LOW,SPELLING
2025-02-21-sozdanie-i-analiz-reshetchatyh-struktur-v.md:body,3D-печати,"LatticeWorks — это MATLAB-инструмент для создания и настройки решетчатых структур, включая многоморф",Печати | Печатки | Опечатки | Печали | Печать,LOW,SPELLING
2025-02-24-crash-analysis-structural-crashworthin.md:body,дневный,"Crash Analysis - Structural Crashworthiness with LS-DYNA

Этим летом в Гетеборге Paul Du Bois и Suri",дневной | дневные | дневных | дневным | гневный,LOW,SPELLING
2025-02-24-crash-analysis-structural-crashworthin.md:body,краш,"Crash Analysis - Structural Crashworthiness with LS-DYNA

Этим летом в Гетеборге Paul Du Bois и Suri",краше | крашу | каш | краю | краб,LOW,SPELLING
2025-02-24-crash-analysis-structural-crashworthin.md:body,ДюБуа,"Crash Analysis - Structural Crashworthiness with LS-DYNA

Этим летом в Гетеборге Paul Du Bois и Suri",Дуба | Юбка | Дюна | Дюну | Дюза,LOW,SPELLING
2025-02-24-crash-analysis-structural-crashworthin.md:body,краш,"Crash Analysis - Structural Crashworthiness with LS-DYNA

Этим летом в Гетеборге Paul Du Bois и Suri",краше | крашу | каш | краю | краб,LOW,SPELLING
2025-02-25-qfrom-i-spaceclaim.md:body,Что-то,"Qfrom и SpaceClaim

Что-то я пропустил момент, когда Qfrom начал использовать софт от Ansys для полг",Ото | Тот | Что | Фото | Лото,LOW,SPELLING
2025-02-25-qfrom-i-spaceclaim.md:body,софт,"Qfrom и SpaceClaim

Что-то я пропустил момент, когда Qfrom начал использовать софт от Ansys для полг",софит | соф | сот | кофт | софа,LOW,SPELLING
2025-02-25-qfrom-i-spaceclaim.md:body,полготовки,"Qfrom и SpaceClaim

Что-то я пропустил момент, когда Qfrom начал использовать софт от Ansys для полг",подготовки | полголовки | пол готовки | пол-готовки | подголовки,LOW,SPELLING
2025-02-27-easyfea-eto-udobnaya-python-biblioteka.md:body,квази-статический,Она поддерживает различные типы симуляций без необходимости в сложной настройке уравнений в частных ,квазистатический | квазистатические | квазистатических | квазистатическим | квазистатической,LOW,SPELLING
2025-02-27-easyfea-eto-udobnaya-python-biblioteka.md:body,репозитория,Она поддерживает различные типы симуляций без необходимости в сложной настройке уравнений в частных ,депозитария | депозитарий | депозитариях | депозитариям | депозитарию,LOW,SPELLING
2025-02-28-bolshie-samolety.md:body,кто-то,"Большие самолеты

Смотрите, какую дуру оптимизируют при помощи HyperX от Collier Aerospace’s. Кстати",Киото | котом | котов | кот | кто,LOW,SPELLING
2025-02-28-bolshie-samolety.md:body,софт,"Большие самолеты

Смотрите, какую дуру оптимизируют при помощи HyperX от Collier Aerospace’s. Кстати",софит | соф | сот | кофт | софа,LOW,SPELLING
2025-03-04-sverlim-kost.md:body,респект,"Сверлим кость

В очередной раз выпала удача посмотреть на медицинские задачи. Я стал поднимать инфор",аспект | проспект | распертый,LOW,SPELLING
2025-03-05-ai-nashe-vse.md:body,равития,"AI наше ВСЁ?

Недавно один мой друг прислал мне ссылку на видео (там есть временная метка), где нам ",развития | распития | разбития | разлития | развитая,LOW,SPELLING
2025-03-05-ai-nashe-vse.md:body,чем-то,"AI наше ВСЁ?

Недавно один мой друг прислал мне ссылку на видео (там есть временная метка), где нам ",четно | четою | четой | четок | чебот,LOW,SPELLING
2025-03-07-dns-modelirovanie-rotora-startuyuschego-bes.md:title,беспилотника,DNS моделирование ротора стартующего беспилотника,беспилотный | беспилотная | беспилотною | беспилотное | беспилотной,LOW,SPELLING
2025-03-07-dns-modelirovanie-rotora-startuyuschego-bes.md:body,беспилотника,"DNS моделирование ротора стартующего беспилотника

Моделирование высокого порядка (7-го) в коде Nek5",беспилотный | беспилотная | беспилотною | беспилотное | беспилотной,LOW,SPELLING
2025-03-07-dns-modelirovanie-rotora-startuyuschego-bes.md:body,импользованием,"DNS моделирование ротора стартующего беспилотника

Моделирование высокого порядка (7-го) в коде Nek5",использованием | им пользованием | им-пользованием | пользованием | использование,LOW,SPELLING
2025-03-10-mistral-ocr-api-dlya-ponimaniya-slozhnyh.md:body,нехватает,"Mistral OCR - API для понимания сложных документов

Разработчики AI из франции на прошлой неделе вык",нахватает | не хватает | не-хватает | нахватать | нахватаете,LOW,SPELLING
2025-03-10-mistral-ocr-api-dlya-ponimaniya-slozhnyh.md:body,текс,"Mistral OCR - API для понимания сложных документов

Разработчики AI из франции на прошлой неделе вык",текст | тек | тес | кекс | секс,LOW,SPELLING
2025-03-10-mistral-ocr-api-dlya-ponimaniya-slozhnyh.md:body,кто-то,"Mistral OCR - API для понимания сложных документов

Разработчики AI из франции на прошлой неделе вык",Киото | котом | котов | кот | кто,LOW,SPELLING
2025-03-10-mistral-ocr-api-dlya-ponimaniya-slozhnyh.md:body,коментах,"Mistral OCR - API для понимания сложных документов

Разработчики AI из франции на прошлой неделе вык",кометах | моментах | ко ментах | ко-ментах | момент,LOW,SPELLING
2025-03-11-lightsolver-uskorit-ls-dyna.md:body,стартапом,"LightSolver ускорит LS-DYNA?

В этой новости ""прекрасно"" все. Следим за руками: Ansys инвестирует в ",старта пом | старта-пом | сатрапом | стартам | стартом,LOW,SPELLING
2025-03-11-lightsolver-uskorit-ls-dyna.md:body,портировать,"LightSolver ускорит LS-DYNA?

В этой новости ""прекрасно"" все. Следим за руками: Ansys инвестирует в ",понтировать | сортировать | пор тировать | пор-тировать | борировать,LOW,SPELLING
2025-03-12-schitaem-krashtesty-polnostyu-na-opensourc.md:body,пиарится,"Считаем краштесты полностью на opensource

Тут один молодой ученый (со свои бюро по поддержке и внед",парится | приварится | париться | позарится | парился,LOW,SPELLING
2025-03-13-cad-dlya-modelirovaniya-ortezov-i-protezov.md:title,ортезов,CAD для моделирования ортезов и протезов,отрезов | орте зов | орте-зов | отрезков | отрез,LOW,SPELLING
2025-03-13-cad-dlya-modelirovaniya-ortezov-i-protezov.md:body,ортезов,"CAD для моделирования ортезов и протезов

Если вы кода-нибудь пробовали построить анатомические моде",отрезов | орте зов | орте-зов | отрезков | отрез,LOW,SPELLING
2025-03-13-cad-dlya-modelirovaniya-ortezov-i-protezov.md:body,ортеза,"CAD для моделирования ортезов и протезов

Если вы кода-нибудь пробовали построить анатомические моде",отреза | орте за | орте-за | отрезах | отрезам,LOW,SPELLING
2025-03-13-cad-dlya-modelirovaniya-ortezov-i-protezov.md:body,каде,"CAD для моделирования ортезов и протезов

Если вы кода-нибудь пробовали построить анатомические моде",кадет | кадке | кадре | кладе | аде,LOW,SPELLING
2025-03-13-cad-dlya-modelirovaniya-ortezov-i-protezov.md:body,варача,"CAD для моделирования ортезов и протезов

Если вы кода-нибудь пробовали построить анатомические моде",врача | варана | араб,LOW,SPELLING
2025-03-13-openradioss-community-dummies.md:body,полявились,"OpenRadioss Community Dummies

А вот это уже более интересное движение со стороны сообщества открыто",появились | пол явились | пол-явились | поля вились | поля-вились,LOW,SPELLING
2025-03-13-openradioss-community-dummies.md:body,караштестов,"OpenRadioss Community Dummies

А вот это уже более интересное движение со стороны сообщества открыто",каратистов | каратист | каратистом,LOW,SPELLING
2025-03-13-openradioss-community-dummies.md:body,стартапов,"OpenRadioss Community Dummies

А вот это уже более интересное движение со стороны сообщества открыто",сатрапов | стартов | стартеров | сатрап | старт,LOW,SPELLING
2025-03-21-vebinar-ntop-+-intactsimulation.md:body,какая-то,"Вебинар nTop + Intact.Simulation

Посмотрим на связку кодов, конкурирующую с IGA методом? Напомню, ч",какао | какая | какают | какает | какало,LOW,SPELLING
2025-03-24-kvantovye-kompyutery-uskoryayut-ls-dyna-p.md:title,прикланого,"Квантовые компьютеры ускоряют LS-DYNA: первые квантовые вычисления, полезные для прикланого CAE",прикладного | приказного | прикольного | присланного | приданого,LOW,SPELLING
2025-03-24-kvantovye-kompyutery-uskoryayut-ls-dyna-p.md:body,бабла,"После прошлой недели я перестал считать, что квантовые компьютеры - это просто академический распил ",баба | бала | бабка | балла | баула,LOW,SPELLING
2025-03-24-kvantovye-kompyutery-uskoryayut-ls-dyna-p.md:body,решателем,"После прошлой недели я перестал считать, что квантовые компьютеры - это просто академический распил ",вешателем | вешателе | предателем | вешатель | делателем,LOW,SPELLING
2025-03-24-kvantovye-kompyutery-uskoryayut-ls-dyna-p.md:body,препритн,"После прошлой недели я перестал считать, что квантовые компьютеры - это просто академический распил ",препринт | репринт | препринта | препринте | препринту,LOW,SPELLING
2025-03-24-kvantovye-kompyutery-uskoryayut-ls-dyna-p.md:body,вычислительно,"После прошлой недели я перестал считать, что квантовые компьютеры - это просто академический распил ",вычислительною | вычислительное | вычислительной | вычислительном | вычислитель но,LOW,SPELLING
2025-03-24-kvantovye-kompyutery-uskoryayut-ls-dyna-p.md:body,трудоёмкий,"После прошлой недели я перестал считать, что квантовые компьютеры - это просто академический распил ",трудоемкий | трудоемки | трудоемкие | трудоемких | трудоемким,LOW,SPELLING
2025-03-24-kvantovye-kompyutery-uskoryayut-ls-dyna-p.md:body,путём,"После прошлой недели я перестал считать, что квантовые компьютеры - это просто академический распил ",путам | путем | путям | пнуть | пусть,LOW,SPELLING
2025-03-24-kvantovye-kompyutery-uskoryayut-ls-dyna-p.md:body,подграфы,"После прошлой недели я перестал считать, что квантовые компьютеры - это просто академический распил ",под графы | под-графы | одографы | годографы | орграфы,LOW,SPELLING
2025-03-24-kvantovye-kompyutery-uskoryayut-ls-dyna-p.md:body,подграфы,"После прошлой недели я перестал считать, что квантовые компьютеры - это просто академический распил ",под графы | под-графы | одографы | годографы | орграфы,LOW,SPELLING
2025-03-24-kvantovye-kompyutery-uskoryayut-ls-dyna-p.md:body,симуляторе,"После прошлой недели я перестал считать, что квантовые компьютеры - это просто академический распил ",стимуляторе | стимулятор | стимулятора | стимулятору | стимуляторы,LOW,SPELLING
2025-03-24-kvantovye-kompyutery-uskoryayut-ls-dyna-p.md:body,эвристиками,"После прошлой недели я перестал считать, что квантовые компьютеры - это просто академический распил ",эвристика ми | эвристика-ми | эвристика | эвристики | Эвридика,LOW,SPELLING
2025-03-24-kvantovye-kompyutery-uskoryayut-ls-dyna-p.md:body,рёбер,"После прошлой недели я перестал считать, что квантовые компьютеры - это просто академический распил ",ребер | Роберт | обер | ребе | ребра,LOW,SPELLING
2025-03-24-kvantovye-kompyutery-uskoryayut-ls-dyna-p.md:body,симуляциями,"После прошлой недели я перестал считать, что квантовые компьютеры - это просто академический распил ",стимуляциями | симуляция ми | симуляция-ми | стимуляциям | симуляции,LOW,SPELLING
2025-03-25-podgotovka-pravilnyh-pdf-dlya-bolshih-na.md:body,сканы,"Подготовка правильных PDF для больших научных библиотек

Отличная и бесплатная консольная утилита ко",саны | сданы | скалы | скаты | станы,LOW,SPELLING
2025-03-27-vibe-draw.md:body,какие-то,"Vibe Draw

Сейчас становиться модным направление vibe-coding, когда вы говорите LLM модели, какой ко",карета | ракета | ракита | кассета | калиевый,LOW,SPELLING
2025-03-28-kvantovoe-prevoshodstvo-na-bumage.md:body,Ок-Ридж,"Квантовое превосходство «на бумаге»

Исследователи из Национальной лаборатории Ок-Ридж (ORNL) провел",Акрид | Бридж | Окрик | Оксид | Акриды,LOW,SPELLING
2025-03-28-kvantovoe-prevoshodstvo-na-bumage.md:body,Хеле-Шоу,"Квантовое превосходство «на бумаге»

Исследователи из Национальной лаборатории Ок-Ридж (ORNL) провел",Телешоу | Мелешь | Железо | Велено | Зелено,LOW,SPELLING
2025-04-01-ai-dlya-upravleniya-postprotsessingom.md:body,процессинга,"AI для управления постпроцессингом

Коллеги из Fraunhofer Institute for Algorithms and Scientific Co",прессинга | прессинг | процессия,LOW,SPELLING
2025-04-03-siemens-kupil-dotmatics.md:body,цитометрии,"Siemens купил Dotmatics

Вот что говорят о себе купленные:
Dotmatics - мировой лидер в области научн",нитрометрии | биометрии | изометрии | автометрии | фотометрии,LOW,SPELLING
2025-04-04-induktsionnyy-i-radiochastotnyy-nagrev-v-c.md:body,смартфонов,"Индукционный и радиочастотный нагрев в CENOS

Еще один специализированный решатель, на этот раз CENO",марафонов | марафон | марафоном,LOW,SPELLING
2025-04-07-toffeex-topologicheskaya-potimizatsiya-rad.md:title,потимизация,Toffeex - топологическая потимизация радиаторов,оптимизация | оптимизациях | оптимизациям | оптимизацию | оптимизации,LOW,SPELLING
2025-04-07-toffeex-topologicheskaya-potimizatsiya-rad.md:body,потимизация,"Toffeex - топологическая потимизация радиаторов

Еще один стартап, который решает задачи оптимизации",оптимизация | оптимизациях | оптимизациям | оптимизацию | оптимизации,LOW,SPELLING
2025-04-07-toffeex-topologicheskaya-potimizatsiya-rad.md:body,стартап,"Toffeex - топологическая потимизация радиаторов

Еще один стартап, который решает задачи оптимизации",старта | стартах | стартам,LOW,SPELLING
2025-04-09-ii-dlya-modelirovaniya-nasosov.md:body,брендом,"ИИ для моделирования насосов

Завтра SimScale и NVIDIA будут показывать работу ИИ модели насоса, раб",бредом | бренном | бред,LOW,SPELLING
2025-04-14-zamena-evropeyskoy-konferentsii-ls-dyna.md:body,брендом,"Замена европейской конференции LS-DYNA

Ушла очередная эпоха. Ansys решил окончательно переформатиро",бредом | бренном | бред,LOW,SPELLING
2025-04-16-cadfem-ispolnyaetsya-40-let.md:body,Гюнтер,"CADFEM исполняется 40 лет!

Коллеги даже подготовили про это раздел слайда. Аж олдскусы свело!

На ф",Грюндер | Мюнстер | Юнкер | Гетер | Тюнер,LOW,SPELLING
2025-04-16-cadfem-ispolnyaetsya-40-let.md:body,Маргарета,"CADFEM исполняется 40 лет!

Коллеги даже подготовили про это раздел слайда. Аж олдскусы свело!

На ф",Маргарита | Маргаритка | Маргаритах | Маргаритам | Маргарит,LOW,SPELLING
2025-04-16-cadfem-ispolnyaetsya-40-let.md:body,Мюллер,"CADFEM исполняется 40 лет!

Коллеги даже подготовили про это раздел слайда. Аж олдскусы свело!

На ф",Киллер | Маклер | Маллеин,LOW,SPELLING
2025-04-16-cadfem-ispolnyaetsya-40-let.md:body,Сью,"CADFEM исполняется 40 лет!

Коллеги даже подготовили про это раздел слайда. Аж олдскусы свело!

На ф",Осью | Бью | Лью | Нью | Пью,LOW,SPELLING
2025-04-16-cadfem-ispolnyaetsya-40-let.md:body,Батт,"CADFEM исполняется 40 лет!

Коллеги даже подготовили про это раздел слайда. Аж олдскусы свело!

На ф",Батат | Батут | Байт | Балт | Бант,LOW,SPELLING
2025-04-16-cadfem-ispolnyaetsya-40-let.md:body,Свонсоном,"CADFEM исполняется 40 лет!

Коллеги даже подготовили про это раздел слайда. Аж олдскусы свело!

На ф",Спонсором | Спонсор | Спонсорам | Спонсоров,LOW,SPELLING
2025-04-17-nemetskie-doktorskie-korochki.md:body,дисер,"Немецкие «докторские»корочки

За два месяца я смог урегулировать все бюрократические тонкости и разм",бисер | дилер | димер,LOW,SPELLING
2025-04-18-vebinar-po-ls-dyna-+-aqua-ot-ansys.md:body,столконоыение,"Вебинар по LS-DYNA + AQUA от Ansys

Как много было у меня задач на столконоыение судов в былые време",столкновение | столкновением | столкновению | столкновении | столкновений,LOW,SPELLING
2025-04-22-fluent-i-tysyacha-gpu-ot-amd.md:body,суперкомпьютере,"Fluent и тысяча GPU от AMD

На прошлой неделе стали доступны результаты исследования, проведенного A",супер компьютере | супер-компьютере,LOW,SPELLING
2025-04-22-fluent-i-tysyacha-gpu-ot-amd.md:body,видеокарт,"Fluent и тысяча GPU от AMD

На прошлой неделе стали доступны результаты исследования, проведенного A",видео карт | видео-карт,LOW,SPELLING
2025-04-28-ansys-apdl-mixed-solver.md:body,серверные,"Ansys APDL Mixed Solver

Я просмотрел интересное нововведение в 2025 R1. В новом релизе появился цел",северные | сер верные | сер-верные | суеверные | сервере,LOW,SPELLING
2025-04-28-ansys-apdl-mixed-solver.md:body,числодробилки,"Ansys APDL Mixed Solver

Я просмотрел интересное нововведение в 2025 R1. В новом релизе появился цел",число дробилки | число-дробилки,LOW,SPELLING
2025-05-05-wasp-med-add-on-blender.md:body,ортезы,"WASP MED Add-on Blender

Компания WASP не только производит промышленные 3D принтеры, но и является ",отрезы | отрез | обрезы | протезы | орте,LOW,SPELLING
2025-05-05-wasp-med-add-on-blender.md:body,что-то,"WASP MED Add-on Blender

Компания WASP не только производит промышленные 3D принтеры, но и является ",ото | тот | что | фото | лото,LOW,SPELLING
2025-05-07-kak-poschitat-krashtest-tolko-na-otkryto.md:body,Садовского,"Как посчитать краштест только на открытом коде

Доклад Александра Садовского с конференции ""Carhs Au",Саудовского | Саровского | Азовский,LOW,SPELLING
2025-05-09-google-notebooklm-i-podkast-pro-sph.md:title,подкаст,Google NotebookLM и подкаст про SPH,подаст | поддаст | под каст | под-каст | покат,LOW,SPELLING
2025-05-09-google-notebooklm-i-podkast-pro-sph.md:body,подкаст,"Google NotebookLM и подкаст про SPH

Есть у Гугла такая штука как Google NotebookLM — это инструмент",подаст | поддаст | под каст | под-каст | покат,LOW,SPELLING
2025-05-09-google-notebooklm-i-podkast-pro-sph.md:body,Гугла,"Google NotebookLM и подкаст про SPH

Есть у Гугла такая штука как Google NotebookLM — это инструмент",Гула | Угла | Цуг | Гуд | Гуж,LOW,SPELLING
2025-05-09-google-notebooklm-i-podkast-pro-sph.md:body,подкаст,"Google NotebookLM и подкаст про SPH

Есть у Гугла такая штука как Google NotebookLM — это инструмент",подаст | поддаст | под каст | под-каст | покат,LOW,SPELLING
2025-05-09-google-notebooklm-i-podkast-pro-sph.md:body,подкаст,"Google NotebookLM и подкаст про SPH

Есть у Гугла такая штука как Google NotebookLM — это инструмент",подаст | поддаст | под каст | под-каст | покат,LOW,SPELLING
2025-05-09-google-notebooklm-i-podkast-pro-sph.md:body,какую-то,"Google NotebookLM и подкаст про SPH

Есть у Гугла такая штука как Google NotebookLM — это инструмент",каюта | каютою | каютой | капуста | кают,LOW,SPELLING
2025-05-12-millennium-m2000-superkompyuter-ot-caden.md:title,суперкомпьютер,Millennium M2000 суперкомпьютер от Cadence,супер компьютер | супер-компьютер,LOW,SPELLING
2025-05-12-millennium-m2000-superkompyuter-ot-caden.md:body,суперкомпьютер,"Millennium M2000 суперкомпьютер от Cadence

Долго разбирался в пресс релизах, а потом долго бился ли",супер компьютер | супер-компьютер,LOW,SPELLING
2025-05-12-millennium-m2000-superkompyuter-ot-caden.md:body,суперкомпьютер,"Millennium M2000 суперкомпьютер от Cadence

Долго разбирался в пресс релизах, а потом долго бился ли",супер компьютер | супер-компьютер,LOW,SPELLING
2025-05-12-millennium-m2000-superkompyuter-ot-caden.md:body,брэндируют,"Millennium M2000 суперкомпьютер от Cadence

Долго разбирался в пресс релизах, а потом долго бился ли",бронируют | блиндируют | бронзируют | бронировать | блиндировать,LOW,SPELLING
2025-05-12-millennium-m2000-superkompyuter-ot-caden.md:body,софт,"Millennium M2000 суперкомпьютер от Cadence

Долго разбирался в пресс релизах, а потом долго бился ли",софит | соф | сот | кофт | софа,LOW,SPELLING
2025-05-12-millennium-m2000-superkompyuter-ot-caden.md:body,софта,"Millennium M2000 суперкомпьютер от Cadence

Долго разбирался в пресс релизах, а потом долго бился ли",софита | софа | кофта | сорта | соф та,LOW,SPELLING
2025-05-12-millennium-m2000-superkompyuter-ot-caden.md:body,почему-то,"Millennium M2000 суперкомпьютер от Cadence

Долго разбирался в пресс релизах, а потом долго бился ли",почему | почемучка | почесуха,LOW,SPELLING
2025-05-13-modelirovanie-vzaimodeystviya-zhidkosti-i.md:body,Внтури,Свежая публикация с расчетом в ICFD от LS-DYNA R16 и проверкой на экспериментальных данных. Внтури м,Внутри | Вытури | Вытурить,LOW,SPELLING
2025-05-14-vnezapno-zavtra-vystupayu-na-konferentsii.md:body,лаба,А еще ребята знают толк в LS-DYNA возможно даже по хлеще чем DYNAmore Nordic. У них даже есть своя л,лабаз | лайба | лаб | лба | слаба,LOW,SPELLING
2025-05-15-weldformfem.md:body,решетель,"WeldFormFEM

Это бесплатный открытый решатель явной механики работающий на CPU/GPU. Интересно, что р",решет ель | решет-ель | решете ль | решете-ль | радетель,LOW,SPELLING
2025-05-15-weldformfem.md:body,блог,"WeldFormFEM

Это бесплатный открытый решатель явной механики работающий на CPU/GPU. Интересно, что р",бог | лог | благ | блох | блок,LOW,SPELLING
2025-05-16-rimac-rasskadyvaet-pro-raschet-batarey-v.md:title,расскадывает,Rimac расскадывает про расчет батарей в софте Siemens,рассказывает | раскладывает | рассказывать | рассказываете | раскалывает,LOW,SPELLING
2025-05-16-rimac-rasskadyvaet-pro-raschet-batarey-v.md:title,софте,Rimac расскадывает про расчет батарей в софте Siemens,софите | софе | соте | кофте | сорте,LOW,SPELLING
2025-05-16-rimac-rasskadyvaet-pro-raschet-batarey-v.md:body,расскадывает,"Rimac расскадывает про расчет батарей в софте Siemens

 

Rimac Technology | Enhancing battery therm",рассказывает | раскладывает | рассказывать | рассказываете | раскалывает,LOW,SPELLING
2025-05-16-rimac-rasskadyvaet-pro-raschet-batarey-v.md:body,софте,"Rimac расскадывает про расчет батарей в софте Siemens

 

Rimac Technology | Enhancing battery therm",софите | софе | соте | кофте | сорте,LOW,SPELLING
2025-05-19-o-modelirovanii-batarey-slozhno.md:body,связянной,"О моделировании батарей сложно

Досталась мне тут статейка от коллег из Fraunhofer EMI про ""простое""",связанной | связной | связанно | вязанной | свалянной,LOW,SPELLING
2025-05-19-o-modelirovanii-batarey-slozhno.md:body,2022a,"О моделировании батарей сложно

Досталась мне тут статейка от коллег из Fraunhofer EMI про ""простое""",а | и | к | о | я,LOW,SPELLING
2025-05-26-fluent-ls-dyna-2-way-fsi-via-syc.md:body,чего-то,"Fluent LS-DYNA 2-way-FSI via SyC

Итак, зачем это надо, я не представляют. В моем мире есть связка F",чего | неготов | чеботом | чеботов | чебот,LOW,SPELLING
2025-05-26-fluent-ls-dyna-2-way-fsi-via-syc.md:body,чего-то,"Fluent LS-DYNA 2-way-FSI via SyC

Итак, зачем это надо, я не представляют. В моем мире есть связка F",чего | неготов | чеботом | чеботов | чебот,LOW,SPELLING
2025-05-26-fluent-ls-dyna-2-way-fsi-via-syc.md:body,флюху,"Fluent LS-DYNA 2-way-FSI via SyC

Итак, зачем это надо, я не представляют. В моем мире есть связка F",флюсу | плюху | шлюху,LOW,SPELLING
2025-05-26-fluent-ls-dyna-2-way-fsi-via-syc.md:body,преднастроенные,"Fluent LS-DYNA 2-way-FSI via SyC

Итак, зачем это надо, я не представляют. В моем мире есть связка F",пред настроенные | пред-настроенные | перенастроенные | перенастроенный | перенастроенное,LOW,SPELLING
2025-05-26-fluent-ls-dyna-2-way-fsi-via-syc.md:body,2025r1,"Fluent LS-DYNA 2-way-FSI via SyC

Итак, зачем это надо, я не представляют. В моем мире есть связка F",а | и | к | о | я,LOW,SPELLING
2025-05-27-vebinar-ot-advantedge.md:body,что-то,"Вебинар от AdvantEdge

Коллеги из ThirdWave проводят вебинар посвященный их весьма нестандартному пр",ото | тот | что | фото | лото,LOW,SPELLING
2025-05-27-vebinar-ot-advantedge.md:body,уделывает,"Вебинар от AdvantEdge

Коллеги из ThirdWave проводят вебинар посвященный их весьма нестандартному пр",вделывает | делывать | вделывать,LOW,SPELLING
2025-05-28-dom-vzorvali.md:body,почему-то,"Дом взорвали!

Но почему-то SPH, а не Particle Blast

 

Sequential Explosive Building Demolition Si",почему | почемучка | почесуха,LOW,SPELLING
2025-05-29-calcpad.md:body,чем-то,"Calcpad

Интересная открытая и вроде как даже отечественная разработка, напоминающая чем-то Jupyter ",четно | четою | четой | четок | чебот,LOW,SPELLING
2025-05-30-ya-ukolov-ne-boyus.md:body,чего-то,"Я уколов не боюсь!

Подборка статей, где моделировался процесс введения инъекционной иглы в мягкие т",чего | неготов | чеботом | чеботов | чебот,LOW,SPELLING
2025-06-04-est-li-conwep-v-ls-dyna.md:body,неядерных,"Есть ли ConWep в LS-DYNA?

С одной стороны, в сети есть опубликованный исходный код реализации *LOAD",не ядерных | не-ядерных | ядерных | недурных | неверных,LOW,SPELLING
2025-06-05-kogda-uzhe-nakonets-sinopsis-skushaet-ansis.md:title,Ансис,Когда уже наконец Синопсис скушает Ансис?,Анис | Анфис | Абрис,LOW,SPELLING
2025-06-05-kogda-uzhe-nakonets-sinopsis-skushaet-ansis.md:body,Ансис,"Когда уже наконец Синопсис скушает Ансис?

Synopsys Inc приостанавливает продажи в Китае на фоне экс",Анис | Анфис | Абрис,LOW,SPELLING
2025-06-05-kogda-uzhe-nakonets-sinopsis-skushaet-ansis.md:body,из-за,"Когда уже наконец Синопсис скушает Ансис?

Synopsys Inc приостанавливает продажи в Китае на фоне экс",изба | извоза | изюма | из | низа,LOW,SPELLING
2025-06-05-kogda-uzhe-nakonets-sinopsis-skushaet-ansis.md:body,Синьхуа,"Когда уже наконец Синопсис скушает Ансис?

Synopsys Inc приостанавливает продажи в Китае на фоне экс",Синька | Синьку | Синьора | Синь | Синдхи,LOW,SPELLING
2025-06-05-kogda-uzhe-nakonets-sinopsis-skushaet-ansis.md:body,Ансис,"Когда уже наконец Синопсис скушает Ансис?

Synopsys Inc приостанавливает продажи в Китае на фоне экс",Анис | Анфис | Абрис,LOW,SPELLING
2025-06-06-simscale-+-ntop.md:body,одинa,"SimScale + nTop

nTop буквально фонтанирует релизами. Так, на этой неделе они объявили о сотрудничес",один | одни | дин | одних | одним,LOW,SPELLING
2025-06-06-simscale-+-ntop.md:body,что-то,"SimScale + nTop

nTop буквально фонтанирует релизами. Так, на этой неделе они объявили о сотрудничес",ото | тот | что | фото | лото,LOW,SPELLING
2025-06-10-modelirovanie-rtm-v-lmat.md:body,2025R2,"Моделирование RTM в LMAT

Изначально решатель LMAT был встроен в WB в виде Ansys Composite Cure Simu",А | И | К | О | Я,LOW,SPELLING
2025-06-11-publichnyy-reliz-pyansys-health.md:body,трудноизмеримые,"Публичный релиз PyAnsys Health

Читатели данного канала много слышали от меня про моделирование разн",трудно измеримые | трудно-измеримые | трудноизлечимые | трудноизлечимый | трудноизлечимы,LOW,SPELLING
2025-06-11-publichnyy-reliz-pyansys-health.md:body,перикард,"Публичный релиз PyAnsys Health

Читатели данного канала много слышали от меня про моделирование разн",перикардит | перикардита | перикардите | перикардиту,LOW,SPELLING
2025-06-11-publichnyy-reliz-pyansys-health.md:body,лизированный,"Публичный релиз PyAnsys Health

Читатели данного канала много слышали от меня про моделирование разн",глазированный | цитированный | дозированный | фазированный | газированный,LOW,SPELLING
2025-06-11-publichnyy-reliz-pyansys-health.md:body,процессинг,"Публичный релиз PyAnsys Health

Читатели данного канала много слышали от меня про моделирование разн",прессинг | процессию | процессии | процессий | процессия,LOW,SPELLING
2025-06-12-abaqus-2025.md:body,что-то,"Abaqus 2025

Тут вышел новый Abaqus, и в нем появилось что-то предельно похожее на ISPG - метод моде",ото | тот | что | фото | лото,LOW,SPELLING
2025-06-12-abaqus-2025.md:body,какие-то,"Abaqus 2025

Тут вышел новый Abaqus, и в нем появилось что-то предельно похожее на ISPG - метод моде",карета | ракета | ракита | кассета | калиевый,LOW,SPELLING
2025-06-12-abaqus-2025.md:body,коментах,"Abaqus 2025

Тут вышел новый Abaqus, и в нем появилось что-то предельно похожее на ISPG - метод моде",кометах | моментах | ко ментах | ко-ментах | момент,LOW,SPELLING
2025-06-13-pervaya-rabotayuschaya-realizatsiya-quantum-lat.md:body,ещё,Сегодня снова поговорим о квантовых вычислениях. На прошлой неделе Ansys и Nvidia опубликовали пресс,еще | щей | щек | щеп | лещ,LOW,SPELLING
2025-06-13-pervaya-rabotayuschaya-realizatsiya-quantum-lat.md:body,прошёл,Сегодня снова поговорим о квантовых вычислениях. На прошлой неделе Ansys и Nvidia опубликовали пресс,прошел | прошил | прошлый | прошить,LOW,SPELLING
2025-06-13-pervaya-rabotayuschaya-realizatsiya-quantum-lat.md:body,кубитах,Сегодня снова поговорим о квантовых вычислениях. На прошлой неделе Ansys и Nvidia опубликовали пресс,кубистах | кубиках | ку битах | ку-битах | кубист,LOW,SPELLING
2025-06-13-pervaya-rabotayuschaya-realizatsiya-quantum-lat.md:body,суперкомпьютера,Сегодня снова поговорим о квантовых вычислениях. На прошлой неделе Ansys и Nvidia опубликовали пресс,супер компьютера | супер-компьютера,LOW,SPELLING
2025-06-13-pervaya-rabotayuschaya-realizatsiya-quantum-lat.md:body,кубитов,Сегодня снова поговорим о квантовых вычислениях. На прошлой неделе Ansys и Nvidia опубликовали пресс,кубистов | кубиков | ку битов | ку-битов | кубист,LOW,SPELLING
2025-06-17-inogda-nado-prosto-vyspatsya.md:body,краш,"Иногда надо просто выспаться


Вы же помните, что IKEA использует LS-DYNA в качестве основного кода ",краше | крашу | каш | краю | краб,LOW,SPELLING
2025-06-17-inogda-nado-prosto-vyspatsya.md:body,как-то,"Иногда надо просто выспаться


Вы же помните, что IKEA использует LS-DYNA в качестве основного кода ",факто | какао | акт,LOW,SPELLING
2025-06-17-inogda-nado-prosto-vyspatsya.md:body,пен,"Иногда надо просто выспаться


Вы же помните, что IKEA использует LS-DYNA в качестве основного кода ",пне | пеню | пена | пене | пени,LOW,SPELLING
2025-06-24-plm-x-claude-ai.md:body,Кое-что,"PLM x Claude AI

Видео про то, как агент скрестить Claude AI и PLM Aras Corporation (на основе котор",Коечкою | Коечкой | Коечною | Коечное | Коечной,LOW,SPELLING
2025-06-24-plm-x-claude-ai.md:body,Автозаполнение,"PLM x Claude AI

Видео про то, как агент скрестить Claude AI и PLM Aras Corporation (на основе котор",Авто заполнение | Авто-заполнение,LOW,SPELLING
2025-06-30-parallelnye-fotonnye-vychisleniya.md:body,параллельних,"Параллельные фотонные вычисления

Пока все занимаются развитием параллельних вычислений на кремнее и",параллельных | параллель них | параллель-них | параллельна | параллельно,LOW,SPELLING
2025-06-30-parallelnye-fotonnye-vychisleniya.md:body,кремнее,"Параллельные фотонные вычисления

Пока все занимаются развитием параллельних вычислений на кремнее и",кремне | кремней | кремнем | крем нее | крем-нее,LOW,SPELLING
2025-06-30-parallelnye-fotonnye-vychisleniya.md:body,Паказанный,"Параллельные фотонные вычисления

Пока все занимаются развитием параллельних вычислений на кремнее и",Наказанный | Показанный | Заказанный,LOW,SPELLING
2025-06-30-parallelnye-fotonnye-vychisleniya.md:body,энерго,"Параллельные фотонные вычисления

Пока все занимаются развитием параллельних вычислений на кремнее и",него | энергию | энергии | энергий | энергия,LOW,SPELLING
2025-06-30-parallelnye-fotonnye-vychisleniya.md:body,кванотовые,"Параллельные фотонные вычисления

Пока все занимаются развитием параллельних вычислений на кремнее и",квантовые | вантовые | квантовое | квантовых | квантовый,LOW,SPELLING
2025-07-02-modelirovanie-puzyrya.md:body,порно,"Моделирование пузыря

Моделирование пузыря, поднимающегося в горячей перегретой жидкости.  Инженерно",опорно | спорно | упорно | горно | парно,LOW,SPELLING
2025-07-07-oni-schitayut-bolty.md:body,что-то,"Они считают болты!

Прикол: целый расчетный бизнес вокруг расчета болтов. И что-то мне подсказывает,",ото | тот | что | фото | лото,LOW,SPELLING
2025-07-10-pozhaluy-samaya-staraya-kollektsiya-dannyh-dl.md:body,высокоэнегетических,"Пожалуй самая старая коллекция данных для EOS JWL

EOS JWL - промышленный стандарт среди уравнений с",высокоэнергетических | высокоэнергетические | высокоэнергетический | высокоэнергетическим,LOW,SPELLING
2025-07-14-feenox.md:body,что-то,"FeenoX

КЭ вычислительное что-то без инсталляции, без лицензионных отчислений, без GUI (без SMS и ре",ото | тот | что | фото | лото,LOW,SPELLING
2025-07-14-molniya-kitay-nakonets-odobril-sdelku-syn.md:body,недискриминационных,"Молния: Китай наконец одобрил сделку Synopsys+Ansys

Reuters и другие новостные агентства сообщают, ",не дискриминационных | не-дискриминационных | дискриминационных | дискриминационный | дискриминационные,LOW,SPELLING
2025-07-14-molniya-kitay-nakonets-odobril-sdelku-syn.md:body,допродажу,"Молния: Китай наконец одобрил сделку Synopsys+Ansys

Reuters и другие новостные агентства сообщают, ",до продажу | до-продажу | продажу | запродажу | продажа,LOW,SPELLING
2025-07-14-molniya-kitay-nakonets-odobril-sdelku-syn.md:body,по-видимому,"Молния: Китай наконец одобрил сделку Synopsys+Ansys

Reuters и другие новостные агентства сообщают, ",подводимому | видимому | проводимому | доводимому | невидимому,LOW,SPELLING
2025-07-17-fizika-v-roblox.md:body,упариваемся,"Физика в Roblox

Пока мы тут упариваемся по физической достоверности результатов, разработчики Roblo",спариваемся | упариваемая | оспариваться,LOW,SPELLING
2025-07-17-molniya-ansys-prodanopotracheno.md:body,поглощениями,"Ansys - продано/потрачено!

Исторический день для инженерных решений! А сегодня ночью, 17-ого июля, ",поглощения ми | поглощения-ми | поглощении | поглощения | поглощение,LOW,SPELLING
2025-07-22-openradioss-webgui.md:body,Во-первых,"OpenRadioss-WebGUI
На днях был опубликован новое открытое решение по визуализации результатов OpenRa",Первых | Оперных | Опертых | Волевых | Впертых,LOW,SPELLING
2025-07-22-openradioss-webgui.md:body,Во-вторых,"OpenRadioss-WebGUI
На днях был опубликован новое открытое решение по визуализации результатов OpenRa",Повторных | Которых | Повторный | Который,LOW,SPELLING
2025-07-22-openradioss-webgui.md:body,виджетов,"OpenRadioss-WebGUI
На днях был опубликован новое открытое решение по визуализации результатов OpenRa",бюджетов | видео | видеть | идет | движет,LOW,SPELLING
2025-07-23-code-usa.md:body,Лодфаги,"Code USA

Одним из продуктов LSTC был и является Code USA. И тут USA - это Underwater Shock Analisys",Лодками | Лодка | Лодки | Лодках | Лодкам,LOW,SPELLING
2025-07-23-code-usa.md:body,вызрывам,"Code USA

Одним из продуктов LSTC был и является Code USA. И тут USA - это Underwater Shock Analisys",взрывам | взрыв | вырви,LOW,SPELLING
2025-07-28-doklad-polya-dyubua-na-openradioss-users.md:title,ДюБуа,Доклад Поля ДюБуа на OpenRadioss Users' Day 2025,Дуба | Юбка | Дюна | Дюну | Дюза,LOW,SPELLING
2025-07-28-doklad-polya-dyubua-na-openradioss-users.md:body,ДюБуа,"Доклад Поля ДюБуа на OpenRadioss Users' Day 2025

Когда он докладывает, тема уже не так и важна.

 
",Дуба | Юбка | Дюна | Дюну | Дюза,LOW,SPELLING
2025-07-31-kak-schitali-airbags-v-proshlom-veke.md:body,Дугласом,"Как считали airbags в прошлом веке.

Моя страсть — использование передовых технологий для решения пр",Двугласном | Гласом | Двуглавом | Двуглазом | Фугасом,LOW,SPELLING
2025-07-31-kak-schitali-airbags-v-proshlom-veke.md:body,Стилманом,"Как считали airbags в прошлом веке.

Моя страсть — использование передовых технологий для решения пр",Силаном | Стильном | Силан | Стильный,LOW,SPELLING
2025-07-31-kak-schitali-airbags-v-proshlom-veke.md:body,Хьюза,"Как считали airbags в прошлом веке.

Моя страсть — использование передовых технологий для решения пр",Юза | Дюза | Блюза | Союза | Вьюга,LOW,SPELLING
2025-07-31-kak-schitali-airbags-v-proshlom-veke.md:body,Крейга,"Как считали airbags в прошлом веке.

Моя страсть — использование передовых технологий для решения пр",Корейка | Кейфа | Кейса | Крага | Крема,LOW,SPELLING
2025-07-31-kak-schitali-airbags-v-proshlom-veke.md:body,Тарвера,"Как считали airbags в прошлом веке.

Моя страсть — использование передовых технологий для решения пр",Траверса | Траверза | Таверна | Гравера | Старовера,LOW,SPELLING
2025-07-31-kak-schitali-airbags-v-proshlom-veke.md:body,Ли-Тарвера,"Как считали airbags в прошлом веке.

Моя страсть — использование передовых технологий для решения пр",Литавра | Литавре | Литаврах | Литаврам | Литавр,LOW,SPELLING
2025-08-06-polzuyas-sluzhebnym-polozheniem-hochu-pozd.md:body,отмазок,"Признаться честно, последнее время канал идет туго, так как ему приходится конкурировать с моей ново",от мазок | от-мазок | помазок | обмазка | отмашка,LOW,SPELLING
2025-08-06-polzuyas-sluzhebnym-polozheniem-hochu-pozd.md:body,неучения,"Признаться честно, последнее время канал идет туго, так как ему приходится конкурировать с моей ново",научения | неумения | неученая | неученья | не учения,LOW,SPELLING
2025-08-08-chatgpt-5-ne-smog.md:body,метами,"ChatGPT 5 не смог

Утром я прочитал, что ChatGPT 5  теперь заменит всех. Ну что ж, у меня есть в Cha",ментами | местами | метками | метлами | метрами,LOW,SPELLING
2025-08-11-a-vy-znaete-chto-v-oksforde-pilyat-ii-m.md:body,лаба,"В смысле это модели, которые самоопределяются на основе статистических и экспериментальных данных, в",лабаз | лайба | лаб | лба | слаба,LOW,SPELLING
2025-08-18-material-map-prodolzhenie-moego-domashne.md:body,физичных,"Material MAP - продолжение моего домашнего проекта

Отпуск прошел весьма продуктивно. В компании я C",циничных | финитных | финишных | фишечных | лиричных,LOW,SPELLING
2025-08-18-material-map-prodolzhenie-moego-domashne.md:body,пен,"Material MAP - продолжение моего домашнего проекта

Отпуск прошел весьма продуктивно. В компании я C",пне | пеню | пена | пене | пени,LOW,SPELLING
2025-08-18-material-map-prodolzhenie-moego-domashne.md:body,по-прежнему,"Material MAP - продолжение моего домашнего проекта

Отпуск прошел весьма продуктивно. В компании я C",прежнему | порожнему | прежний | порожний,LOW,SPELLING
2025-08-18-material-map-prodolzhenie-moego-domashne.md:body,по-прежнему,"Material MAP - продолжение моего домашнего проекта

Отпуск прошел весьма продуктивно. В компании я C",прежнему | порожнему | прежний | порожний,LOW,SPELLING
2025-08-21-lsd-r161.md:body,дайны,"LSD R16.1

Есть такое ощущение, что R16.1 для дайны уже зафиналился, но про это забыли рассказать. П",даны | тайны | ай,LOW,SPELLING
2025-08-21-lsd-r161.md:body,нагуглить,"LSD R16.1

Есть такое ощущение, что R16.1 для дайны уже зафиналился, но про это забыли рассказать. П",нагулять | нагуляют | нагуляет | нагуляли | нагуляете,LOW,SPELLING
2025-08-21-lsd-r161.md:body,джедай,"LSD R16.1

Есть такое ощущение, что R16.1 для дайны уже зафиналился, но про это забыли рассказать. П",доедай | девай | доедать | ведай | Дебай,LOW,SPELLING
2025-08-26-matlab-copilot.md:body,матлаб,"MATLAB Copilot

Вот и в матлаб завезли что-то типа ИИ. Надеюсь, что у них получиться лучше, чем пока",мат лаб | мат-лаб | атлас | матка | метла,LOW,SPELLING
2025-08-26-matlab-copilot.md:body,что-то,"MATLAB Copilot

Вот и в матлаб завезли что-то типа ИИ. Надеюсь, что у них получиться лучше, чем пока",ото | тот | что | фото | лото,LOW,SPELLING
2025-08-26-matlab-copilot.md:body,копилотов,"MATLAB Copilot

Вот и в матлаб завезли что-то типа ИИ. Надеюсь, что у них получиться лучше, чем пока",ко пилотов | ко-пилотов | копи лотов | копи-лотов | копило тов,LOW,SPELLING
2025-08-26-matlab-copilot.md:body,ревью,"MATLAB Copilot

Вот и в матлаб завезли что-то типа ИИ. Надеюсь, что у них получиться лучше, чем пока",ревю | цевью | репью | ревою | резью,LOW,SPELLING
2025-08-27-mnogofazka-v-sph.md:title,Многофазка,Многофазка в SPH,Многофазная | Многоглазка | Многофазный,LOW,SPELLING
2025-08-27-mnogofazka-v-sph.md:body,Многофазка,"Многофазка в SPH

В открытый код SPHinXsys завезли многофазку! А ведь там уже есть и GPU и турбулент",Многофазная | Многоглазка | Многофазный,LOW,SPELLING
2025-08-27-mnogofazka-v-sph.md:body,многофазку,"Многофазка в SPH

В открытый код SPHinXsys завезли многофазку! А ведь там уже есть и GPU и турбулент",многофазную | многоглазку | многофазный | многоглазка,LOW,SPELLING
2025-09-03-oni-smodelirovali-titanik.md:title,Титаник,Они смоделировали Титаник!,Титанид | Титанит | Битник,LOW,SPELLING
2025-09-03-oni-smodelirovali-titanik.md:body,Титаник,"Они смоделировали Титаник!

Говорят, даже есть научна статья про это тут:  

 

We have now finalise",Титанид | Титанит | Битник,LOW,SPELLING
2025-09-03-oni-smodelirovali-titanik.md:body,научна,"Они смоделировали Титаник!

Говорят, даже есть научна статья про это тут:  

 

We have now finalise",научена | научная | научно | науч на | науч-на,LOW,SPELLING
2025-09-05-cadence-pokupaet-msc.md:body,поглащении,"Cadence покупает MSC

Cadence сегодня объявил о подписании соглашения о поглащении Design & Engineer",поглощении | оглашении | погашении | поглощению | поглощение,LOW,SPELLING
2025-09-05-cadence-pokupaet-msc.md:body,Гексагон,"Cadence покупает MSC

Cadence сегодня объявил о подписании соглашения о поглащении Design & Engineer",Гексан | Гексаном | Гексоген,LOW,SPELLING
2025-09-05-cadence-pokupaet-msc.md:body,милиарда,"Cadence покупает MSC

Cadence сегодня объявил о подписании соглашения о поглащении Design & Engineer",миллиарда | миллиардах | миллиардам | миллиард | милиарная,LOW,SPELLING
2025-09-15-intactsolutions-pokazali-mnogo-novoe.md:body,стартап,"Intact.Solutions показали много новое

Напомню, что этот стартап пилит свой решатель под крылом nTop",старта | стартах | стартам,LOW,SPELLING
2025-09-15-intactsolutions-pokazali-mnogo-novoe.md:body,какая-то,"Intact.Solutions показали много новое

Напомню, что этот стартап пилит свой решатель под крылом nTop",какао | какая | какают | какает | какало,LOW,SPELLING
2025-09-15-intactsolutions-pokazali-mnogo-novoe.md:body,бессеточным,"Intact.Solutions показали много новое

Напомню, что этот стартап пилит свой решатель под крылом nTop",бессточным | бес сеточным | бес-сеточным | бессточными | беседочным,LOW,SPELLING
2025-09-15-intactsolutions-pokazali-mnogo-novoe.md:body,сттатьях,"Intact.Solutions показали много новое

Напомню, что этот стартап пилит свой решатель под крылом nTop",статьях | статях | статья | статуях | статьям,LOW,SPELLING
2025-09-15-intactsolutions-pokazali-mnogo-novoe.md:body,бессеточного,"Intact.Solutions показали много новое

Напомню, что этот стартап пилит свой решатель под крылом nTop",бессточного | бес сеточного | бес-сеточного | беседочного | бессрочного,LOW,SPELLING
2025-09-17-novosti-materiamap.md:body,Свифта,"Новости MateriaMap

Наиболее часто используемая модель материала в LS-DYNA — *MAT_PIECEWISE_LINEAR_P",Свита | Свиста | Свитый,LOW,SPELLING
2025-09-17-novosti-materiamap.md:body,Свифта,"Новости MateriaMap

Наиболее часто используемая модель материала в LS-DYNA — *MAT_PIECEWISE_LINEAR_P",Свита | Свиста | Свитый,LOW,SPELLING
2025-09-19-calphad-podhod-dlya-raschet-fazovyh-diagra.md:body,Когда-то,"Когда-то, когда я увлекался горячей обработкой металла давлением, я узнал об очень специфической и д",Когда | Богато | Рогато | Космато | Поддато,LOW,SPELLING
2025-09-19-calphad-podhod-dlya-raschet-fazovyh-diagra.md:body,уравновесий,"Когда-то, когда я увлекался горячей обработкой металла давлением, я узнал об очень специфической и д",уравновесил | уравновесим | уравновесит | уравновесив,LOW,SPELLING
2025-09-19-calphad-podhod-dlya-raschet-fazovyh-diagra.md:body,равновесий,"Когда-то, когда я увлекался горячей обработкой металла давлением, я узнал об очень специфической и д",равновесию | равновесие | равновесии | равновесия,LOW,SPELLING
2025-09-19-calphad-podhod-dlya-raschet-fazovyh-diagra.md:body,многосистемных,"Когда-то, когда я увлекался горячей обработкой металла давлением, я узнал об очень специфической и д",много системных | много-системных,LOW,SPELLING
2025-09-22-rrr-eto-ne-tolko-indiyskoe-kino.md:body,нефизичного,"RRR - это не только индийское кино

В LS-DYNA R16 появилась новая модель материала *MAT_RRR_POLYMER/",нетипичного | нетипичный | нетипично | нетипичною | нетипичное,LOW,SPELLING
2025-09-22-rrr-eto-ne-tolko-indiyskoe-kino.md:body,лаба,"RRR - это не только индийское кино

В LS-DYNA R16 появилась новая модель материала *MAT_RRR_POLYMER/",лабаз | лайба | лаб | лба | слаба,LOW,SPELLING
2025-09-23-parashyutik.md:title,Парашютик,Парашютик,Парашют | Парашютист | Парашютизм | Парашюта | Парашюте,LOW,SPELLING
2025-09-23-parashyutik.md:body,Парашютик,"Парашютик

 

FSI simulation of the Free Fall of a Drogue Porous Parachute w/ ICFD LS-DYNA: stresses",Парашют | Парашютист | Парашютизм | Парашюта | Парашюте,LOW,SPELLING
2025-09-25-a-gpu-accelerated-three-dimensional-crac.md:body,что-то,"Если мне хочется почитать что-то интересное, то я захожу в Google Scholar профиль C.T.Wu. Доктор C.T",ото | тот | что | фото | лото,LOW,SPELLING
2025-09-25-a-gpu-accelerated-three-dimensional-crac.md:body,бессеточные,"Если мне хочется почитать что-то интересное, то я захожу в Google Scholar профиль C.T.Wu. Доктор C.T",бессточные | бес сеточные | бес-сеточные | беседочные | бессрочные,LOW,SPELLING
2025-09-25-a-gpu-accelerated-three-dimensional-crac.md:body,трёхмерный,"Если мне хочется почитать что-то интересное, то я захожу в Google Scholar профиль C.T.Wu. Доктор C.T",трехмерный | трехмерной | трехмерные | трехмерных | трехмерным,LOW,SPELLING
2025-09-25-a-gpu-accelerated-three-dimensional-crac.md:body,3D-модели,"Если мне хочется почитать что-то интересное, то я захожу в Google Scholar профиль C.T.Wu. Доктор C.T",Модели | Одели | Модель | Мотели | Продели,LOW,SPELLING
2025-09-25-a-gpu-accelerated-three-dimensional-crac.md:body,масштабируемость,"Если мне хочется почитать что-то интересное, то я захожу в Google Scholar профиль C.T.Wu. Доктор C.T",масштабируем ость | масштабируем-ость,LOW,SPELLING
2025-09-26-material-fingerprinting.md:body,невыпуклых,"Material Fingerprinting

Это новый метод быстрого обнаружения механических моделей материалов на осн",не выпуклых | не-выпуклых | выпуклых | выпуклый | выпуклые,LOW,SPELLING
2025-09-26-material-fingerprinting.md:body,подвергании,"Material Fingerprinting

Это новый метод быстрого обнаружения механических моделей материалов на осн",подвергни | отвергании | подвергали | поддержании | подмерзании,LOW,SPELLING
2025-09-29-seanaptic-prametricheskiy-cad-dlya-vsego.md:title,праметрический,SEANAPTIC - праметрический CAD для всего что плавает,параметрический | параметрически | параметрические | параметрических | параметрическим,LOW,SPELLING
2025-09-29-seanaptic-prametricheskiy-cad-dlya-vsego.md:body,праметрический,"SEANAPTIC - праметрический CAD для всего что плавает

Помню, было у нас как-то несколько проектов по",параметрический | параметрически | параметрические | параметрических | параметрическим,LOW,SPELLING
2025-09-29-seanaptic-prametricheskiy-cad-dlya-vsego.md:body,как-то,"SEANAPTIC - праметрический CAD для всего что плавает

Помню, было у нас как-то несколько проектов по",факто | какао | акт,LOW,SPELLING
2025-09-29-seanaptic-prametricheskiy-cad-dlya-vsego.md:body,караблей,"SEANAPTIC - праметрический CAD для всего что плавает

Помню, было у нас как-то несколько проектов по",кораблей | кара блей | кара-блей | кралей | каракулей,LOW,SPELLING
2025-10-01-vstretimsya-v-myunhene.md:body,Лукас,"Встретимся в Мюнхене?

На второй день «2025 Ansys EMEA Transportation Summit and LS-DYNA Conference»",Лука | Луках | Лукам | Лукав | Лук ас,LOW,SPELLING
2025-10-06-obnovleniya-i-novosti-o-proekte-materialm.md:body,Во-первых,"Во-первых, я добавил десятки высокоэнергетических материалов на основе *EOS_JWL(_AFTERBURN) и *EOS_I",Первых | Оперных | Опертых | Волевых | Впертых,LOW,SPELLING
2025-10-06-obnovleniya-i-novosti-o-proekte-materialm.md:body,Во-вторых,"Во-первых, я добавил десятки высокоэнергетических материалов на основе *EOS_JWL(_AFTERBURN) и *EOS_I",Повторных | Которых | Повторный | Который,LOW,SPELLING
2025-10-06-obnovleniya-i-novosti-o-proekte-materialm.md:body,Бен-Гуриона,"Во-первых, я добавил десятки высокоэнергетических материалов на основе *EOS_JWL(_AFTERBURN) и *EOS_I",Центуриона | Центурион | Центурионах | Центурионам | Центурионе,LOW,SPELLING
2025-10-06-obnovleniya-i-novosti-o-proekte-materialm.md:body,перекалибровки,"Во-первых, я добавил десятки высокоэнергетических материалов на основе *EOS_JWL(_AFTERBURN) и *EOS_I",пере калибровки | пере-калибровки | перекали бровки | перекали-бровки,LOW,SPELLING
2025-10-07-uchet-prisoedinennoy-massy-pri-poiske-sob.md:title,Учeт,Учeт присоединенной массы при поиске собственных частот через BEM,Учат | Учет | Учит,LOW,SPELLING
2025-10-07-uchet-prisoedinennoy-massy-pri-poiske-sob.md:body,дайне,В дайне уже пару лет как есть странное но прикольное. Подход BOUNDARY_FLUIDM в LS-DYNA использует гр,дайте | тайне | дай не | дай-не | даней,LOW,SPELLING
2025-10-07-uchet-prisoedinennoy-massy-pri-poiske-sob.md:body,жескткости,В дайне уже пару лет как есть странное но прикольное. Подход BOUNDARY_FLUIDM в LS-DYNA использует гр,жесткости | жестокости | жесткость | жестокость,LOW,SPELLING
2025-10-08-modelirovanie-kartonnyh-elementov-upakov.md:body,картора,"Моделировать бумагу очень трудно. Для нее, например, есть специальные модели материалов типа *MAT_PA",кантора | картера | картоха | картона | Кастора,LOW,SPELLING
2025-10-13-podospel-novyy-reyting-universitetov.md:body,набросов,"Подоспел новый рейтинг университетов

Я понимаю, что это тема для набросов и манипуляций, но очень ж",набросков | набросав | набросив | набросок | забросов,LOW,SPELLING
2025-10-13-podospel-novyy-reyting-universitetov.md:body,Политех,"Подоспел новый рейтинг университетов

Я понимаю, что это тема для набросов и манипуляций, но очень ж",Политес | Политых | Полатей,LOW,SPELLING
2025-10-13-podospel-novyy-reyting-universitetov.md:body,где-то,"Подоспел новый рейтинг университетов

Я понимаю, что это тема для набросов и манипуляций, но очень ж",одето | вдето | одетый | вдетый,LOW,SPELLING
2025-10-15-zaplili-interaktivnuyu-vizualoizatsiyu-3d-p.md:title,Заплили,Заплили интерактивную визуалоизацию 3D поверхности прочности для модели CSCM.,Запалили | Запулили | Запылили | Залили | Запили,LOW,SPELLING
2025-10-15-zaplili-interaktivnuyu-vizualoizatsiyu-3d-p.md:title,визуалоизацию,Заплили интерактивную визуалоизацию 3D поверхности прочности для модели CSCM.,визуализацию | визуализациею | визуализации | визуализация,LOW,SPELLING
2025-10-17-nauchno-dostovernyy-sneg.md:body,Стомахина,"Научно-достоверный снег

В 2013 году команда Walt Disney Animation Studios работала над необычной за",Сто махина | Сто-махина | Стоматита | Стоматит | Стоматите,LOW,SPELLING
2025-10-17-nauchno-dostovernyy-sneg.md:body,Крейга,"Научно-достоверный снег

В 2013 году команда Walt Disney Animation Studios работала над необычной за",Корейка | Кейфа | Кейса | Крага | Крема,LOW,SPELLING
2025-10-17-nauchno-dostovernyy-sneg.md:body,Шрёдера,"Научно-достоверный снег

В 2013 году команда Walt Disney Animation Studios работала над необычной за",Ордера | Ордер | Ордерах | Ордерам | Ордере,LOW,SPELLING
2025-10-17-nauchno-dostovernyy-sneg.md:body,Терана,"Научно-достоверный снег

В 2013 году команда Walt Disney Animation Studios работала над необычной за",Терна | Тарана | Тесана | Тирана | Те рана,LOW,SPELLING
2025-10-17-nauchno-dostovernyy-sneg.md:body,Эндрю,"Научно-достоверный снег

В 2013 году команда Walt Disney Animation Studios работала над необычной за",Энд | Внедрю | Андрею | Энда | Энде,LOW,SPELLING
2025-10-17-nauchno-dostovernyy-sneg.md:body,Селле,"Научно-достоверный снег

В 2013 году команда Walt Disney Animation Studios работала над необычной за",Стелле | Селе | Седле | Белле | Сеуле,LOW,SPELLING
2025-10-17-nauchno-dostovernyy-sneg.md:body,Симулятор,"Научно-достоверный снег

В 2013 году команда Walt Disney Animation Studios работала над необычной за",Стимулятор | Стимулятора | Стимуляторе | Стимулятору | Стимуляторы,LOW,SPELLING
2025-10-17-nauchno-dostovernyy-sneg.md:body,Кристоф,"Научно-достоверный снег

В 2013 году команда Walt Disney Animation Studios работала над необычной за",Крист | Христов | Криптон | Христом | Христос,LOW,SPELLING
2025-10-17-nauchno-dostovernyy-sneg.md:body,Гисслер,"Научно-достоверный снег

В 2013 году команда Walt Disney Animation Studios работала над необычной за",Глиссер | Гитлер | Глиссера | Глиссере | Глиссеру,LOW,SPELLING
2025-10-17-nauchno-dostovernyy-sneg.md:body,Андреас,"Научно-достоверный снег

В 2013 году команда Walt Disney Animation Studios работала над необычной за",Адреса | Адрес | Андрею | Андрее | Андреи,LOW,SPELLING
2025-10-17-nauchno-dostovernyy-sneg.md:body,Хенне,"Научно-достоверный снег

В 2013 году команда Walt Disney Animation Studios работала над необычной за",Сенне | Хрене | Ценен | Хне | Ценнее,LOW,SPELLING
2025-10-17-nauchno-dostovernyy-sneg.md:body,Штефан,"Научно-достоверный снег

В 2013 году команда Walt Disney Animation Studios работала над необычной за",Тесан | Отесан | Стеган | Стесан | Степан,LOW,SPELLING
2025-10-17-nauchno-dostovernyy-sneg.md:body,Андреас,"Научно-достоверный снег

В 2013 году команда Walt Disney Animation Studios работала над необычной за",Адреса | Адрес | Андрею | Андрее | Андреи,LOW,SPELLING
2025-10-17-nauchno-dostovernyy-sneg.md:body,Пеер,"Научно-достоверный снег

В 2013 году команда Walt Disney Animation Studios работала над необычной за",Пере | Пещер | Плеер | Пер | Леер,LOW,SPELLING
2025-10-17-nauchno-dostovernyy-sneg.md:body,Маттиас,"Научно-достоверный снег

В 2013 году команда Walt Disney Animation Studios работала над необычной за",Матрас | Мантисс | Мантисса,LOW,SPELLING
2025-10-17-nauchno-dostovernyy-sneg.md:body,Тешнер,"Научно-достоверный снег

В 2013 году команда Walt Disney Animation Studios работала над необычной за",Тендер | Тренер | Тюнер | Тенет | Тенор,LOW,SPELLING
2025-10-17-nauchno-dostovernyy-sneg.md:body,Стомахина,"Научно-достоверный снег

В 2013 году команда Walt Disney Animation Studios работала над необычной за",Сто махина | Сто-махина | Стоматита | Стоматит | Стоматите,LOW,SPELLING
2025-10-21-ansys-mesh-workflow.md:body,пошагово,"Ansys Mesh Workflow

В этом году в Mechanical завезли новый инструмент пошагового создания сетки. Не",пошаговою | пошаговое | пошаговой | пошаговом,LOW,SPELLING
2025-10-21-ansys-mesh-workflow.md:body,экструдировать,"Ansys Mesh Workflow

В этом году в Mechanical завезли новый инструмент пошагового создания сетки. Не",экстрагировать | экстрагировал | экстрагировала | экстрагировали | экстрагировало,LOW,SPELLING
2025-10-21-ansys-mesh-workflow.md:body,морфить,"Ansys Mesh Workflow

В этом году в Mechanical завезли новый инструмент пошагового создания сетки. Не",морить | морщить | форсить,LOW,SPELLING
2025-10-22-kumulyativnyy-boepripas-protiv-aktivnoy-b.md:title,боеприпас,Кумулятивный боеприпас против активной брони,боеприпасы | бое припас | бое-припас | боеприпасах | боеприпасам,LOW,SPELLING
2025-10-22-kumulyativnyy-boepripas-protiv-aktivnoy-b.md:body,боеприпас,"Кумулятивный боеприпас против активной брони

 

 | Kaan Ferikel",боеприпасы | бое припас | бое-припас | боеприпасах | боеприпасам,LOW,SPELLING
2025-11-05-feagpt.md:body,процессинг,"FeaGPT

Первый препринт где мужики прикрутили к CalculiX процессинг естественного человеческого язык",прессинг | процессию | процессии | процессий | процессия,LOW,SPELLING
2025-11-05-feagpt.md:body,какая-то,"FeaGPT

Первый препринт где мужики прикрутили к CalculiX процессинг естественного человеческого язык",какао | какая | какают | какает | какало,LOW,SPELLING
2025-11-07-probivanie-betona-na-skorosti-770.md:body,что-то,"Пробивание бетона на скорости 770

Коллеги из Франции показали как они могут пробивать бетона на выс",ото | тот | что | фото | лото,LOW,SPELLING
2025-11-07-probivanie-betona-na-skorosti-770.md:body,бессеточное,"Пробивание бетона на скорости 770

Коллеги из Франции показали как они могут пробивать бетона на выс",бессточное | бес сеточное | бес-сеточное | беседочное | бессрочное,LOW,SPELLING
2025-11-10-ɣsph.md:body,форк,"ɣSPH

Я тут выяснил, в чем считали то быстрое пробивание бетона, что я показывал в прошлом посте. Эт",фок | фора | форд | форе | форм,LOW,SPELLING
2025-11-10-ɣsph.md:body,то-ли,"ɣSPH

Я тут выяснил, в чем считали то быстрое пробивание бетона, что я показывал в прошлом посте. Эт",Толи | толки | толщи | тли | тол,LOW,SPELLING
2025-11-10-ɣsph.md:body,расчётов,"ɣSPH

Я тут выяснил, в чем считали то быстрое пробивание бетона, что я показывал в прошлом посте. Эт",расчетов | расчет | насчет,LOW,SPELLING
2025-11-12-hellotriangle.md:body,браузерный,"HelloTriangle

HelloTriangle - новый браузерный инструмент для создания и работы с 3D-моделями через",маузерный | траулерный | маузерной | маузерные | маузерных,LOW,SPELLING
2025-11-12-hellotriangle.md:body,3D-моделями,"HelloTriangle

HelloTriangle - новый браузерный инструмент для создания и работы с 3D-моделями через",Моделями | Моделям | Модулями | Мотелями | Модель,LOW,SPELLING
2025-11-12-hellotriangle.md:body,стартапом,"HelloTriangle

HelloTriangle - новый браузерный инструмент для создания и работы с 3D-моделями через",старта пом | старта-пом | сатрапом | стартам | стартом,LOW,SPELLING
2025-11-12-hellotriangle.md:body,Мортье,"HelloTriangle

HelloTriangle - новый браузерный инструмент для создания и работы с 3D-моделями через",Портье | Морфий | Аорта,LOW,SPELLING
2025-11-13-bessetochnye-metody-i-ale-v-ls-dyna-kogd.md:title,Бессеточные,"Бессеточные методы и ALE в LS-DYNA, когда FEM не справляется.",Бессточные | Бес сеточные | Бес-сеточные | Беседочные | Бессрочные,LOW,SPELLING
2025-11-17-weldformfem-gui.md:body,мезаники,"WeldFormFEM GUI

Тут один доброволец в жало пишет явный GPU-native opensource решатель для нелинейны",механики | мазанки | медники | механик | метании,LOW,SPELLING
2025-11-17-weldformfem-gui.md:body,референс,"WeldFormFEM GUI

Тут один доброволец в жало пишет явный GPU-native opensource решатель для нелинейны",референт | рефрен | референта | референте | референту,LOW,SPELLING
2025-11-19-comsol-64-gpu-dlya-lyuboy-fiziki.md:body,филики,"COMSOL 6.4 - GPU для любой физики!

Итак, коллеги ни много ни мало заявляют, что у них теперь есть G",финики | физики | фи лики | фи-лики | фиалки,LOW,SPELLING
2025-11-19-comsol-64-gpu-dlya-lyuboy-fiziki.md:body,нативной,"COMSOL 6.4 - GPU для любой физики!

Итак, коллеги ни много ни мало заявляют, что у них теперь есть G",наивной | набивной | наливной | наживной | нашивной,LOW,SPELLING
2025-11-19-comsol-64-gpu-dlya-lyuboy-fiziki.md:body,рештаеля,"COMSOL 6.4 - GPU для любой физики!

Итак, коллеги ни много ни мало заявляют, что у них теперь есть G",вешателя | вешатель | вешателях | вешателям | вешателю,LOW,SPELLING
2025-11-19-comsol-64-gpu-dlya-lyuboy-fiziki.md:body,ооочень,"COMSOL 6.4 - GPU для любой физики!

Итак, коллеги ни много ни мало заявляют, что у них теперь есть G",очень | омочен | сочень | омочена | омочено,LOW,SPELLING
2025-11-19-comsol-64-gpu-dlya-lyuboy-fiziki.md:body,как-то,"COMSOL 6.4 - GPU для любой физики!

Итак, коллеги ни много ни мало заявляют, что у них теперь есть G",факто | какао | акт,LOW,SPELLING
2025-11-24-zhidkost-v-terminale.md:body,написаный,"Жидкость в терминале!

Небольшой открытый шуточный проект написаный на Go, который позволяет в реаль",написанный | написаны | неписаный | на писаный | на-писаный,LOW,SPELLING
2025-11-24-zhidkost-v-terminale.md:body,псеврографику,"Жидкость в терминале!

Небольшой открытый шуточный проект написаный на Go, который позволяет в реаль",псевдографику | псевдографика | псевдографике | псевдографики,LOW,SPELLING
2025-11-26-preonlab-70-dlya-slozhnyh-mnogofaznyh-pot.md:body,Референсная,"PreonLab 7.0 для сложных многофазных потоков

В представленном моделировании два воздушных пузырька ",Референтная | Референтный | Референтною | Референтное | Референтной,LOW,SPELLING
2025-12-04-odin-kvadrillion-stepeney-svobody-v-edin.md:body,суперкомпьютере,"Один квадриллион степеней свободы в единой задаче CFD

Lawrence Livermore National Laboratory’s (LLN",супер компьютере | супер-компьютере,LOW,SPELLING
2025-12-08-materialy-konferentsii-ls-dyna-etogo-goda.md:body,что-то,"Материалы конференции LS-DYNA этого года II

А вот это что-то новенькое. Ansys выложил pdf-слайды вс",ото | тот | что | фото | лото,LOW,SPELLING
2025-12-08-materialy-konferentsii-ls-dyna-etogo-goda.md:body,олдфагам,"Материалы конференции LS-DYNA этого года II

А вот это что-то новенькое. Ansys выложил pdf-слайды вс",полифагам | олифа | полифаг,LOW,SPELLING
2025-12-11-gazovaya-detonatsiya-v-ale-postanovke.md:body,решателем,"Газовая детонация в ALE постановке

До недавнего времени, если вам нужна была газовая детонация да е",вешателем | вешателе | предателем | вешатель | делателем,LOW,SPELLING
2025-12-11-gazovaya-detonatsiya-v-ale-postanovke.md:body,процессинга,"Газовая детонация в ALE постановке

До недавнего времени, если вам нужна была газовая детонация да е",прессинга | прессинг | процессия,LOW,SPELLING
2025-12-11-gazovaya-detonatsiya-v-ale-postanovke.md:body,валидировали,"Газовая детонация в ALE постановке

До недавнего времени, если вам нужна была газовая детонация да е",лидировали | сальдировали | вальсировали | лидировать | сальдировать,LOW,SPELLING
2025-12-12-simscale-pokazyvaet-shtampovku.md:body,софт,"SimScale показывает штамповку

Ну посчитать это они могут, но ведь неудобно. Не показали ни специаль",софит | соф | сот | кофт | софа,LOW,SPELLING
2025-12-15-immersed-fsi-method-in-ls-dyna-icfd.md:body,дайна,"Immersed FSI method in LS-DYNA ICFD

В LS-DYNA сейчас идет активное развитие FSI на основе метода по",дана | майна | тайна | дай на | дай-на,LOW,SPELLING
2025-12-15-immersed-fsi-method-in-ls-dyna-icfd.md:body,заморачиваться,"Immersed FSI method in LS-DYNA ICFD

В LS-DYNA сейчас идет активное развитие FSI на основе метода по",замораживаться | заворачиваться | наворачиваться,LOW,SPELLING
2025-12-15-immersed-fsi-method-in-ls-dyna-icfd.md:body,демка,"Immersed FSI method in LS-DYNA ICFD

В LS-DYNA сейчас идет активное развитие FSI на основе метода по",дека | емка | дамка | детка | девка,LOW,SPELLING
2025-12-15-immersed-fsi-method-in-ls-dyna-icfd.md:body,какую-то,"Immersed FSI method in LS-DYNA ICFD

В LS-DYNA сейчас идет активное развитие FSI на основе метода по",каюта | каютою | каютой | капуста | кают,LOW,SPELLING
2025-12-24-hochetsya-chego-to-novogodne-skazochnogo.md:title,чего-то,Хочется чего-то новогодне-сказочного!,чего | неготов | чеботом | чеботов | чебот,LOW,SPELLING
2025-12-24-hochetsya-chego-to-novogodne-skazochnogo.md:body,чего-то,"Хочется чего-то новогодне-сказочного!

 

 | FIFTY2 Technology GmbH",чего | неготов | чеботом | чеботов | чебот,LOW,SPELLING
2026-01-08-biblioteka-mehanizmov-himicheskih-reaktsiy.md:body,дефлаграции,"Библиотека механизмов химических реакций для LS-DYNA CE/SE

Я нашел еще один способ упростить жизнь ",дефлорации | декларации | дефлорация | декларация,LOW,SPELLING
2026-01-09-segodnya-ya-predlagayu-vam-obmazatsya-v-hpc.md:title,обмазаться,Сегодня я предлагаю вам обмазаться в HPC,отмазаться | об мазаться | об-мазаться | обмазать | обмазываться,LOW,SPELLING
2026-01-09-segodnya-ya-predlagayu-vam-obmazatsya-v-hpc.md:body,обмазаться,"Сегодня я предлагаю вам обмазаться в HPC

Ссылка на сокращенную версию выступления Джейсона Хуанга н",отмазаться | об мазаться | об-мазаться | обмазать | обмазываться,LOW,SPELLING
2026-01-09-segodnya-ya-predlagayu-vam-obmazatsya-v-hpc.md:body,Джейсона,"Сегодня я предлагаю вам обмазаться в HPC

Ссылка на сокращенную версию выступления Джейсона Хуанга н",Дейтона | Дейтон | Дейтонах | Дейтонам | Дейтоне,LOW,SPELLING
2026-01-09-segodnya-ya-predlagayu-vam-obmazatsya-v-hpc.md:body,Хуанга,"Сегодня я предлагаю вам обмазаться в HPC

Ссылка на сокращенную версию выступления Джейсона Хуанга н",Хуана | Хуан га | Хуан-га | Хана | Хуан,LOW,SPELLING
2026-01-12-teoriya-pro-cese.md:body,испольщуют,"Теория про CESE

Что общего между LS-DYNA от LSTC/Ansys/Symopsys, JUSTUS (Jacobs Unified Space–Time ",используют | использовать | исполосовать,LOW,SPELLING
2026-01-12-teoriya-pro-cese.md:body,посвещена,"Теория про CESE

Что общего между LS-DYNA от LSTC/Ansys/Symopsys, JUSTUS (Jacobs Unified Space–Time ",просвещена | освещена | посещена | повещена | посвящена,LOW,SPELLING
2026-01-13-shkola-dambldora-international.md:body,дроптестов,"Школа Дамблдора International

Коллеги, в этом году у той части Liebherr, которая делает бытовую тех",протестов | протест | протестом,LOW,SPELLING
2026-01-13-shkola-dambldora-international.md:body,личку,"Школа Дамблдора International

Коллеги, в этом году у той части Liebherr, которая делает бытовую тех",личику | лику | кличку | уличку | дичку,LOW,SPELLING
2026-01-14-chego-ya-zhdu-ot-ls-dyna-r17.md:body,пресборки,"Чего я жду от LS-DYNA R17

Вот топ 7(+1) фишек, которые мне прям нужны:
- Новые быстрые Modular Cont",переборки | приборки | прессовки | просфорки | переборка,LOW,SPELLING
2026-01-14-chego-ya-zhdu-ot-ls-dyna-r17.md:body,x86,"Чего я жду от LS-DYNA R17

Вот топ 7(+1) фишек, которые мне прям нужны:
- Новые быстрые Modular Cont",а | и | к | о | я,LOW,SPELLING
2026-01-14-chego-ya-zhdu-ot-ls-dyna-r17.md:body,пруфами,"Чего я жду от LS-DYNA R17

Вот топ 7(+1) фишек, которые мне прям нужны:
- Новые быстрые Modular Cont",пуфами | прудами | прутами | пру | пуф,LOW,SPELLING
2026-01-21-stochos-flow.md:body,демо,"Stochos Flow

А вот небольшое демо ИИ агента, которого разрабатывает компания PI Probaligence GmbH (",демон | дело | депо | немо | семо,LOW,SPELLING
2026-01-21-stochos-flow.md:body,что-то,"Stochos Flow

А вот небольшое демо ИИ агента, которого разрабатывает компания PI Probaligence GmbH (",ото | тот | что | фото | лото,LOW,SPELLING
2026-01-23-modelirovanie-betona-v-logos.md:body,бетонов,"Моделирование бетона в ЛОГОС

Буквально на прошлой неделе, коллеги опубликовали обзорную статью с оп",батонов | бетонок | бетоном | бутонов | кетонов,LOW,SPELLING
2026-01-23-modelirovanie-betona-v-logos.md:body,верификационных,"Моделирование бетона в ЛОГОС

Буквально на прошлой неделе, коллеги опубликовали обзорную статью с оп",сертификационных | тарификационных | сертификационный | тарификационный,LOW,SPELLING
2026-01-23-modelirovanie-betona-v-logos.md:body,наравится,"Моделирование бетона в ЛОГОС

Буквально на прошлой неделе, коллеги опубликовали обзорную статью с оп",направится | нравится | набавить,LOW,SPELLING
2026-01-23-modelirovanie-betona-v-logos.md:body,процитированли,"Моделирование бетона в ЛОГОС

Буквально на прошлой неделе, коллеги опубликовали обзорную статью с оп",процитировали | процитирован ли | процитирован-ли | процитировал | процитирован,LOW,SPELLING
2026-01-23-modelirovanie-betona-v-logos.md:body,бетонов,"Моделирование бетона в ЛОГОС

Буквально на прошлой неделе, коллеги опубликовали обзорную статью с оп",батонов | бетонок | бетоном | бутонов | кетонов,LOW,SPELLING
2026-01-23-modelirovanie-betona-v-logos.md:body,респект,"Моделирование бетона в ЛОГОС

Буквально на прошлой неделе, коллеги опубликовали обзорную статью с оп",аспект | проспект | распертый,LOW,SPELLING
2026-01-23-modelirovanie-betona-v-logos.md:body,коментах,"Моделирование бетона в ЛОГОС

Буквально на прошлой неделе, коллеги опубликовали обзорную статью с оп",кометах | моментах | ко ментах | ко-ментах | момент,LOW,SPELLING
2026-01-26-krusheniya-titanika-v-ls-dyna.md:title,Титаника,Крушения Титаника в LS-DYNA,Титанида | Титанита | Битник,LOW,SPELLING
2026-01-26-krusheniya-titanika-v-ls-dyna.md:body,Титаника,"Крушения Титаника в LS-DYNA

Возможно вы уже видели кучу роликов про моделирования Титаника в LS-DYN",Титанида | Титанита | Битник,LOW,SPELLING
2026-01-26-krusheniya-titanika-v-ls-dyna.md:body,Титаника,"Крушения Титаника в LS-DYNA

Возможно вы уже видели кучу роликов про моделирования Титаника в LS-DYN",Титанида | Титанита | Битник,LOW,SPELLING
2026-01-26-krusheniya-titanika-v-ls-dyna.md:body,Титаника,"Крушения Титаника в LS-DYNA

Возможно вы уже видели кучу роликов про моделирования Титаника в LS-DYN",Титанида | Титанита | Битник,LOW,SPELLING
2026-01-26-krusheniya-titanika-v-ls-dyna.md:body,Титаника,"Крушения Титаника в LS-DYNA

Возможно вы уже видели кучу роликов про моделирования Титаника в LS-DYN",Титанида | Титанита | Битник,LOW,SPELLING
2026-01-28-openai-prism-nauchnyy-redaktor-na-baz.md:body,наконец-то,OpenAI наконец-то пустила в дело наработки купленного стартапа Crixet и это очень хорошая попытка со,наконец | наконечный | наконечною | наконечное | наконечной,LOW,SPELLING
2026-01-28-openai-prism-nauchnyy-redaktor-na-baz.md:body,стартапа,OpenAI наконец-то пустила в дело наработки купленного стартапа Crixet и это очень хорошая попытка со,старта па | старта-па | сатрапа | старта | стартах,LOW,SPELLING
2026-01-28-openai-prism-nauchnyy-redaktor-na-baz.md:body,где-то,OpenAI наконец-то пустила в дело наработки купленного стартапа Crixet и это очень хорошая попытка со,одето | вдето | одетый | вдетый,LOW,SPELLING
2026-01-28-openai-prism-nauchnyy-redaktor-na-baz.md:body,копипаст,OpenAI наконец-то пустила в дело наработки купленного стартапа Crixet и это очень хорошая попытка со,копи паст | копи-паст | копиист | копииста | копиисте,LOW,SPELLING
2026-01-28-openai-prism-nauchnyy-redaktor-na-baz.md:body,чат,OpenAI наконец-то пустила в дело наработки купленного стартапа Crixet и это очень хорошая попытка со,чают | чает | част | ат | мчат,LOW,SPELLING
2026-01-28-openai-prism-nauchnyy-redaktor-na-baz.md:body,чата,OpenAI наконец-то пустила в дело наработки купленного стартапа Crixet и это очень хорошая попытка со,часта | дата | фата | хата | мата,LOW,SPELLING
2026-01-29-magnetronnoe-raspylenie-v-samadiiplasma.md:body,Сгенерированные,"Магнетронное распыление в samadii/plasma

Моделируемый процесс:
- В области возле танталовой (Ta) ми",Генерированные | Генерированное | Генерированных | Генерированный | Генерированным,LOW,SPELLING
2026-01-29-magnetronnoe-raspylenie-v-samadiiplasma.md:body,видеокарта,"Магнетронное распыление в samadii/plasma

Моделируемый процесс:
- В области возле танталовой (Ta) ми",видео карта | видео-карта,LOW,SPELLING
2026-01-30-the-evolutionary-flexibility-of-ls-dyna.md:body,Лукас,"The evolutionary flexibility of LS-DYNA

Большой пленарный доклад об истории с современном состоянии",Лука | Луках | Лукам | Лукав | Лук ас,LOW,SPELLING
2026-01-30-the-evolutionary-flexibility-of-ls-dyna.md:body,многофронтальный,"The evolutionary flexibility of LS-DYNA

Большой пленарный доклад об истории с современном состоянии",много фронтальный | много-фронтальный,LOW,SPELLING
2026-01-30-the-evolutionary-flexibility-of-ls-dyna.md:body,Лукас,"The evolutionary flexibility of LS-DYNA

Большой пленарный доклад об истории с современном состоянии",Лука | Луках | Лукам | Лукав | Лук ас,LOW,SPELLING
2026-01-30-the-evolutionary-flexibility-of-ls-dyna.md:body,Лукас,"The evolutionary flexibility of LS-DYNA

Большой пленарный доклад об истории с современном состоянии",Лука | Луках | Лукам | Лукав | Лук ас,LOW,SPELLING
2026-01-30-the-evolutionary-flexibility-of-ls-dyna.md:body,профайл,"The evolutionary flexibility of LS-DYNA

Большой пленарный доклад об истории с современном состоянии",про файл | про-файл | продай | продал | профан,LOW,SPELLING
2026-02-03-pzflex-solver.md:body,поглащена,"PZFlex solver

PZFlex это специализированный акустически решатель, разработанный Weidlinger Associat",поглажена | поглощена | позлащена,LOW,SPELLING
2026-02-04-𝗜𝗻𝘁𝗮𝗰𝘁𝗦𝗶𝗺𝘂𝗹𝗮𝘁𝗶𝗼𝗻-mcp.md:title,𝗜𝗻𝘁𝗮𝗰𝘁,𝗜𝗻𝘁𝗮𝗰𝘁.𝗦𝗶𝗺𝘂𝗹𝗮𝘁𝗶𝗼𝗻 MCP,а | и | к | о | я,LOW,SPELLING
2026-02-04-𝗜𝗻𝘁𝗮𝗰𝘁𝗦𝗶𝗺𝘂𝗹𝗮𝘁𝗶𝗼𝗻-mcp.md:title,𝗦𝗶𝗺𝘂𝗹𝗮𝘁𝗶𝗼𝗻,𝗜𝗻𝘁𝗮𝗰𝘁.𝗦𝗶𝗺𝘂𝗹𝗮𝘁𝗶𝗼𝗻 MCP,а | и | к | о | я,LOW,SPELLING
2026-02-04-𝗜𝗻𝘁𝗮𝗰𝘁𝗦𝗶𝗺𝘂𝗹𝗮𝘁𝗶𝗼𝗻-mcp.md:body,𝗜𝗻𝘁𝗮𝗰𝘁,"𝗜𝗻𝘁𝗮𝗰𝘁.𝗦𝗶𝗺𝘂𝗹𝗮𝘁𝗶𝗼𝗻 MCP

Коллеги из стартапа Intact Solution показали свой прототип MCP, который умеет",а | и | к | о | я,LOW,SPELLING
2026-02-04-𝗜𝗻𝘁𝗮𝗰𝘁𝗦𝗶𝗺𝘂𝗹𝗮𝘁𝗶𝗼𝗻-mcp.md:body,𝗦𝗶𝗺𝘂𝗹𝗮𝘁𝗶𝗼𝗻,"𝗜𝗻𝘁𝗮𝗰𝘁.𝗦𝗶𝗺𝘂𝗹𝗮𝘁𝗶𝗼𝗻 MCP

Коллеги из стартапа Intact Solution показали свой прототип MCP, который умеет",а | и | к | о | я,LOW,SPELLING
2026-02-04-𝗜𝗻𝘁𝗮𝗰𝘁𝗦𝗶𝗺𝘂𝗹𝗮𝘁𝗶𝗼𝗻-mcp.md:body,стартапа,"𝗜𝗻𝘁𝗮𝗰𝘁.𝗦𝗶𝗺𝘂𝗹𝗮𝘁𝗶𝗼𝗻 MCP

Коллеги из стартапа Intact Solution показали свой прототип MCP, который умеет",старта па | старта-па | сатрапа | старта | стартах,LOW,SPELLING
2026-02-04-𝗜𝗻𝘁𝗮𝗰𝘁𝗦𝗶𝗺𝘂𝗹𝗮𝘁𝗶𝗼𝗻-mcp.md:body,решалем,"𝗜𝗻𝘁𝗮𝗰𝘁.𝗦𝗶𝗺𝘂𝗹𝗮𝘁𝗶𝗼𝗻 MCP

Коллеги из стартапа Intact Solution показали свой прототип MCP, который умеет",решаем | решал ем | решал-ем | решаемый | решать,LOW,SPELLING
2026-02-04-𝗜𝗻𝘁𝗮𝗰𝘁𝗦𝗶𝗺𝘂𝗹𝗮𝘁𝗶𝗼𝗻-mcp.md:body,постпроцессин,"𝗜𝗻𝘁𝗮𝗰𝘁.𝗦𝗶𝗺𝘂𝗹𝗮𝘁𝗶𝗼𝗻 MCP

Коллеги из стартапа Intact Solution показали свой прототип MCP, который умеет",постпроцессор | постпроцессора | постпроцессоре | постпроцессору | постпроцессоры,LOW,SPELLING
2026-02-04-𝗜𝗻𝘁𝗮𝗰𝘁𝗦𝗶𝗺𝘂𝗹𝗮𝘁𝗶𝗼𝗻-mcp.md:body,сдюжу,"𝗜𝗻𝘁𝗮𝗰𝘁.𝗦𝗶𝗺𝘂𝗹𝗮𝘁𝗶𝗼𝗻 MCP

Коллеги из стартапа Intact Solution показали свой прототип MCP, который умеет",Суджу | сдружу | дюну | дюзу | дожу,LOW,SPELLING
2026-02-04-𝗜𝗻𝘁𝗮𝗰𝘁𝗦𝗶𝗺𝘂𝗹𝗮𝘁𝗶𝗼𝗻-mcp.md:body,дайны,"𝗜𝗻𝘁𝗮𝗰𝘁.𝗦𝗶𝗺𝘂𝗹𝗮𝘁𝗶𝗼𝗻 MCP

Коллеги из стартапа Intact Solution показали свой прототип MCP, который умеет",даны | тайны | ай,LOW,SPELLING
2026-02-04-𝗜𝗻𝘁𝗮𝗰𝘁𝗦𝗶𝗺𝘂𝗹𝗮𝘁𝗶𝗼𝗻-mcp.md:body,какой-то,"𝗜𝗻𝘁𝗮𝗰𝘁.𝗦𝗶𝗺𝘂𝗹𝗮𝘁𝗶𝗼𝗻 MCP

Коллеги из стартапа Intact Solution показали свой прототип MCP, который умеет",какой | какого | каково | каковой | какова,LOW,SPELLING
2026-02-05-vse-hotyat-druzhit-s-dzheysonom-huangom.md:title,Джейсоном,Все хотят дружить с Джейсоном Хуангом,Дейтоном | Дейтон | Дейтонам | Дейтонов,LOW,SPELLING
2026-02-05-vse-hotyat-druzhit-s-dzheysonom-huangom.md:title,Хуангом,Все хотят дружить с Джейсоном Хуангом,Хуаном | Хуан | Фанг,LOW,SPELLING
2026-02-05-vse-hotyat-druzhit-s-dzheysonom-huangom.md:body,Джейсоном,"Все хотят дружить с Джейсоном Хуангом

Итак, вслед за Ansys/Synopsys, Cadance и Siemens в любви-друж",Дейтоном | Дейтон | Дейтонам | Дейтонов,LOW,SPELLING
2026-02-05-vse-hotyat-druzhit-s-dzheysonom-huangom.md:body,Хуангом,"Все хотят дружить с Джейсоном Хуангом

Итак, вслед за Ansys/Synopsys, Cadance и Siemens в любви-друж",Хуаном | Хуан | Фанг,LOW,SPELLING
2026-02-09-beamng-beamngdrive-beamngtech.md:body,Пьер-Мишель,"BeamNG (BeamNG.drive / BeamNG.tech)
Пока мы все тут (я надеюсь) гонимся за высокой точностью и досто",Вермишель | Вермишелью | Вермишели,LOW,SPELLING
2026-02-09-beamng-beamngdrive-beamngtech.md:body,Фишер,"BeamNG (BeamNG.drive / BeamNG.tech)
Пока мы все тут (я надеюсь) гонимся за высокой точностью и досто",Фидер | Филер | Фишек,LOW,SPELLING
2026-02-09-beamng-beamngdrive-beamngtech.md:body,мультиплеер,"BeamNG (BeamNG.drive / BeamNG.tech)
Пока мы все тут (я надеюсь) гонимся за высокой точностью и досто",мультиплете | мультиплет | мультиплета | мультиплету | мультиплеты,LOW,SPELLING
2026-02-09-beamng-beamngdrive-beamngtech.md:body,Брайан,"BeamNG (BeamNG.drive / BeamNG.tech)
Пока мы все тут (я надеюсь) гонимся за высокой точностью и досто",Братан | Баран | Бархан | Барабан | Брахман,LOW,SPELLING
2026-02-09-beamng-beamngdrive-beamngtech.md:body,Бекман,"BeamNG (BeamNG.drive / BeamNG.tech)
Пока мы все тут (я надеюсь) гонимся за высокой точностью и досто",Бекона | Бекар | Бекас | Бекон | Декан,LOW,SPELLING
2026-02-09-beamng-beamngdrive-beamngtech.md:body,симуляторов,"BeamNG (BeamNG.drive / BeamNG.tech)
Пока мы все тут (я надеюсь) гонимся за высокой точностью и досто",стимуляторов | стимулятор | стимулятором,LOW,SPELLING
2026-02-09-beamng-beamngdrive-beamngtech.md:body,Фишера,"BeamNG (BeamNG.drive / BeamNG.tech)
Пока мы все тут (я надеюсь) гонимся за высокой точностью и досто",Фидера | Филера | Вишера,LOW,SPELLING
2026-02-09-beamng-beamngdrive-beamngtech.md:body,демо,"BeamNG (BeamNG.drive / BeamNG.tech)
Пока мы все тут (я надеюсь) гонимся за высокой точностью и досто",демон | дело | депо | немо | семо,LOW,SPELLING
2026-02-10-openludwig.md:body,стесняеется,"OpenLUDWIG

В свое посте про открытый решатель OpenLUDWIG не стесняеется гворить, что писал последню",стесняется | стесняетесь | стеснятся | стесняются | стесняемся,LOW,SPELLING
2026-02-10-openludwig.md:body,гворить,"OpenLUDWIG

В свое посте про открытый решатель OpenLUDWIG не стесняеется гворить, что писал последню",говорить | творить | гноить,LOW,SPELLING
2026-02-10-openludwig.md:body,солвере,"OpenLUDWIG

В свое посте про открытый решатель OpenLUDWIG не стесняеется гворить, что писал последню",солеваре | соверен | словаре | солевое | солевые,LOW,SPELLING
2026-02-10-openludwig.md:body,масштабируется,"OpenLUDWIG

В свое посте про открытый решатель OpenLUDWIG не стесняеется гворить, что писал последню",масштабирует | масштабируете | масштабируемая | масштабируемый | масштабировать,LOW,SPELLING
2026-02-10-openludwig.md:body,солвер,"OpenLUDWIG

В свое посте про открытый решатель OpenLUDWIG не стесняеется гворить, что писал последню",солевар | словес | совр | солемер | солитер,LOW,SPELLING
2026-02-10-openludwig.md:body,решётка,"OpenLUDWIG

В свое посте про открытый решатель OpenLUDWIG не стесняеется гворить, что писал последню",решетка | решка | решетках | решеткам | решета,LOW,SPELLING
2026-02-10-openludwig.md:body,даёт,"OpenLUDWIG

В свое посте про открытый решатель OpenLUDWIG не стесняеется гворить, что писал последню",дат | дают | дает | даст | давать,LOW,SPELLING
2026-02-10-openludwig.md:body,продвинутее,"OpenLUDWIG

В свое посте про открытый решатель OpenLUDWIG не стесняеется гворить, что писал последню",продвинутое | продвинутые | продвинут ее | продвинут-ее | подвинутый,LOW,SPELLING
2026-02-10-openludwig.md:body,солвер,"OpenLUDWIG

В свое посте про открытый решатель OpenLUDWIG не стесняеется гворить, что писал последню",солевар | словес | совр | солемер | солитер,LOW,SPELLING
2026-02-10-openludwig.md:body,пролёты,"OpenLUDWIG

В свое посте про открытый решатель OpenLUDWIG не стесняеется гворить, что писал последню",пролеты | пролиты | полет,LOW,SPELLING
2026-02-10-openludwig.md:body,Опциональная,"OpenLUDWIG

В свое посте про открытый решатель OpenLUDWIG не стесняеется гворить, что писал последню",Национальная | Рациональная | Национальный | Рациональный,LOW,SPELLING
2026-02-10-openludwig.md:body,Расчёт,"OpenLUDWIG

В свое посте про открытый решатель OpenLUDWIG не стесняеется гворить, что писал последню",Расчет | Раст | Расчета | Расчете | Расчету,LOW,SPELLING
2026-02-10-openludwig.md:body,солверов,"OpenLUDWIG

В свое посте про открытый решатель OpenLUDWIG не стесняеется гворить, что писал последню",солеваров | солемеров | солитеров | колеров | скверов,LOW,SPELLING
2026-02-11-hy3d-bench-22-terabayta-otbornoy-3d-g.md:title,терабайта,🌟 HY3D-Bench: 22 терабайта отборной 3D-геометрии.,мегабайта | тераватта | мегабайт | тераватт,LOW,SPELLING
2026-02-11-hy3d-bench-22-terabayta-otbornoy-3d-g.md:title,3D-геометрии,🌟 HY3D-Bench: 22 терабайта отборной 3D-геометрии.,Геометрии | Геометрию | Геометрий | Геометрия | Ареометрии,LOW,SPELLING
2026-02-11-hy3d-bench-22-terabayta-otbornoy-3d-g.md:body,терабайта,"🌟 HY3D-Bench: 22 терабайта отборной 3D-геометрии.

Tencent Hunyuan вывалили в опенсорс монструозный ",мегабайта | тераватта | мегабайт | тераватт,LOW,SPELLING
2026-02-11-hy3d-bench-22-terabayta-otbornoy-3d-g.md:body,3D-геометрии,"🌟 HY3D-Bench: 22 терабайта отборной 3D-геометрии.

Tencent Hunyuan вывалили в опенсорс монструозный ",Геометрии | Геометрию | Геометрий | Геометрия | Ареометрии,LOW,SPELLING
2026-02-11-hy3d-bench-22-terabayta-otbornoy-3d-g.md:body,Датасет,"🌟 HY3D-Bench: 22 терабайта отборной 3D-геометрии.

Tencent Hunyuan вывалили в опенсорс монструозный ",Дата сет | Дата-сет | Натает | Напасет | Запасет,LOW,SPELLING
2026-02-11-hy3d-bench-22-terabayta-otbornoy-3d-g.md:body,мешей,"🌟 HY3D-Bench: 22 терабайта отборной 3D-геометрии.

Tencent Hunyuan вывалили в опенсорс монструозный ",метшей | лешей | мелей | межей | мешай,LOW,SPELLING
2026-02-11-hy3d-bench-22-terabayta-otbornoy-3d-g.md:body,сканы,"🌟 HY3D-Bench: 22 терабайта отборной 3D-геометрии.

Tencent Hunyuan вывалили в опенсорс монструозный ",саны | сданы | скалы | скаты | станы,LOW,SPELLING
2026-02-11-hy3d-bench-22-terabayta-otbornoy-3d-g.md:body,сэмплы,"🌟 HY3D-Bench: 22 терабайта отборной 3D-геометрии.

Tencent Hunyuan вывалили в опенсорс монструозный ",смолы | Сэм | сопл | смола | Темпл,LOW,SPELLING
2026-02-11-hy3d-bench-22-terabayta-otbornoy-3d-g.md:body,мульти-вью,"🌟 HY3D-Bench: 22 терабайта отборной 3D-геометрии.

Tencent Hunyuan вывалили в опенсорс монструозный ",мультик | мультиков | мультика | мультике | мультики,LOW,SPELLING
2026-02-11-hy3d-bench-22-terabayta-otbornoy-3d-g.md:body,рендеры,"🌟 HY3D-Bench: 22 терабайта отборной 3D-геометрии.

Tencent Hunyuan вывалили в опенсорс монструозный ",рейдеры | тендеры | бедер,LOW,SPELLING
2026-02-11-hy3d-bench-22-terabayta-otbornoy-3d-g.md:body,Мёд,"🌟 HY3D-Bench: 22 терабайта отборной 3D-геометрии.

Tencent Hunyuan вывалили в опенсорс монструозный ",Мед | Мод | МИД | МВД,LOW,SPELLING
2026-02-11-hy3d-bench-22-terabayta-otbornoy-3d-g.md:body,робототехников,"🌟 HY3D-Bench: 22 терабайта отборной 3D-геометрии.

Tencent Hunyuan вывалили в опенсорс монструозный ",робототехникою | робототехникой | робототехника,LOW,SPELLING
2026-02-11-hy3d-bench-22-terabayta-otbornoy-3d-g.md:body,генерить,"🌟 HY3D-Bench: 22 терабайта отборной 3D-геометрии.

Tencent Hunyuan вывалили в опенсорс монструозный ",гневить | гневит | гневите | гневишь,LOW,SPELLING
2026-02-11-hy3d-bench-22-terabayta-otbornoy-3d-g.md:body,датасетах,"🌟 HY3D-Bench: 22 терабайта отборной 3D-геометрии.

Tencent Hunyuan вывалили в опенсорс монструозный ",дата сетах | дата-сетах,LOW,SPELLING
2026-02-11-hy3d-bench-22-terabayta-otbornoy-3d-g.md:body,3D-генераторов,"🌟 HY3D-Bench: 22 терабайта отборной 3D-геометрии.

Tencent Hunyuan вывалили в опенсорс монструозный ",Генераторов | Генератор | Генератором,LOW,SPELLING
2026-02-11-hy3d-bench-22-terabayta-otbornoy-3d-g.md:body,дотюненных,"🌟 HY3D-Bench: 22 терабайта отборной 3D-геометрии.

Tencent Hunyuan вывалили в опенсорс монструозный ",дотащенных | дочиненных | дотащенный | дочиненный,LOW,SPELLING
2026-02-11-hy3d-bench-22-terabayta-otbornoy-3d-g.md:body,Датасет,"🌟 HY3D-Bench: 22 терабайта отборной 3D-геометрии.

Tencent Hunyuan вывалили в опенсорс монструозный ",Дата сет | Дата-сет | Натает | Напасет | Запасет,LOW,SPELLING
2026-02-11-vdrug-komu-nado-potrenirovatsya-rabotat.md:title,всего-то,Вдруг кому надо потренироваться работать с геометрией - всего-то несколько десятков терабайт (!,всего | всегда,LOW,SPELLING
2026-02-11-vdrug-komu-nado-potrenirovatsya-rabotat.md:title,терабайт,Вдруг кому надо потренироваться работать с геометрией - всего-то несколько десятков терабайт (!,мегабайт | тераватт | мегабайта | мегабайте | мегабайту,LOW,SPELLING
2026-02-12-era-realtime-cfd.md:body,куда-то,"Эра Realtime CFD

В этом году можно наблюдать развитие GPU-native версий больших CFD решателей. Тепе",кудлатою | кудлатое | кудлатой | кудлатом | кудлатый,LOW,SPELLING
2026-02-12-era-realtime-cfd.md:body,Флюха,"Эра Realtime CFD

В этом году можно наблюдать развитие GPU-native версий больших CFD решателей. Тепе",Флюса | Плюха | Шлюха,LOW,SPELLING
2026-02-12-era-realtime-cfd.md:body,многофазка,"Эра Realtime CFD

В этом году можно наблюдать развитие GPU-native версий больших CFD решателей. Тепе",многофазная | многоглазка | многофазный,LOW,SPELLING
2026-02-12-era-realtime-cfd.md:body,как-то,"Эра Realtime CFD

В этом году можно наблюдать развитие GPU-native версий больших CFD решателей. Тепе",факто | какао | акт,LOW,SPELLING
2026-02-12-era-realtime-cfd.md:body,блоге,"Эра Realtime CFD

В этом году можно наблюдать развитие GPU-native версий больших CFD решателей. Тепе",боге | логе | благе | блохе | блоке,LOW,SPELLING
2026-02-12-era-realtime-cfd.md:body,слошинг,"Эра Realtime CFD

В этом году можно наблюдать развитие GPU-native версий больших CFD решателей. Тепе",слябинг | смокинг | блошиный,LOW,SPELLING
2026-02-12-era-realtime-cfd.md:body,Всего-то,"Эра Realtime CFD

В этом году можно наблюдать развитие GPU-native версий больших CFD решателей. Тепе",Всего | Всегда,LOW,SPELLING
2026-02-12-era-realtime-cfd.md:body,Амазоне,"Эра Realtime CFD

В этом году можно наблюдать развитие GPU-native версий больших CFD решателей. Тепе",Амазонке | Амазоните | Фармазоне | Мазне | Смазное,LOW,SPELLING
2026-02-19-dennis-chen-nauchit.md:body,Дэннис,"Dennis Chen научит

На своем канале DCFEA Дэннис Чен рассказывает про все фишки LS-DYNA. Ранее Дэнис",Денис | Денник | Донник | Теннис | Дионис,LOW,SPELLING
2026-02-19-dennis-chen-nauchit.md:body,Чен,"Dennis Chen научит

На своем канале DCFEA Дэннис Чен рассказывает про все фишки LS-DYNA. Ранее Дэнис",Челн | Член | Учен | Цен | Фен,LOW,SPELLING
2026-02-19-dennis-chen-nauchit.md:body,Дэнис,"Dennis Chen научит

На своем канале DCFEA Дэннис Чен рассказывает про все фишки LS-DYNA. Ранее Дэнис",Денис | Дуэний | Дениса | Денисе | Денису,LOW,SPELLING
2026-02-20-fetchcfd.md:body,что-то,"FetchCFD

Перефразируя классику:
- Вы считаете?
- Нет, мы показываем!
- Красивое!

FetchCFD - это чт",ото | тот | что | фото | лото,LOW,SPELLING
